{
  "mean": [
    0.4774559570020902,
    0.9176304324674033,
    10.0,
    0.4382553248730965,
    0.2764544563551309,
    -1.3922891394446104,
    16.61011356623868,
    -2.704271779038519,
    -226.49919101851296,
    7.978388841942868,
    6.034198437643078,
    0.04409276400915696,
    0.07355429481437245
  ],
  "scale": [
    0.49949150756074767,
    0.08963642078419401,
    1.0,
    0.2409447194983305,
    3.837509160378416,
    1.18793904117271,
    2.1120978606818666,
    7.315686347675792,
    825.4635160888076,
    3.8367795378080225,
    3.7101238068013096,
    0.2053012230143546,
    0.2610441735199865
  ]
}