{
  "mean": [
    0.46333479701409125,
    0.9161854696419305,
    10.0,
    0.42164666396551037,
    0.2720651406331085,
    -1.4654209485449683,
    17.214299027583728,
    -3.4001285533112453,
    -139.63357022074968,
    7.926186130493792,
    5.918109064548321,
    0.06231288172128857,
    0.07700291405532714
  ],
  "scale": [
    0.49865385077225866,
    0.09094438000309951,
    1.0,
    0.2293470033612224,
    3.8412602375864107,
    1.2343841661832402,
    1.8711069497095656,
    6.612248924824303,
    811.7074067627038,
    3.940871531453094,
    3.845890276294439,
    0.24172295400494612,
    0.2665960713932503
  ],
  "feature_names": [
    "spinType",
    "speed",
    "spinAmount",
    "timeSinceRelease",
    "ballPosX",
    "ballPosY",
    "ballVelX",
    "ballVelY",
    "ballAngularVel",
    "distanceToStumps",
    "distanceToPad",
    "hitPad",
    "reachedPad"
  ]
}