impactPosX,impactPosY,impactVelX,impactVelY,impactAngularVel,spinDirection,spinMagnitude,distanceToStumps,willHitStumps
6.060356,-2.447381,16.516060,5.193727,212.549000,0,10.000000,2.016831,1
6.072714,-2.755470,15.238660,5.464673,235.241200,0,10.000000,1.942737,1
5.980937,-2.981683,17.789130,6.063745,-1305.616000,1,10.000000,2.019146,1
6.017319,-2.424068,14.455390,4.943603,246.122100,0,10.000000,2.064636,1
6.101018,-2.879071,17.461780,5.847075,222.900800,0,10.000000,1.902828,1
6.243537,-2.133213,15.931380,4.706269,204.246600,0,10.000000,1.958694,0
6.127341,-2.016224,21.878910,-7.871941,-767.335700,1,10.000000,2.115340,1
6.012622,-2.439257,18.430350,5.807755,-1348.442000,1,10.000000,2.064971,1
6.174541,-2.929770,17.074750,5.718367,232.935100,0,10.000000,1.826809,1
6.140309,-3.153517,21.194050,-9.642226,-766.569100,1,10.000000,1.866016,1
6.015160,-2.241234,16.927180,5.292657,-1334.746000,1,10.000000,2.124927,0
6.387714,-1.859933,16.134660,4.586554,182.687100,0,10.000000,1.974644,0
6.422706,-1.928975,19.081980,5.586982,-1393.094000,1,10.000000,1.906554,0
6.128417,-3.192833,17.970570,6.361245,-1306.455000,1,10.000000,1.881490,1
6.069934,-2.574990,16.078820,5.228360,225.393500,0,10.000000,1.976307,1
5.489903,-2.249091,19.515480,-8.117805,-765.803200,1,10.000000,2.620009,1
5.497470,-2.873320,15.720050,5.740777,230.294100,0,10.000000,2.505734,1
5.614937,-2.180842,18.424550,5.806308,-1380.671000,1,10.000000,2.521814,0
5.429063,-2.822542,17.531020,6.081801,-1310.924000,1,10.000000,2.577054,1
5.371627,-2.975927,18.551860,6.307369,-1328.365000,1,10.000000,2.628483,1
5.508990,-2.810356,16.653900,5.654753,223.115100,0,10.000000,2.498218,1
5.682573,-3.163793,19.816530,-9.547030,-765.803200,1,10.000000,2.323208,1
5.449161,-2.102340,15.748920,4.906559,189.083000,0,10.000000,2.704178,0
5.444473,-3.260472,16.816860,-9.288998,761.985500,0,10.000000,2.568767,1
5.572798,-2.375953,17.796410,5.643772,-1350.550000,1,10.000000,2.506141,0
5.602369,-2.594755,19.094510,-8.585800,-765.038200,1,10.000000,2.431637,1
5.678916,-3.201689,17.853020,6.432746,-1296.721000,1,10.000000,2.329830,1
5.544643,-3.095644,15.751700,6.053092,235.962900,0,10.000000,2.457219,1
5.672368,-2.093579,17.967110,5.573432,-1376.233000,1,10.000000,2.497893,0
5.521586,-2.407449,14.986690,5.115431,217.570300,0,10.000000,2.548265,0
5.578849,-2.034295,18.967710,5.937455,-1408.116000,1,10.000000,2.606637,0
5.622705,-2.679326,16.825780,5.557971,215.331300,0,10.000000,2.398825,1
5.563481,-2.772104,20.263690,-9.027041,-766.569100,1,10.000000,2.447153,1
6.195284,-2.992972,19.838830,6.280735,-1326.129000,1,10.000000,1.804729,1
6.398690,-1.864972,14.652510,3.841722,210.048000,0,10.000000,1.962774,0
6.432981,-1.925391,16.617620,4.592316,182.967800,0,10.000000,1.900088,0
6.248018,-3.108125,19.482390,-9.278664,-764.273900,1,10.000000,1.755315,1
6.279303,-2.222394,15.976090,4.594791,213.532500,0,10.000000,1.888245,1
6.226225,-3.320410,17.402930,-9.314453,761.224200,0,10.000000,1.802481,1
6.253217,-3.260598,15.803330,6.089170,247.389300,0,10.000000,1.766115,1
6.277556,-2.802237,18.967950,-8.767169,-763.510300,1,10.000000,1.733760,1
6.219451,-2.080964,16.762460,4.934685,186.740200,0,10.000000,2.003742,0
6.199512,-2.612918,17.626890,5.650205,-1317.885000,1,10.000000,1.841627,1
6.364922,-3.219432,16.815430,6.205441,239.127000,0,10.000000,1.649737,1
6.239222,-2.317641,17.721170,5.277965,-1334.282000,1,10.000000,1.888373,1
6.025284,-3.034242,17.341750,5.928312,232.014000,0,10.000000,1.975013,1
5.842666,-2.289562,15.405570,5.013840,223.996600,0,10.000000,2.271302,0
5.844416,-2.069503,14.678370,4.409469,211.655700,0,10.000000,2.347844,0
6.006071,-3.246087,15.908430,6.136414,244.174100,0,10.000000,2.009057,1
5.688546,-2.490520,16.026840,5.136964,217.291500,0,10.000000,2.366937,1
5.885363,-2.254341,16.310940,4.945095,201.657200,0,10.000000,2.242253,0
5.824897,-2.042885,19.352160,5.924034,-1406.996000,1,10.000000,2.376372,0
5.962162,-2.290338,16.411990,4.897730,205.606400,0,10.000000,2.157871,0
5.867290,-2.249543,14.669940,4.679152,220.794600,0,10.000000,2.260892,0
5.796458,-3.092060,17.510330,6.211295,-1302.069000,1,10.000000,2.205464,1
5.935967,-3.017965,16.737480,5.896667,233.909100,0,10.000000,2.064111,1
6.038080,-1.946601,14.573100,4.032181,210.734800,0,10.000000,2.226832,0
5.780273,-2.862530,20.613360,-9.172891,-766.569100,1,10.000000,2.223980,1
5.935314,-1.947168,18.365220,5.560227,-1390.865000,1,10.000000,2.317625,0
5.858196,-2.365412,21.430340,-8.453922,-767.335700,1,10.000000,2.233837,1
5.927246,-2.992676,18.816820,6.194903,-1318.157000,1,10.000000,2.072767,1
6.099142,-3.245366,20.308060,6.585742,-1320.663000,1,10.000000,1.916629,1
5.610386,-3.180141,17.041070,-9.180442,761.985500,0,10.000000,2.396394,1
5.524917,-2.456915,17.725990,5.524708,-1340.603000,1,10.000000,2.533965,0
5.438027,-2.562665,18.711250,5.840269,-1352.691000,1,10.000000,2.599032,1
5.446236,-2.152189,18.748870,5.985928,-1396.428000,1,10.000000,2.690817,0
5.683947,-2.055816,15.634490,4.881648,190.397600,0,10.000000,2.501117,0
5.636701,-2.637891,19.635290,6.103534,-1359.658000,1,10.000000,2.390879,1
5.534325,-3.038531,18.991410,-9.258190,-765.038200,1,10.000000,2.465976,1
5.437114,-2.967271,16.524850,6.021327,224.203800,0,10.000000,2.563095,1
5.522120,-2.478468,17.190110,5.654193,-1334.836000,1,10.000000,2.532170,0
5.418956,-2.789784,18.263170,-8.810515,-764.273900,1,10.000000,2.589590,1
5.736100,-2.033253,18.619910,5.794487,-1395.430000,1,10.000000,2.461675,0
5.703096,-2.983069,20.371860,6.499809,-1346.056000,1,10.000000,2.296966,1
5.586796,-2.644213,16.775910,5.606739,-1314.246000,1,10.000000,2.439291,1
5.425714,-3.197236,18.273110,-9.409710,764.273900,0,10.000000,2.581831,1
5.434133,-3.003942,17.523450,6.100870,-1309.497000,1,10.000000,2.565871,1
5.586984,-3.039084,17.226350,5.981745,-1298.731000,1,10.000000,2.413333,1
5.524295,-3.230229,20.873830,-9.895287,-767.335700,1,10.000000,2.486387,1
5.615389,-2.248391,16.854730,5.374145,183.185900,0,10.000000,2.500257,0
5.474046,-3.063673,17.065010,5.946617,-1295.781000,1,10.000000,2.526756,1
5.533576,-2.957945,16.673660,5.737527,232.090000,0,10.000000,2.466783,1
5.739162,-2.204205,17.525600,5.537281,-1356.688000,1,10.000000,2.396806,0
5.801596,-3.038541,18.626440,6.125413,-1312.322000,1,10.000000,2.198742,1
5.541323,-2.469102,16.739270,5.319392,203.573100,0,10.000000,2.515342,1
5.780132,-2.986473,20.613120,-9.372799,-766.569100,1,10.000000,2.219909,1
5.771724,-2.957063,16.989980,6.041299,-1292.649000,1,10.000000,2.228689,1
5.719715,-2.073174,16.551990,5.038547,178.850000,0,10.000000,2.461444,0
5.515681,-2.632752,20.101580,6.241975,-1372.014000,1,10.000000,2.511317,1
5.529169,-2.767039,15.776240,5.590969,226.936900,0,10.000000,2.481789,1
5.562082,-3.213547,18.232640,6.478283,-1310.091000,1,10.000000,2.447253,1
5.642164,-2.982982,15.471440,5.851010,236.221000,0,10.000000,2.357898,1
5.583790,-2.574927,16.785220,5.433194,209.905000,0,10.000000,2.453316,1
5.531047,-2.479939,16.725000,5.304340,204.830700,0,10.000000,2.523131,1
5.764750,-2.072081,14.225920,4.108993,220.113100,0,10.000000,2.420202,0
5.732079,-2.335504,15.266390,4.946934,215.799600,0,10.000000,2.363265,0
5.516317,-2.215044,16.265320,5.083066,190.914200,0,10.000000,2.604772,0
5.529370,-3.219205,18.983900,-9.531938,-765.038200,1,10.000000,2.480335,1
5.525054,-2.666114,16.225500,5.505946,218.924700,0,10.000000,2.497366,1
5.648746,-2.271857,16.432030,5.251275,192.679300,0,10.000000,2.461420,0
5.446869,-2.801646,18.858900,-8.899272,-765.038200,1,10.000000,2.560824,1
5.447164,-3.039563,16.076930,5.867480,236.359800,0,10.000000,2.553143,1
5.576963,-3.102209,14.562050,5.940010,243.188300,0,10.000000,2.425192,1
5.584268,-3.162261,14.961490,5.894735,247.752800,0,10.000000,2.421176,1
5.746654,-2.223149,16.576580,5.072114,-1332.144000,1,10.000000,2.383499,0
5.663024,-2.044199,14.450470,4.437340,209.336500,0,10.000000,2.524878,0
5.598497,-2.973792,19.531370,6.407631,-1337.550000,1,10.000000,2.401646,1
5.611600,-2.483628,18.982460,5.963765,-1363.019000,1,10.000000,2.443582,1
5.483892,-2.490449,21.523960,-8.764818,-768.103100,1,10.000000,2.567185,1
5.462434,-2.305070,18.762040,5.989848,-1380.994000,1,10.000000,2.631001,0
5.660380,-3.020975,17.856170,6.075821,-1307.393000,1,10.000000,2.339714,1
6.240615,-3.192150,17.892730,-9.196671,761.985500,0,10.000000,1.769846,1
5.977182,-2.472013,19.553680,5.981914,-1364.537000,1,10.000000,2.090589,1
6.206595,-2.283127,18.193360,5.424535,-1347.278000,1,10.000000,1.931375,0
6.215334,-3.014931,18.354640,-9.009795,762.747500,0,10.000000,1.784728,1
6.100041,-2.438795,14.945370,4.710108,234.049300,0,10.000000,1.981109,1
6.216228,-2.682266,19.914040,5.916423,-1343.228000,1,10.000000,1.811849,1
6.104516,-2.824595,17.994810,5.705443,-1307.391000,1,10.000000,1.903583,1
6.290531,-2.316848,19.448180,5.600239,-1363.471000,1,10.000000,1.840919,1
6.237791,-2.831115,18.734350,5.774218,-1313.917000,1,10.000000,1.770283,1
6.105143,-2.774641,17.481890,5.704356,218.958400,0,10.000000,1.908211,1
6.353170,-3.034167,20.085520,6.216370,-1320.724000,1,10.000000,1.647184,1
6.079931,-2.406738,17.999930,5.497681,-1337.581000,1,10.000000,2.009633,1
6.086813,-2.541876,19.828510,-8.505681,-765.038200,1,10.000000,1.967273,1
6.002961,-2.672385,20.226030,6.047899,-1355.000000,1,10.000000,2.023734,1
5.857777,-2.812848,18.368260,-8.782329,763.510300,0,10.000000,2.150383,1
6.083158,-2.956237,17.949960,5.804116,-1299.754000,1,10.000000,1.917342,1
6.051909,-2.994516,16.894160,5.928354,231.248400,0,10.000000,1.948099,1
5.907425,-2.835876,18.439190,-8.815226,763.510300,0,10.000000,2.099001,1
6.100543,-2.526081,19.734910,6.143336,-1367.143000,1,10.000000,1.957687,1
5.851589,-2.833382,18.899400,-8.874629,-764.273900,1,10.000000,2.154862,1
6.023771,-2.532371,14.461880,4.817300,240.204000,0,10.000000,2.030802,1
5.906474,-3.006076,18.437830,-9.058370,-763.510300,1,10.000000,2.093535,1
5.974679,-2.198732,16.007220,4.698421,205.660000,0,10.000000,2.178062,0
5.815588,-3.047081,19.881520,6.289425,-1327.624000,1,10.000000,2.184919,1
5.899476,-2.419888,14.680430,4.992390,232.098600,0,10.000000,2.179159,1
6.041543,-2.470566,16.938660,5.479650,197.311400,0,10.000000,2.028757,1
6.095652,-1.980731,17.545600,5.269293,-1365.104000,1,10.000000,2.159966,0
5.645593,-1.874302,17.950120,5.448389,-1397.259000,1,10.000000,2.609679,0
5.288165,-3.069665,20.480280,-9.627680,-767.335700,1,10.000000,2.712730,1
5.474014,-2.852063,18.344140,-8.902102,764.273900,0,10.000000,2.530314,1
5.498206,-2.870105,16.624540,5.859528,221.856200,0,10.000000,2.505164,1
5.354369,-3.234964,18.494050,6.519733,-1314.344000,1,10.000000,2.656044,1
5.319702,-2.242649,16.926370,5.482362,-1352.104000,1,10.000000,2.785243,0
5.432735,-3.299906,16.357340,-9.287286,761.224200,0,10.000000,2.584723,1
5.534333,-2.087038,16.765990,5.121645,172.689900,0,10.000000,2.629261,0
5.442642,-3.226422,21.452840,-10.033740,-768.103100,1,10.000000,2.567362,1
5.414844,-3.138396,18.025250,6.278226,-1309.223000,1,10.000000,2.588858,1
5.456528,-1.929129,15.781190,4.682949,176.193800,0,10.000000,2.759713,0
5.475050,-2.038598,20.121060,-7.843965,-766.569100,1,10.000000,2.701789,1
5.588674,-2.308333,18.959290,5.984749,-1380.568000,1,10.000000,2.508564,0
5.373158,-2.704280,17.675950,-8.627230,763.510300,0,10.000000,2.643435,1
5.344936,-2.426887,18.154330,-8.276840,764.273900,0,10.000000,2.716215,1
5.353502,-2.168277,19.302360,-7.991532,-765.803200,1,10.000000,2.774116,1
5.423162,-2.357868,16.575160,5.473883,190.665500,0,10.000000,2.655641,0
6.010252,-2.532671,15.588640,5.226676,224.133100,0,10.000000,2.043892,1
5.998337,-2.959265,14.736070,5.476850,249.395700,0,10.000000,2.002078,1
5.996003,-2.657580,15.970230,5.396774,226.542500,0,10.000000,2.033041,1
5.829888,-2.299474,15.402030,4.741216,217.136700,0,10.000000,2.280378,0
6.023703,-2.508085,18.446650,5.706538,-1339.977000,1,10.000000,2.036597,1
5.927152,-3.094173,18.801470,6.345232,-1314.854000,1,10.000000,2.074986,1
5.850226,-2.264709,18.216770,5.559808,-1359.332000,1,10.000000,2.272043,0
6.117165,-2.500235,17.526010,5.536935,-1324.266000,1,10.000000,1.948033,1
5.827395,-2.425260,15.781040,5.155070,215.018200,0,10.000000,2.247340,1
6.147391,-3.260896,17.299210,-9.236145,761.224200,0,10.000000,1.870889,1
6.038839,-2.800748,20.270320,6.112376,-1344.550000,1,10.000000,1.971257,1
6.094533,-2.493572,15.309780,4.955271,230.192400,0,10.000000,1.971617,1
5.974751,-3.197771,18.535370,-9.332219,-763.510300,1,10.000000,2.034883,1
5.859550,-2.673768,18.756930,5.824629,-1334.778000,1,10.000000,2.165168,1
6.098559,-2.984909,18.712230,-9.028130,-763.510300,1,10.000000,1.901500,1
6.280124,-1.934702,19.455470,5.718176,-1404.786000,1,10.000000,2.023075,0
6.369816,-3.266440,21.564220,-9.824360,-766.569100,1,10.000000,1.651814,1
6.400284,-1.871993,14.289700,3.992671,212.503300,0,10.000000,1.957419,0
6.408065,-2.090993,15.743450,4.451555,208.911800,0,10.000000,1.833180,0
6.442654,-3.212712,20.194480,6.554502,-1317.269000,1,10.000000,1.571806,1
6.404969,-1.875612,15.017540,3.897714,206.159300,0,10.000000,1.951505,0
6.224001,-2.578390,15.454670,5.120363,232.265300,0,10.000000,1.825357,1
6.319893,-3.128750,18.499860,-9.167877,-762.747500,1,10.000000,1.685033,1
6.358792,-2.979523,14.798310,5.428248,252.715300,0,10.000000,1.641336,1
6.251605,-3.273324,17.907580,-9.306366,-761.985500,1,10.000000,1.769631,1
6.266729,-2.516088,15.922730,4.980348,228.856400,0,10.000000,1.799555,1
6.387743,-2.087574,16.123370,4.528614,203.258400,0,10.000000,1.852538,0
6.330125,-2.138640,14.878520,4.509458,218.366000,0,10.000000,1.878942,0
5.983389,-3.104262,15.079790,5.939222,243.254600,0,10.000000,2.019305,1
6.136579,-3.202521,19.103350,6.504558,-1299.726000,1,10.000000,1.874394,1
6.235682,-2.215778,19.365080,5.753374,-1376.253000,1,10.000000,1.930757,0
6.131013,-2.813904,18.758600,-8.783837,-763.510300,1,10.000000,1.878229,1
5.948013,-2.833776,16.783070,5.559359,230.347200,0,10.000000,2.058708,1
6.336079,-2.021968,18.401920,5.325898,-1370.582000,1,10.000000,1.930073,0
6.133821,-2.427274,19.198480,5.678175,-1354.189000,1,10.000000,1.952086,1
6.026122,-2.557925,14.818350,5.098792,233.311000,0,10.000000,2.022776,1
6.244403,-3.011264,17.897850,-8.952229,761.985500,0,10.000000,1.755633,1
6.249124,-2.807759,18.751010,5.808565,-1316.796000,1,10.000000,1.761398,1
6.056049,-2.734241,17.413710,5.760468,-1311.239000,1,10.000000,1.962033,1
6.039631,-2.115829,19.687680,5.810059,-1397.493000,1,10.000000,2.150536,0
5.962939,-2.233774,17.337440,5.394446,-1344.004000,1,10.000000,2.176400,0
6.077802,-2.902567,20.319060,6.230110,-1338.546000,1,10.000000,1.924666,1
6.121530,-2.656388,14.919160,5.259407,235.765200,0,10.000000,1.909639,1
6.085356,-2.723619,20.345350,6.236777,-1354.975000,1,10.000000,1.934489,1
6.222528,-2.751081,19.910230,6.082047,-1341.243000,1,10.000000,1.794817,1
6.088350,-2.218859,15.737390,4.599212,213.164400,0,10.000000,2.065088,0
5.982194,-2.633481,18.372270,5.788734,-1331.009000,1,10.000000,2.050823,1
6.322930,-1.900890,15.651080,4.454410,192.913500,0,10.000000,2.005145,0
6.175746,-1.999971,16.704930,5.041453,195.366100,0,10.000000,2.080375,0
6.307781,-3.266575,20.644580,6.551532,-1317.785000,1,10.000000,1.713087,1
6.154878,-2.637366,18.626220,5.783020,-1330.530000,1,10.000000,1.880420,1
6.005315,-2.861478,14.760380,5.300230,248.263300,0,10.000000,1.999489,1
6.100719,-2.694640,20.370130,6.283518,-1358.892000,1,10.000000,1.923671,1
5.980811,-3.203005,16.641810,-9.116244,760.463700,0,10.000000,2.029369,1
6.043411,-2.204710,16.083300,4.931480,202.031800,0,10.000000,2.112044,0
6.080112,-2.343370,17.014950,5.154634,200.745400,0,10.000000,2.029071,1
6.304147,-2.006272,18.907630,5.473310,-1383.625000,1,10.000000,1.965557,0
6.190414,-2.178023,16.283810,4.724971,203.448500,0,10.000000,1.987523,0
5.973677,-3.129114,17.763500,6.158361,-1297.620000,1,10.000000,2.030433,1
6.048008,-2.681098,20.387520,-8.792819,-765.803200,1,10.000000,1.977870,1
6.032720,-2.556014,16.925090,5.383496,213.299400,0,10.000000,2.016758,1
5.994266,-2.950782,20.169710,6.444746,-1340.666000,1,10.000000,2.006338,1
6.175987,-2.084193,18.707730,5.587236,-1377.384000,1,10.000000,2.041011,0
6.306115,-1.842637,15.631900,4.510852,182.474100,0,10.000000,2.051521,0
6.150898,-2.207574,18.658930,5.643829,-1366.345000,1,10.000000,2.011744,0
6.285976,-2.695621,19.389290,6.066199,-1339.150000,1,10.000000,1.740840,1
6.185241,-2.221933,19.288650,5.744048,-1375.474000,1,10.000000,1.974523,0
6.307047,-3.168850,19.377070,6.232085,-1305.344000,1,10.000000,1.701353,1
6.230720,-1.857394,15.938420,4.589727,182.423200,0,10.000000,2.106158,0
6.140794,-1.991685,15.049270,4.272042,207.315900,0,10.000000,2.115029,0
6.109414,-3.064762,14.855290,5.652281,250.630900,0,10.000000,1.891695,1
6.305232,-2.621042,15.944630,5.386156,228.790800,0,10.000000,1.736620,1
5.976346,-2.520529,15.546090,5.241831,222.865700,0,10.000000,2.079680,1
6.203193,-2.233639,15.099310,4.454101,223.734600,0,10.000000,1.953413,0
6.254130,-1.874163,15.578230,4.265918,192.838800,0,10.000000,2.077395,0
6.127957,-2.985346,17.740490,-8.917205,761.985500,0,10.000000,1.872100,1
6.375627,-3.025125,17.331620,5.886992,234.721500,0,10.000000,1.624568,1
6.265896,-3.251809,21.396610,-9.800761,-766.569100,1,10.000000,1.752291,1
6.319177,-3.292393,20.001560,6.429999,-1306.794000,1,10.000000,1.706065,1
6.263888,-3.085155,17.924180,-9.052082,761.985500,0,10.000000,1.738199,1
6.128868,-2.157177,16.631350,5.072942,190.997000,0,10.000000,2.052191,0
6.117883,-2.950753,19.717880,6.346703,-1331.668000,1,10.000000,1.882761,1
6.253144,-1.943149,16.818300,4.886000,-1347.410000,1,10.000000,2.041676,0
6.309232,-2.189729,17.336830,5.117273,-1335.909000,1,10.000000,1.874896,0
6.198724,-2.687058,15.021620,5.224044,238.725700,0,10.000000,1.828258,1
6.234594,-2.062923,18.245380,5.498627,-1369.232000,1,10.000000,1.998692,0
6.379362,-2.688695,19.113380,-8.604966,-763.510300,1,10.000000,1.650266,1
6.236078,-2.914840,15.036330,5.531089,244.846000,0,10.000000,1.765976,1
6.280395,-2.070163,18.322370,5.257048,-1364.847000,1,10.000000,1.954901,0
6.145049,-3.037158,15.296830,5.713424,246.255000,0,10.000000,1.855323,1
6.059212,-2.872195,20.289080,6.279097,-1342.655000,1,10.000000,1.944991,1
5.679904,-3.016809,17.359160,6.013637,-1300.715000,1,10.000000,2.320156,1
5.832652,-2.999218,19.272210,6.270976,-1325.309000,1,10.000000,2.167349,1
5.658636,-2.609188,16.419580,5.311639,219.308900,0,10.000000,2.373757,1
5.825980,-2.236406,18.744320,5.722121,-1373.644000,1,10.000000,2.304222,0
5.870859,-2.743420,16.239890,5.340913,231.979400,0,10.000000,2.144546,1
5.673392,-2.926763,21.122330,-9.389509,-767.335700,1,10.000000,2.327760,1
5.737435,-2.124225,14.923730,4.410677,212.313500,0,10.000000,2.426145,0
5.941157,-2.888717,17.973840,-8.834498,-762.747500,1,10.000000,2.061848,1
5.710003,-2.246856,16.514800,5.285060,189.859300,0,10.000000,2.410666,0
5.685745,-3.151152,18.435700,6.258900,-1307.598000,1,10.000000,2.319186,1
5.798769,-2.832767,17.056370,5.623625,-1299.771000,1,10.000000,2.207574,1
5.791285,-2.025171,16.210590,4.778078,184.019400,0,10.000000,2.414273,0
5.957418,-1.970628,16.873340,5.176604,182.686200,0,10.000000,2.287302,0
5.914699,-3.103304,17.172870,6.138138,230.337900,0,10.000000,2.087859,1
5.888237,-2.939121,19.373740,6.071498,-1324.476000,1,10.000000,2.112640,1
5.733821,-2.222894,19.829530,6.020993,-1400.120000,1,10.000000,2.395717,0
5.906540,-2.092794,14.741690,4.608317,206.868300,0,10.000000,2.281578,0
5.851249,-2.391934,16.692990,5.342743,200.860100,0,10.000000,2.233131,1
5.914574,-2.518129,17.244630,5.512080,203.307600,0,10.000000,2.140374,1
5.752640,-3.159987,19.322190,-9.442214,-765.038200,1,10.000000,2.253048,1
5.729695,-3.199350,16.318220,-9.111392,760.463700,0,10.000000,2.279041,1
5.914482,-2.819885,15.439570,5.425938,239.246200,0,10.000000,2.093281,1
5.767089,-2.929219,14.831940,5.543215,244.587000,0,10.000000,2.234033,1
5.835629,-3.007300,17.078340,5.965732,228.872000,0,10.000000,2.164383,1
5.783000,-2.292235,16.613450,5.223738,194.977700,0,10.000000,2.327234,0
5.824976,-2.707254,19.925380,6.263173,-1357.187000,1,10.000000,2.194637,1
5.913488,-2.245149,15.506670,4.809146,211.472500,0,10.000000,2.218858,0
5.707370,-2.309612,16.982480,5.289117,-1335.212000,1,10.000000,2.394324,0
5.905505,-2.985533,14.622700,5.445398,252.034100,0,10.000000,2.094545,1
5.875247,-2.483238,20.766540,-8.561128,-766.569100,1,10.000000,2.186691,1
6.256470,-3.231474,20.561820,6.608146,-1322.548000,1,10.000000,1.758828,1
5.967362,-2.397418,16.406480,5.003892,212.565900,0,10.000000,2.120075,1
6.137682,-2.183017,14.642320,4.455948,222.823400,0,10.000000,2.033639,0
5.949281,-2.904810,20.885940,-9.241084,-766.569100,1,10.000000,2.052927,1
6.219187,-2.699023,18.172500,5.607348,-1315.060000,1,10.000000,1.806068,1
6.103164,-3.010147,20.473700,-9.306958,-765.803200,1,10.000000,1.896863,1
6.297873,-3.113575,19.555710,-9.286678,-764.273900,1,10.000000,1.705912,1
6.169600,-2.671428,17.096610,5.498591,220.213000,0,10.000000,1.859656,1
6.060503,-3.014062,19.628230,6.247784,-1323.362000,1,10.000000,1.939548,1
6.013478,-2.137821,15.249790,4.631214,209.739600,0,10.000000,2.165554,0
5.959869,-2.221427,16.864720,5.074439,191.633500,0,10.000000,2.183646,0
6.043181,-2.189234,16.518600,5.030760,194.514100,0,10.000000,2.118131,0
6.213394,-3.152400,18.351940,-9.200726,762.747500,0,10.000000,1.793095,1
5.336344,-2.430985,17.448680,5.562842,-1343.788000,1,10.000000,2.723755,0
5.460884,-2.217307,19.389300,6.030006,-1400.873000,1,10.000000,2.657013,0
5.369793,-1.929475,15.243350,4.811202,180.502500,0,10.000000,2.839720,0
5.324808,-3.303897,15.373360,-9.202480,759.704000,0,10.000000,2.692398,1
5.443905,-3.181160,17.777010,-9.308490,763.510300,0,10.000000,2.562507,1
5.420307,-2.843602,14.800650,5.393923,241.929100,0,10.000000,2.584430,1
5.409140,-2.711006,20.681910,-9.029913,-767.335700,1,10.000000,2.606928,1
5.475238,-2.272647,18.212890,5.667209,-1369.061000,1,10.000000,2.627445,0
5.477398,-2.812793,17.098930,5.722304,218.217100,0,10.000000,2.529539,1
5.240899,-2.275000,15.462970,4.917911,203.923700,0,10.000000,2.852764,0
5.268221,-2.850723,17.833010,6.115685,-1327.417000,1,10.000000,2.735854,1
5.309536,-2.347235,16.911850,5.332952,187.386900,0,10.000000,2.768519,0
5.517001,-1.838804,14.677660,4.308671,189.288200,0,10.000000,2.741106,0
5.373268,-2.096463,16.083820,5.007073,181.471500,0,10.000000,2.777787,0
5.172481,-2.437387,21.736580,-8.786895,-768.871200,1,10.000000,2.882950,1
5.538732,-2.702341,19.591780,-8.826011,-765.803200,1,10.000000,2.479202,1
5.443032,-2.913266,17.035500,5.865501,222.117800,0,10.000000,2.558439,1
5.349253,-2.406530,19.184710,6.215625,-1384.848000,1,10.000000,2.716370,0
5.716084,-2.878233,17.425580,5.915550,-1309.101000,1,10.000000,2.287159,1
5.886710,-3.000527,18.409590,-9.050441,-763.510300,1,10.000000,2.113290,1
5.979949,-3.203130,18.295540,6.434194,-1294.468000,1,10.000000,2.030238,1
6.069937,-1.934714,16.588310,4.675601,-1345.644000,1,10.000000,2.204535,0
5.895818,-2.723431,17.696680,5.849964,-1319.501000,1,10.000000,2.122280,1
5.736629,-3.283000,15.561330,6.088963,248.166500,0,10.000000,2.280995,1
6.005601,-1.914127,17.929820,5.479957,-1383.415000,1,10.000000,2.270847,0
5.847673,-2.759074,14.569390,5.421581,238.094100,0,10.000000,2.165769,1
5.785631,-2.559908,19.977560,-8.603459,-765.803200,1,10.000000,2.257679,1
6.020258,-3.033972,18.083700,-9.036242,762.747500,0,10.000000,1.980033,1
5.875517,-2.132396,18.831150,5.644270,-1382.904000,1,10.000000,2.294812,0
5.781519,-2.158920,14.602050,4.302815,220.531000,0,10.000000,2.372567,0
6.024247,-3.190666,17.835740,6.070429,-1290.229000,1,10.000000,1.984931,1
5.761461,-2.517230,16.558530,5.435907,208.916100,0,10.000000,2.290005,1
5.788388,-2.688849,16.581360,5.475222,221.496800,0,10.000000,2.233392,1
5.831165,-2.762553,14.953340,5.171226,243.905600,0,10.000000,2.181794,1
5.971525,-2.713292,18.530760,-8.640105,763.510300,0,10.000000,2.048637,1
5.702798,-2.050649,18.569450,5.768129,-1393.232000,1,10.000000,2.485639,0
5.621953,-2.049624,16.887680,5.173609,-1357.134000,1,10.000000,2.560921,0
5.535215,-3.243577,18.992760,-9.568867,-765.038200,1,10.000000,2.476791,1
5.663350,-3.204710,18.976830,6.567005,-1318.321000,1,10.000000,2.345600,1
5.630762,-2.731989,15.501140,5.301270,234.537600,0,10.000000,2.384349,1
5.662957,-3.193190,17.844730,6.127250,-1295.768000,1,10.000000,2.345014,1
5.681909,-2.208623,18.526030,5.764216,-1377.157000,1,10.000000,2.449454,0
5.669871,-2.887492,20.331050,6.367748,-1350.858000,1,10.000000,2.332843,1
5.557545,-2.269224,18.326670,5.905707,-1374.826000,1,10.000000,2.549435,0
5.600952,-3.100563,14.592030,5.942073,243.015000,0,10.000000,2.401155,1
5.715858,-2.949060,17.938060,6.189936,-1304.908000,1,10.000000,2.284709,1
5.699965,-2.291261,19.843700,-8.183697,-765.803200,1,10.000000,2.406755,1
5.708742,-2.639848,14.430330,5.000173,241.558800,0,10.000000,2.319391,1
5.738676,-2.629777,18.014160,5.794180,-1331.465000,1,10.000000,2.291430,1
5.756932,-2.149211,15.717100,4.993584,196.181800,0,10.000000,2.398999,0
5.624423,-2.774348,18.386940,5.946915,-1329.154000,1,10.000000,2.386270,1
5.913956,-2.492758,16.777730,5.206494,-1311.728000,1,10.000000,2.146829,1
5.653385,-2.400558,19.770920,-8.354472,-765.803200,1,10.000000,2.421969,1
5.842432,-2.576057,17.634970,5.783325,-1323.022000,1,10.000000,2.198824,1
5.790132,-2.599184,17.058320,5.669279,-1319.482000,1,10.000000,2.245923,1
5.631031,-2.662330,14.708800,5.015231,241.057700,0,10.000000,2.392913,1
5.728817,-2.862604,14.799730,5.332108,246.350100,0,10.000000,2.275335,1
5.633701,-2.555637,15.519220,5.253512,222.648500,0,10.000000,2.407661,1
5.791930,-2.091335,16.649580,5.014005,180.894200,0,10.000000,2.387728,0
5.885246,-2.546259,17.708850,5.557350,-1326.736000,1,10.000000,2.162883,1
5.855513,-2.782120,14.968900,5.431664,238.007400,0,10.000000,2.155527,1
5.805265,-2.595736,18.125420,5.577640,-1329.197000,1,10.000000,2.231656,1
5.830043,-2.055678,19.360200,5.904045,-1405.330000,1,10.000000,2.366528,0
5.918534,-2.176624,14.394440,4.221467,226.543000,0,10.000000,2.238403,0
5.995076,-2.468849,17.369480,5.319744,-1321.952000,1,10.000000,2.074088,1
5.715342,-2.703487,18.699040,-8.683606,-764.273900,1,10.000000,2.303819,1
5.909063,-2.879762,15.418000,5.642437,237.023000,0,10.000000,2.094391,1
5.839848,-3.280661,18.089150,6.312825,-1295.406000,1,10.000000,2.178309,1
6.034018,-2.816685,17.894100,5.716743,-1308.338000,1,10.000000,1.974510,1
5.900205,-2.847446,20.806790,-9.148561,-766.569100,1,10.000000,2.105329,1
5.833273,-2.459545,17.144760,5.332667,202.464100,0,10.000000,2.233114,1
5.970743,-3.200832,17.250710,6.002681,241.723300,0,10.000000,2.039171,1
5.972539,-2.147579,16.437570,4.847033,194.041400,0,10.000000,2.199368,0
6.060850,-3.016524,20.277110,6.338709,-1331.763000,1,10.000000,1.939220,1
5.947033,-2.786281,17.262290,5.688189,220.313200,0,10.000000,2.064061,1
5.806177,-2.508050,19.921680,6.051883,-1371.154000,1,10.000000,2.248305,1
6.035213,-2.536403,15.236990,4.902984,234.561000,0,10.000000,2.018740,1
6.162035,-2.811234,17.072290,5.589820,227.794400,0,10.000000,1.847633,1
5.854805,-2.650803,17.148140,5.597587,212.014900,0,10.000000,2.173431,1
6.140235,-2.515906,17.070390,5.437697,208.766400,0,10.000000,1.921737,1
6.062791,-2.944398,15.610940,5.561728,243.793000,0,10.000000,1.938006,1
5.922186,-3.202906,15.801440,6.187237,242.605900,0,10.000000,2.087698,1
5.857964,-2.505604,15.015630,4.939832,231.482400,0,10.000000,2.198351,1
6.030237,-2.728027,17.902570,5.565916,-1311.592000,1,10.000000,1.988450,1
6.118614,-2.861458,17.486210,5.871536,220.848900,0,10.000000,1.886480,1
5.962628,-3.284431,19.062700,-9.537937,-764.273900,1,10.000000,2.057131,1
5.968898,-2.768359,20.263910,-8.929164,-765.803200,1,10.000000,2.044268,1
5.816370,-2.315166,18.717490,5.848036,-1368.380000,1,10.000000,2.288501,0
5.894154,-2.954080,17.908550,-8.925280,-762.747500,1,10.000000,2.106347,1
5.885506,-3.186226,16.200380,5.933922,245.979200,0,10.000000,2.122679,1
6.038867,-2.478551,14.480430,4.879884,234.975300,0,10.000000,2.029273,1
5.723122,-2.596726,19.143570,6.050081,-1354.417000,1,10.000000,2.312316,1
5.857312,-2.371734,16.713870,5.116305,203.944500,0,10.000000,2.232898,1
5.954864,-3.137790,15.444570,5.926910,245.048400,0,10.000000,2.049773,1
5.852652,-1.947736,17.711320,5.431944,-1379.416000,1,10.000000,2.391310,0
5.700458,-3.181255,19.680680,6.375857,-1318.959000,1,10.000000,2.306675,1
5.843170,-2.190558,14.291790,4.445853,223.664200,0,10.000000,2.303717,0
5.781724,-3.035216,17.003480,5.926959,232.127600,0,10.000000,2.218555,1
5.720451,-2.374860,18.572160,5.757591,-1360.824000,1,10.000000,2.363714,0
5.891597,-2.895285,15.396020,5.623020,238.651700,0,10.000000,2.111001,1
5.721071,-2.570235,18.707460,-8.487646,-764.273900,1,10.000000,2.319098,1
5.881491,-2.616359,18.402140,-8.501629,763.510300,0,10.000000,2.152965,1
5.872287,-2.776339,18.762480,5.943899,-1328.901000,1,10.000000,2.139436,1
5.738445,-2.363373,17.013050,5.466238,-1334.191000,1,10.000000,2.349452,0
5.945813,-2.451293,19.504670,6.014289,-1367.244000,1,10.000000,2.126209,1
6.017133,-3.126776,20.995380,-9.599094,-766.569100,1,10.000000,1.986915,1
5.733494,-3.092275,17.207430,-9.061704,761.985500,0,10.000000,2.268384,1
5.883048,-2.947221,18.749850,6.263777,-1323.940000,1,10.000000,2.117610,1
5.712320,-2.415953,15.646380,4.909678,219.669000,0,10.000000,2.361057,1
5.679216,-2.665171,19.811290,-8.767931,-765.803200,1,10.000000,2.344813,1
5.884028,-3.068146,18.405770,-9.147039,763.510300,0,10.000000,2.117069,1
5.686872,-1.966974,16.989080,5.063587,-1363.712000,1,10.000000,2.533318,0
5.645594,-2.565979,15.130570,5.184731,227.641000,0,10.000000,2.394077,1
5.673157,-2.484226,16.006590,5.145247,216.599400,0,10.000000,2.383322,1
5.702764,-3.170505,16.407030,5.996763,241.458700,0,10.000000,2.303555,1
5.588617,-2.545166,15.461170,5.266900,221.528900,0,10.000000,2.453903,1
5.727194,-2.149654,16.550280,5.171430,183.546100,0,10.000000,2.426672,0
5.870421,-2.953508,18.386320,-8.983272,763.510300,0,10.000000,2.130086,1
5.572484,-2.369889,19.049230,-8.245094,-765.038200,1,10.000000,2.507962,1
5.839561,-2.732514,18.342230,-8.667565,-763.510300,1,10.000000,2.176934,1
5.692535,-3.299865,16.377460,6.136931,245.652300,0,10.000000,2.326867,1
5.642421,-3.136306,18.959800,6.360274,-1316.884000,1,10.000000,2.361516,1
5.403628,-2.168866,17.560000,5.700752,-1371.096000,1,10.000000,2.726157,0
5.578165,-1.966704,15.521700,4.539351,187.370800,0,10.000000,2.633056,0
5.618494,-1.879607,15.573390,4.651093,178.083200,0,10.000000,2.631892,0
5.510887,-2.912613,18.200690,6.021912,-1319.551000,1,10.000000,2.490647,1
5.326438,-2.609910,17.609210,-8.492415,763.510300,0,10.000000,2.701870,1
5.315566,-2.245671,14.752070,4.807195,211.635200,0,10.000000,2.788405,0
5.524964,-2.214957,19.570260,-8.064471,-765.803200,1,10.000000,2.596555,1
5.541486,-2.941531,17.681210,6.193663,-1299.352000,1,10.000000,2.459209,1
5.252107,-2.441201,19.675240,6.302242,-1392.859000,1,10.000000,2.804135,0
5.323283,-2.347897,19.876270,-8.342835,-766.569100,1,10.000000,2.755005,1
5.424024,-1.992340,18.158340,5.630847,-1397.512000,1,10.000000,2.766050,0
5.575246,-3.181564,19.478730,6.375360,-1318.917000,1,10.000000,2.431542,1
5.452391,-2.233379,14.533460,4.756067,215.139400,0,10.000000,2.660455,0
5.226048,-2.365132,20.376750,-8.453455,-767.335700,1,10.000000,2.845675,1
5.389851,-2.709808,18.220370,-8.692903,764.273900,0,10.000000,2.626231,1
5.607200,-1.871974,14.054360,4.115237,203.837100,0,10.000000,2.645361,0
5.903482,-2.913222,16.708450,5.740730,231.059300,0,10.000000,2.098313,1
5.854669,-2.931303,18.721570,5.993594,-1317.176000,1,10.000000,2.146431,1
6.146279,-3.184983,15.280430,5.840982,251.511800,0,10.000000,1.862928,1
6.093524,-2.466410,18.549320,5.767825,-1345.103000,1,10.000000,1.979740,1
6.028835,-2.175977,14.174630,4.169243,230.132100,0,10.000000,2.136471,0
5.895677,-2.322284,15.881450,5.029766,209.645800,0,10.000000,2.210764,0
6.297990,-1.914403,17.837860,5.136602,-1369.787000,1,10.000000,2.018752,0
6.161123,-2.890502,17.545250,5.831197,224.232600,0,10.000000,1.842134,1
6.023381,-2.302495,20.349040,-8.201249,-765.803200,1,10.000000,2.096077,1
5.966323,-2.049963,16.429400,4.975475,183.342400,0,10.000000,2.244641,0
6.124127,-2.156531,16.625110,5.073792,190.926200,0,10.000000,2.056778,0
6.133760,-2.797937,20.521510,-8.975379,-765.803200,1,10.000000,1.877147,1
6.108890,-2.720912,16.539050,5.652131,237.393400,0,10.000000,1.911593,1
6.172566,-2.405402,19.871610,5.833079,-1367.896000,1,10.000000,1.921734,1
6.053193,-3.275119,17.349480,6.214243,-1285.585000,1,10.000000,1.966151,1
6.164482,-2.096357,18.690810,5.569348,-1375.893000,1,10.000000,2.045898,0
6.154788,-2.117792,15.832180,4.490842,206.401600,0,10.000000,2.045262,0
6.057797,-3.163725,16.427080,5.963529,243.490700,0,10.000000,1.949091,1
5.785732,-2.686828,17.052200,5.547552,216.203600,0,10.000000,2.236305,1
5.806702,-3.027191,17.038160,5.938106,-1294.303000,1,10.000000,2.193467,1
5.770392,-2.441562,21.284000,-8.580838,-767.335700,1,10.000000,2.298479,1
5.651615,-2.485867,19.169120,-8.420817,-765.038200,1,10.000000,2.404006,1
5.718008,-2.764838,16.024720,5.593864,226.694300,0,10.000000,2.294077,1
5.970788,-1.869988,16.446660,4.983126,-1336.307000,1,10.000000,2.322634,0
5.599393,-2.368827,16.832520,5.206872,197.147400,0,10.000000,2.482195,0
5.722816,-2.612813,16.978310,5.380576,214.305600,0,10.000000,2.309866,1
5.929959,-3.176342,17.701050,6.090891,-1291.949000,1,10.000000,2.077538,1
5.933211,-3.092740,16.718450,6.101852,232.625800,0,10.000000,2.068869,1
5.756303,-2.276358,20.574690,-8.227449,-766.569100,1,10.000000,2.357506,1
5.655496,-2.556530,18.460990,5.737393,-1343.322000,1,10.000000,2.386077,1
5.886856,-2.533594,15.052940,4.905991,234.309700,0,10.000000,2.164004,1
5.643458,-2.708542,15.517560,5.331347,232.019600,0,10.000000,2.374497,1
5.467898,-2.026716,17.666420,5.671760,-1384.432000,1,10.000000,2.712715,0
5.675902,-3.263982,18.108440,-9.426806,-763.510300,1,10.000000,2.339042,1
5.567778,-2.576038,16.762980,5.431652,210.034000,0,10.000000,2.468896,1
5.627281,-2.953137,17.284290,6.111105,-1298.734000,1,10.000000,2.373182,1
5.337884,-2.396869,19.818200,6.376129,-1399.038000,1,10.000000,2.729584,0
5.336741,-2.794689,20.561240,-9.169385,-767.335700,1,10.000000,2.671161,1
5.533688,-3.030270,16.490650,-8.932583,761.224200,0,10.000000,2.466498,1
5.625333,-2.246741,16.412630,5.040232,194.485700,0,10.000000,2.491274,0
5.551651,-2.281945,18.328670,5.653121,-1367.885000,1,10.000000,2.551473,0
5.422146,-2.539512,15.246740,5.273995,220.935400,0,10.000000,2.618660,1
5.353413,-3.080955,15.499600,6.069880,238.898400,0,10.000000,2.647825,1
5.432424,-2.908820,14.799940,5.603794,240.264500,0,10.000000,2.569195,1
5.602008,-2.670950,17.290820,5.647453,208.603100,0,10.000000,2.420462,1
5.321955,-2.482934,18.669630,-8.416374,-765.038200,1,10.000000,2.727505,1
5.454569,-2.163081,18.193340,5.597778,-1379.028000,1,10.000000,2.679487,0
5.371144,-2.477933,19.873640,6.241022,-1387.739000,1,10.000000,2.680193,0
5.362924,-3.303310,20.472210,6.680569,-1330.175000,1,10.000000,2.654462,1
5.818295,-2.079759,15.022910,4.465007,207.792300,0,10.000000,2.367843,0
5.700759,-2.369699,19.764190,6.024399,-1384.646000,1,10.000000,2.384070,0
5.790235,-3.301293,17.485720,6.226871,239.610000,0,10.000000,2.230211,1
5.705526,-2.205184,16.521000,5.096390,189.803100,0,10.000000,2.428239,0
5.878416,-3.162919,18.161580,6.171768,-1299.510000,1,10.000000,2.127831,1
6.019553,-2.005432,18.489100,5.474546,-1383.728000,1,10.000000,2.216154,0
5.842926,-2.773679,19.954330,6.156035,-1348.209000,1,10.000000,2.168915,1
5.790887,-3.206077,15.218460,6.157677,248.305600,0,10.000000,2.218704,1
6.069880,-2.908521,20.306280,6.220506,-1337.741000,1,10.000000,1.932287,1
5.965120,-2.126829,17.352610,5.300184,-1351.923000,1,10.000000,2.214309,0
5.838634,-1.944498,14.686090,4.327526,202.703400,0,10.000000,2.405324,0
5.975321,-2.707974,16.833970,5.449378,-1300.311000,1,10.000000,2.045630,1
5.740737,-2.736496,18.003390,5.913363,-1325.578000,1,10.000000,2.274578,1
6.054780,-3.169445,18.131650,-9.224400,762.747500,0,10.000000,1.952587,1
6.010746,-2.615791,15.576660,5.380406,219.835500,0,10.000000,2.026018,1
5.892776,-2.078348,21.487970,-7.975481,-767.335700,1,10.000000,2.299964,1
5.937507,-2.795506,15.069970,5.415466,239.364700,0,10.000000,2.072606,1
5.842752,-3.060565,17.591730,5.951056,230.867000,0,10.000000,2.158098,1
5.907431,-1.989424,16.363410,4.825113,180.105300,0,10.000000,2.323814,0
6.085141,-2.726221,20.345000,6.232580,-1354.623000,1,10.000000,1.934332,1
5.941060,-2.816834,16.318200,5.525448,232.427500,0,10.000000,2.067071,1
5.962062,-3.251396,15.851870,6.129597,244.747700,0,10.000000,2.053385,1
5.822964,-2.483880,17.117400,5.559649,-1326.166000,1,10.000000,2.237380,1
5.945841,-1.937675,15.981870,4.800688,181.377300,0,10.000000,2.312596,0
5.907476,-3.148252,17.927060,-9.194965,762.747500,0,10.000000,2.097769,1
5.906677,-2.747703,18.247410,5.896883,-1324.197000,1,10.000000,2.108472,1
6.008121,-3.023371,18.939360,6.148396,-1314.252000,1,10.000000,1.992016,1
5.866463,-3.136644,14.923320,5.898748,246.656500,0,10.000000,2.137908,1
6.027909,-2.734135,17.388560,5.481848,221.704100,0,10.000000,1.989932,1
5.925637,-2.609600,15.482170,5.130423,232.182900,0,10.000000,2.110781,1
6.040224,-2.874061,18.111430,-8.814143,-762.747500,1,10.000000,1.963819,1
5.754785,-2.252549,14.546180,4.428453,225.871100,0,10.000000,2.366363,0
5.883783,-2.316499,17.227500,5.279550,-1334.414000,1,10.000000,2.223858,0
6.024679,-2.949138,21.707810,-9.426801,-767.335700,1,10.000000,1.975976,1
5.793212,-2.227355,17.602820,5.504210,-1353.928000,1,10.000000,2.338139,0
5.728367,-2.653661,14.830920,5.026226,240.138200,0,10.000000,2.297884,1
5.956192,-2.595065,20.897090,-8.741494,-766.569100,1,10.000000,2.083536,1
5.828042,-3.177035,17.052520,6.035733,-1286.550000,1,10.000000,2.179161,1
5.790417,-3.274476,15.216970,6.071278,248.894700,0,10.000000,2.226565,1
5.710553,-2.929877,15.574660,5.620323,239.637700,0,10.000000,2.290520,1
5.924520,-3.072675,17.201800,5.874933,236.496100,0,10.000000,2.076751,1
5.784801,-2.061562,15.763790,4.874280,191.011200,0,10.000000,2.405779,0
5.961054,-2.505938,16.385400,5.116679,218.986300,0,10.000000,2.097951,1
5.790679,-2.062714,16.198280,4.958697,184.740000,0,10.000000,2.399918,0
5.928356,-2.152510,20.852200,-8.027694,-766.569100,1,10.000000,2.238292,1
5.824224,-2.187623,15.814330,4.712664,204.473700,0,10.000000,2.322490,0
5.692060,-2.632790,21.153440,-8.899552,-767.335700,1,10.000000,2.336970,1
5.939652,-2.222114,20.870420,-8.139958,-766.569100,1,10.000000,2.202304,1
5.968357,-2.833356,20.142540,6.341741,-1347.910000,1,10.000000,2.038466,1
5.778647,-2.832913,17.028420,5.623424,225.740500,0,10.000000,2.227628,1
5.803257,-3.099680,17.018090,6.143170,229.915000,0,10.000000,2.199003,1
5.818316,-2.085379,14.646850,4.390496,213.234700,0,10.000000,2.365644,0
5.904383,-3.127887,18.199760,6.223284,-1303.840000,1,10.000000,2.099515,1
5.886153,-3.052471,15.373830,5.725980,245.959800,0,10.000000,2.114498,1
5.681428,-2.403910,19.733010,5.969221,-1380.036000,1,10.000000,2.393971,0
5.851859,-3.284163,16.592750,6.158153,243.866900,0,10.000000,2.166855,1
5.970749,-2.709452,20.266800,-8.837122,-765.803200,1,10.000000,2.049946,1
5.732964,-2.378261,17.018030,5.193769,-1327.254000,1,10.000000,2.350747,0
5.757372,-2.958637,16.969850,6.042947,235.405900,0,10.000000,2.243009,1
5.531125,-2.478318,17.722270,5.750314,-1343.638000,1,10.000000,2.523390,0
5.308753,-2.755129,18.649630,-8.828792,-765.038200,1,10.000000,2.702364,1
5.364133,-2.816183,15.994050,5.583133,228.354900,0,10.000000,2.642268,1
5.360968,-2.774155,20.601620,-9.135161,-767.335700,1,10.000000,2.648679,1
5.560745,-3.305861,17.678710,6.275766,-1292.288000,1,10.000000,2.458356,1
5.416207,-2.542401,17.038800,5.562861,199.823400,0,10.000000,2.624002,1
5.517724,-2.195288,17.739690,5.423860,-1363.761000,1,10.000000,2.609455,0
5.299969,-3.017209,16.621340,-8.960235,761.985500,0,10.000000,2.700086,1
5.340162,-2.688854,16.916760,5.621878,210.744200,0,10.000000,2.677975,1
5.275776,-2.658455,17.872410,5.847830,-1336.720000,1,10.000000,2.745551,1
5.364442,-3.120720,18.734010,-9.382720,-765.038200,1,10.000000,2.638321,1
5.373279,-2.310761,17.503000,5.739642,-1358.560000,1,10.000000,2.715642,0
5.504725,-2.177957,15.822030,4.807063,197.370900,0,10.000000,2.627194,0
5.371162,-2.335702,18.744190,-8.193295,-765.038200,1,10.000000,2.711472,1
5.546060,-1.960154,21.631150,-7.850515,-768.103100,1,10.000000,2.665164,1
5.473316,-2.562533,18.184960,5.728297,-1342.561000,1,10.000000,2.564276,1
5.633828,-2.759279,20.377150,-9.006356,-766.569100,1,10.000000,2.378385,1
5.651551,-1.975028,19.081310,6.030062,-1415.837000,1,10.000000,2.562378,0
5.309865,-2.052191,15.565630,4.972544,183.586600,0,10.000000,2.852222,0
5.380568,-2.701081,16.961350,5.881047,-1316.244000,1,10.000000,2.636432,1
5.436563,-2.196422,15.720420,5.021304,195.302800,0,10.000000,2.686438,0
5.271338,-2.601022,17.865690,5.934851,-1344.005000,1,10.000000,2.757677,1
5.560680,-2.722440,18.290350,6.025564,-1335.745000,1,10.000000,2.455060,1
5.470622,-2.575975,19.367420,6.203397,-1368.018000,1,10.000000,2.564673,1
5.361623,-2.997921,17.168930,-8.986171,762.747500,0,10.000000,2.638377,1
5.492081,-2.189666,18.820500,5.927371,-1391.540000,1,10.000000,2.635584,0
5.653770,-1.844026,16.040760,4.795194,167.652000,0,10.000000,2.615544,0
5.535845,-3.211827,17.642090,6.414052,-1303.923000,1,10.000000,2.473243,1
5.400980,-1.885260,16.592010,5.177080,152.339500,0,10.000000,2.827994,0
5.467733,-2.003801,17.677600,5.476945,-1383.928000,1,10.000000,2.721174,0
5.537097,-3.234776,16.942020,-9.254272,761.985500,0,10.000000,2.474068,1
5.301516,-2.487282,18.638670,-8.422962,-765.038200,1,10.000000,2.746761,1
5.393917,-2.564267,16.061850,5.372344,214.232000,0,10.000000,2.642259,1
5.457376,-3.029897,17.041190,5.994869,-1299.833000,1,10.000000,2.542800,1
6.265299,-2.316568,18.277230,5.376762,-1343.291000,1,10.000000,1.864475,1
6.127273,-2.878140,18.012990,5.915683,-1309.112000,1,10.000000,1.876688,1
6.452530,-1.875058,15.809130,4.485910,190.294700,0,10.000000,1.913154,0
6.105885,-3.154256,20.477960,-9.532129,-765.803200,1,10.000000,1.900386,1
6.247970,-2.441990,15.899280,5.072968,221.117900,0,10.000000,1.838745,1
6.333055,-2.120625,15.267020,4.349873,216.615100,0,10.000000,1.884677,0
6.086533,-2.439528,14.551260,4.661856,237.319200,0,10.000000,1.993862,1
6.297005,-2.137058,16.420460,4.777491,199.073700,0,10.000000,1.909152,0
6.266855,-2.042111,15.972260,4.585441,198.529400,0,10.000000,1.980238,0
6.223843,-2.291168,19.347140,5.639147,-1366.719000,1,10.000000,1.912375,1
6.147977,-2.646682,16.178770,5.136819,232.407800,0,10.000000,1.885423,1
6.131850,-3.115921,16.986880,6.070526,235.258800,0,10.000000,1.871743,1
6.160966,-2.306249,18.661360,5.746276,-1359.114000,1,10.000000,1.965537,0
5.665319,-2.482896,15.996280,5.146997,216.453300,0,10.000000,2.391261,1
5.880288,-2.308167,14.672640,4.851941,218.811900,0,10.000000,2.229756,0
5.886622,-3.327947,20.135350,-9.803522,-765.803200,1,10.000000,2.138671,1
5.897993,-2.635883,18.425710,-8.529519,-763.510300,1,10.000000,2.133311,1
5.948249,-2.067898,19.544900,5.884952,-1403.738000,1,10.000000,2.253552,0
5.690485,-3.037638,18.662490,-9.175006,-764.273900,1,10.000000,2.309821,1
5.671060,-2.292515,15.593480,5.067931,206.460300,0,10.000000,2.434029,0
5.888798,-2.829702,18.412580,-8.806405,763.510300,0,10.000000,2.118060,1
5.686156,-2.668202,18.123090,-8.575690,763.510300,0,10.000000,2.337512,1
5.923547,-2.762010,18.462220,-8.709702,763.510300,0,10.000000,2.090047,1
5.647922,-2.336429,15.986170,5.084140,205.867900,0,10.000000,2.443890,0
5.810423,-2.526494,19.281530,6.143944,-1366.329000,1,10.000000,2.240191,1
5.942420,-2.900643,15.872890,5.657906,236.485100,0,10.000000,2.059978,1
5.899522,-2.011367,15.134290,4.319592,204.121200,0,10.000000,2.321508,0
6.041351,-2.040801,16.528120,4.987530,182.338200,0,10.000000,2.180910,0
5.916751,-2.805054,15.854510,5.489930,234.643400,0,10.000000,2.092350,1
6.189028,-2.396245,15.838560,4.871166,222.123600,0,10.000000,1.908963,1
6.038153,-2.562176,14.832950,5.093773,233.730800,0,10.000000,2.010108,1
6.076309,-3.131912,19.637610,6.368371,-1317.534000,1,10.000000,1.928209,1
6.314737,-2.208618,18.359870,5.290492,-1351.878000,1,10.000000,1.861826,0
6.280594,-3.206592,15.853600,5.841058,252.264400,0,10.000000,1.731773,1
6.004921,-3.024527,20.186890,6.325801,-1330.679000,1,10.000000,1.995230,1
6.272132,-2.275124,17.274440,5.246861,-1330.924000,1,10.000000,1.873759,0
6.023844,-2.629337,17.382910,5.627400,209.519000,0,10.000000,2.010618,1
6.215166,-2.580441,15.443840,5.117856,232.475000,0,10.000000,1.833484,1
6.208117,-2.182790,15.874960,4.887095,204.973000,0,10.000000,1.969436,0
6.277156,-3.067191,17.198550,5.830146,239.494800,0,10.000000,1.724153,1
6.059263,-2.954383,16.459250,5.634116,239.241300,0,10.000000,1.941273,1
6.114339,-2.211601,15.373120,4.541299,217.229400,0,10.000000,2.043842,0
6.407536,-2.798967,20.949290,-8.976989,-765.803200,1,10.000000,1.605103,1
6.257493,-3.323568,21.383060,-9.916501,-766.569100,1,10.000000,1.772294,1
6.249703,-3.255482,18.142110,6.292315,-1292.917000,1,10.000000,1.768844,1
6.190259,-2.264107,18.170020,5.451706,-1349.546000,1,10.000000,1.953637,0
6.166384,-2.069651,17.643830,5.145793,-1354.817000,1,10.000000,2.056137,0
5.803045,-3.195665,14.843560,5.826707,252.711500,0,10.000000,2.205651,1
5.916180,-2.797912,19.417240,6.293361,-1324.116000,1,10.000000,2.093597,1
6.011253,-3.094414,15.930840,6.015437,238.367300,0,10.000000,1.990987,1
5.742272,-2.142922,16.582480,4.944291,-1337.270000,1,10.000000,2.414937,0
5.727085,-3.117348,20.396730,6.578160,-1336.730000,1,10.000000,2.275942,1
5.838287,-2.546894,20.059830,-8.583124,-765.803200,1,10.000000,2.208689,1
5.893516,-2.769339,17.693390,5.784380,-1314.006000,1,10.000000,2.119075,1
5.872826,-2.053763,14.341860,4.364176,214.667400,0,10.000000,2.328140,0
5.971413,-2.780826,17.296040,5.696712,-1305.871000,1,10.000000,2.040393,1
5.766742,-2.926002,17.497940,5.847310,223.643900,0,10.000000,2.234483,1
5.725842,-2.886756,18.526370,6.061088,-1322.837000,1,10.000000,2.276976,1
6.006966,-3.076864,17.576990,-9.040879,761.985500,0,10.000000,1.994516,1
5.950740,-2.015499,16.408890,5.020823,179.564900,0,10.000000,2.273480,0
5.741865,-2.679047,18.018850,5.721724,-1325.399000,1,10.000000,2.280830,1
5.910888,-2.082381,16.810330,5.026104,179.886300,0,10.000000,2.281757,0
5.814465,-2.057588,15.801820,4.879375,190.586900,0,10.000000,2.380064,0
5.724127,-3.010137,14.762270,5.744570,243.639800,0,10.000000,2.275895,1
6.084484,-2.423170,18.006430,5.474206,-1335.620000,1,10.000000,2.000484,1
6.139554,-3.214767,16.845580,-9.131351,760.463700,0,10.000000,1.872801,1
6.224215,-2.015391,19.370760,5.595922,-1394.603000,1,10.000000,2.030484,0
6.103579,-2.750289,21.134810,-8.991856,-766.569100,1,10.000000,1.912791,1
6.015495,-2.812858,19.140440,-8.844446,-764.273900,1,10.000000,1.993309,1
6.119841,-2.769884,17.502300,5.710964,218.404600,0,10.000000,1.894189,1
6.191403,-2.820491,17.111970,5.577311,-1295.128000,1,10.000000,1.817484,1
6.263250,-1.998046,15.967760,4.640523,193.945700,0,10.000000,2.005047,0
6.400426,-2.777573,21.613600,-9.035863,-766.569100,1,10.000000,1.614964,1
6.101737,-2.135034,19.773080,6.012733,-1398.665000,1,10.000000,2.086041,0
6.079779,-3.015636,18.472940,6.083673,-1308.053000,1,10.000000,1.920285,1
6.086089,-2.609360,16.983660,5.582640,-1311.467000,1,10.000000,1.953370,1
6.219655,-2.748545,18.159300,5.814087,-1316.495000,1,10.000000,1.798015,1
6.151545,-2.545436,14.993360,4.845296,238.622600,0,10.000000,1.903527,1
6.128815,-2.858247,19.892150,-8.985031,-765.038200,1,10.000000,1.876547,1
6.111015,-2.969866,18.209750,-8.947205,-762.747500,1,10.000000,1.889225,1
5.995502,-2.270145,18.990100,5.907218,-1372.844000,1,10.000000,2.133237,0
6.069567,-1.967257,16.576740,4.854279,-1344.771000,1,10.000000,2.189322,0
5.886614,-3.198001,17.133860,6.006613,241.392800,0,10.000000,2.122641,1
5.995278,-2.776765,15.541150,5.479900,234.724100,0,10.000000,2.017113,1
5.868696,-2.829571,18.757050,5.863244,-1322.142000,1,10.000000,2.138108,1
6.112134,-2.664304,19.737750,6.218239,-1335.633000,1,10.000000,1.917480,1
5.887406,-2.787820,20.013480,6.400966,-1355.441000,1,10.000000,2.123223,1
5.896392,-3.155541,19.996700,6.417331,-1322.445000,1,10.000000,2.109351,1
5.874530,-2.334646,15.053820,4.888386,219.927400,0,10.000000,2.227177,0
6.164762,-2.724951,18.626950,5.930342,-1327.001000,1,10.000000,1.855734,1
6.186430,-2.982531,18.629780,6.132357,-1312.141000,1,10.000000,1.813654,1
5.905512,-3.096043,17.160110,6.148223,-1296.005000,1,10.000000,2.096689,1
5.826786,-2.627545,14.949580,5.330348,232.381600,0,10.000000,2.204900,1
5.883650,-3.306175,16.635720,6.128405,246.369700,0,10.000000,2.138383,1
6.091719,-1.968514,14.275520,3.941766,217.487000,0,10.000000,2.169216,0
5.684339,-2.147445,16.504180,4.938179,187.210300,0,10.000000,2.467617,0
5.587530,-3.019593,18.511080,-9.148470,-764.273900,1,10.000000,2.412549,1
5.764646,-3.232389,15.597530,6.153865,242.705900,0,10.000000,2.247401,1
5.782579,-2.246205,14.205850,4.629378,224.187300,0,10.000000,2.342042,0
5.623842,-2.347668,16.866470,5.236261,194.694400,0,10.000000,2.464075,0
5.851550,-2.724059,16.214490,5.366387,229.846800,0,10.000000,2.166098,1
5.861339,-2.219712,16.731560,5.076757,-1332.531000,1,10.000000,2.276559,0
5.844004,-3.098962,17.578260,6.201435,225.780500,0,10.000000,2.158266,1
5.847227,-1.881225,15.070650,4.478329,190.925100,0,10.000000,2.426126,0
5.585627,-3.194483,20.160970,6.449602,-1325.924000,1,10.000000,2.422193,1
5.798072,-2.825828,19.232850,6.248518,-1339.325000,1,10.000000,2.208806,1
5.631878,-2.144273,19.665100,6.147803,-1410.704000,1,10.000000,2.517989,0
5.737371,-2.495676,16.539100,5.202550,212.573000,0,10.000000,2.318152,1
5.860760,-2.019894,16.742590,5.110545,-1351.119000,1,10.000000,2.353074,0
5.654313,-2.465371,19.173210,-8.389764,-765.038200,1,10.000000,2.405842,1
5.683100,-3.301333,21.138510,-10.013790,-767.335700,1,10.000000,2.336413,1
5.434469,-3.195235,18.039300,6.506581,-1296.637000,1,10.000000,2.572949,1
5.316586,-2.267803,16.439720,5.347185,-1340.059000,1,10.000000,2.781514,0
5.414331,-2.795857,19.919180,6.239907,-1356.004000,1,10.000000,2.593715,1
5.244919,-2.447821,20.408210,-8.591271,-767.335700,1,10.000000,2.809870,1
5.427960,-2.563605,17.754240,-8.426265,763.510300,0,10.000000,2.608799,1
5.483362,-2.885026,20.020200,6.371858,-1351.203000,1,10.000000,2.519263,1
5.560787,-2.946236,17.203720,5.818402,-1300.952000,1,10.000000,2.439805,1
5.185744,-2.399704,14.563070,4.863323,222.778200,0,10.000000,2.877567,0
5.506196,-2.229041,16.703070,5.401021,-1344.553000,1,10.000000,2.610256,0
5.357319,-2.370769,15.603800,5.038957,209.639300,0,10.000000,2.716559,0
5.506254,-3.059316,20.029270,6.679363,-1335.745000,1,10.000000,2.494452,1
5.532548,-1.953245,14.685000,4.390100,198.259700,0,10.000000,2.680301,0
5.459282,-2.190909,16.188240,5.115679,188.194700,0,10.000000,2.666435,0
5.288199,-2.550099,17.891700,6.017774,-1340.142000,1,10.000000,2.748868,0
5.355604,-2.693534,14.350360,5.252569,237.095900,0,10.000000,2.662095,1
5.232147,-2.357370,17.832310,5.784091,-1363.038000,1,10.000000,2.841475,0
5.304104,-2.336001,16.891610,5.598734,180.997200,0,10.000000,2.776463,0
5.522711,-1.858735,15.868270,4.775573,168.493700,0,10.000000,2.727535,0
5.250219,-2.674031,18.015040,-8.640288,-764.273900,1,10.000000,2.769034,1
5.370209,-2.060291,18.065530,5.753520,-1392.014000,1,10.000000,2.792643,0
5.325593,-1.946097,14.066330,4.097748,206.047000,0,10.000000,2.874572,0
5.421324,-2.046224,14.914090,4.580041,198.978800,0,10.000000,2.749410,0
5.447189,-2.106289,16.633260,5.328712,171.193700,0,10.000000,2.704730,0
5.491133,-2.187737,17.183300,5.320322,-1354.365000,1,10.000000,2.637079,0
5.323360,-2.964158,18.671770,-9.145503,-765.038200,1,10.000000,2.676879,1
5.441086,-2.768998,17.562720,5.865566,-1321.572000,1,10.000000,2.569320,1
5.467982,-2.631897,17.616080,5.791062,-1331.204000,1,10.000000,2.558635,1
5.378099,-2.086266,15.655420,4.927709,187.321300,0,10.000000,2.776558,0
5.304557,-1.979456,14.388540,4.585696,197.749300,0,10.000000,2.882173,0
5.476606,-2.144929,18.807950,5.764591,-1393.702000,1,10.000000,2.664332,0
5.362164,-2.749161,16.934310,5.813205,210.599700,0,10.000000,2.649736,1
5.368614,-3.000398,18.189140,-9.120241,764.273900,0,10.000000,2.631386,1
5.537324,-3.214310,18.779910,6.552005,-1317.059000,1,10.000000,2.471983,1
5.824726,-3.029264,16.135740,5.833759,238.430100,0,10.000000,2.175471,1
6.148984,-3.282447,19.922710,-9.627760,-765.038200,1,10.000000,1.872441,1
6.101946,-2.881954,16.515410,5.729417,231.247000,0,10.000000,1.901721,1
6.202895,-1.886384,18.222760,5.297604,-1383.948000,1,10.000000,2.114173,0
6.246884,-1.873277,19.405100,5.811245,-1412.539000,1,10.000000,2.083967,0
6.012909,-3.290797,15.501410,6.051319,250.573900,0,10.000000,2.008256,1
6.081823,-3.071483,17.678140,-9.033607,761.985500,0,10.000000,1.919508,1
6.028615,-2.350990,16.051980,4.992691,213.407700,0,10.000000,2.075469,1
5.979219,-2.891656,20.934230,-9.219869,-766.569100,1,10.000000,2.023683,1
5.954464,-2.030639,14.824580,4.225129,211.215900,0,10.000000,2.263598,0
5.864328,-2.908781,18.377620,-8.919375,-763.510300,1,10.000000,2.137619,1
6.074212,-1.903353,16.582860,4.938364,170.681100,0,10.000000,2.216144,0
5.805785,-3.033797,17.785820,-9.035999,762.747500,0,10.000000,2.194476,1
5.914235,-3.056998,20.178500,-9.380164,-765.803200,1,10.000000,2.086544,1
5.985648,-2.481956,15.983930,5.082383,221.091100,0,10.000000,2.079900,1
6.007715,-2.481311,16.904430,5.221962,210.951200,0,10.000000,2.058698,1
6.261168,-2.782671,19.501730,-8.800055,-764.273900,1,10.000000,1.752361,1
6.010769,-2.274210,14.489830,4.349287,231.708100,0,10.000000,2.117501,0
6.111059,-2.658489,15.701030,5.344594,230.151000,0,10.000000,1.919565,1
6.143171,-2.019943,19.236680,5.814653,-1397.111000,1,10.000000,2.099601,0
6.303607,-3.236530,16.289890,6.148667,243.143200,0,10.000000,1.712803,1
6.163050,-2.960497,15.334300,5.506877,247.635200,0,10.000000,1.837375,1
6.146894,-2.459863,19.818860,6.000899,-1366.124000,1,10.000000,1.930220,1
6.031054,-2.969929,16.865980,5.961581,228.458400,0,10.000000,1.969176,1
6.268480,-2.054369,16.826970,4.969677,-1338.623000,1,10.000000,1.972911,0
6.171119,-2.999937,17.055250,5.921029,-1292.108000,1,10.000000,1.828881,1
6.119311,-2.545596,19.775760,5.866939,-1354.921000,1,10.000000,1.934806,1
6.356623,-1.873144,17.919290,5.193907,-1374.556000,1,10.000000,1.992610,0
6.148541,-3.083908,18.261870,-9.105597,762.747500,0,10.000000,1.853359,1
6.118256,-2.686321,17.027130,5.478639,-1302.761000,1,10.000000,1.907710,1
6.250530,-3.126806,18.159010,6.161659,-1297.897000,1,10.000000,1.754060,1
6.222849,-2.976692,17.125160,5.952442,229.225900,0,10.000000,1.777303,1
6.224628,-3.107124,21.330050,-9.567398,-766.569100,1,10.000000,1.778600,1
5.984237,-3.247238,15.465470,6.105753,245.994000,0,10.000000,2.030869,1
6.313508,-3.332374,18.490990,-9.450689,762.747500,0,10.000000,1.718933,1
6.159353,-3.005932,17.782920,-8.945024,761.985500,0,10.000000,1.840656,1
6.253015,-2.968307,20.587050,6.416479,-1338.293000,1,10.000000,1.747272,1
5.950336,-2.802687,20.127570,6.109248,-1344.288000,1,10.000000,2.059139,1
6.106196,-3.069379,19.699630,6.161349,-1316.104000,1,10.000000,1.895074,1
6.027302,-3.140341,17.329240,6.086926,234.648400,0,10.000000,1.977683,1
6.227199,-3.151196,19.451770,-9.342004,-764.273900,1,10.000000,1.779237,1
6.130229,-1.955268,14.669460,4.248120,208.547000,0,10.000000,2.141846,0
6.185576,-2.518400,19.879300,5.909433,-1358.475000,1,10.000000,1.877251,1
6.315586,-2.333183,20.095090,5.945921,-1377.324000,1,10.000000,1.811601,1
6.268460,-3.158119,17.664210,6.062006,236.737000,0,10.000000,1.738744,1
5.948989,-2.391539,16.369530,5.267203,206.410100,0,10.000000,2.139362,1
5.994237,-2.298528,16.454200,4.886953,206.505100,0,10.000000,2.124887,0
6.043758,-3.090946,14.775050,5.621010,253.256600,0,10.000000,1.958355,1
6.143079,-2.168750,15.805810,4.661847,207.946800,0,10.000000,2.034486,0
6.063168,-2.261889,14.915140,4.666349,221.862000,0,10.000000,2.072710,0
6.172920,-2.370535,15.419270,4.844861,223.560200,0,10.000000,1.932472,1
6.142633,-3.313664,21.197800,-9.900528,-766.569100,1,10.000000,1.883666,1
6.126011,-2.614552,16.589250,5.237860,224.717900,0,10.000000,1.913218,1
6.065970,-2.702600,17.429130,5.785081,204.709700,0,10.000000,1.956762,1
5.977441,-3.050643,17.275300,5.905532,-1291.568000,1,10.000000,2.023193,1
6.126355,-2.345764,17.564410,5.238906,-1331.022000,1,10.000000,1.984583,1
6.186948,-3.025243,21.269280,-9.435330,-766.569100,1,10.000000,1.813227,1
6.111224,-2.293319,14.242670,4.529348,231.771300,0,10.000000,2.016649,1
5.979161,-3.158255,18.880270,6.248137,-1306.693000,1,10.000000,2.027026,1
6.276301,-1.858601,19.460460,5.617661,-1412.109000,1,10.000000,2.067348,0
6.011453,-3.160927,18.071470,-9.212568,762.747500,0,10.000000,1.995048,1
6.045750,-3.196621,17.629400,-9.202712,761.985500,0,10.000000,1.964116,1
5.793888,-2.826588,15.288080,5.417477,239.955300,0,10.000000,2.212917,1
5.619228,-3.115756,17.526710,-9.149831,762.747500,0,10.000000,2.383584,1
5.755081,-2.521283,19.929820,-8.543106,-765.803200,1,10.000000,2.295394,1
5.787914,-3.023711,18.605710,6.147882,-1314.208000,1,10.000000,2.212213,1
5.763033,-3.247571,17.247350,-9.271564,761.985500,0,10.000000,2.250625,1
5.720458,-2.134510,15.681300,4.780756,198.801700,0,10.000000,2.438316,0
5.638107,-2.831097,17.328520,5.696157,-1306.612000,1,10.000000,2.367924,1
5.740843,-2.204479,19.907570,-8.048099,-765.803200,1,10.000000,2.395129,1
5.669733,-1.988725,17.450000,5.373389,-1374.538000,1,10.000000,2.540241,0
5.833757,-2.336861,17.648250,5.597507,-1345.921000,1,10.000000,2.265471,0
5.608908,-3.303329,20.184120,6.581130,-1321.042000,1,10.000000,2.410255,1
5.697238,-1.946975,17.489290,5.433032,-1379.506000,1,10.000000,2.532108,0
5.831518,-3.309964,17.821560,-9.419564,762.747500,0,10.000000,2.190524,1
5.547201,-2.345368,15.853640,5.072378,206.849600,0,10.000000,2.538655,0
5.769995,-3.057856,20.596770,-9.487934,-766.569100,1,10.000000,2.230756,1
5.581862,-2.680562,19.533260,6.306226,-1360.795000,1,10.000000,2.439146,1
5.849313,-2.613065,18.896050,-8.550632,-764.273900,1,10.000000,2.185217,1
5.496894,-2.134306,14.612030,4.634069,209.501800,0,10.000000,2.648578,0
5.629591,-2.860209,18.042280,-8.849987,-763.510300,1,10.000000,2.374528,1
5.713435,-3.016903,17.934200,6.081809,-1307.896000,1,10.000000,2.286627,1
5.369491,-2.743576,17.457440,5.902953,-1324.705000,1,10.000000,2.642977,1
5.381058,-2.609789,18.759190,-8.608579,-765.038200,1,10.000000,2.647852,1
5.539514,-2.273390,21.619860,-8.390577,-768.103100,1,10.000000,2.565532,1
5.364337,-2.376302,18.032590,5.755407,-1360.641000,1,10.000000,2.708453,0
5.750212,-1.973870,17.077050,5.054011,-1362.915000,1,10.000000,2.472749,0
5.697993,-2.604950,17.441350,5.473506,-1319.724000,1,10.000000,2.335658,1
5.527201,-2.445176,18.279360,5.651052,-1351.922000,1,10.000000,2.534278,0
5.598280,-3.052177,18.526890,-9.196386,-764.273900,1,10.000000,2.402287,1
5.720602,-1.984816,14.915230,4.351793,201.444200,0,10.000000,2.495247,0
5.583894,-2.834767,19.522440,6.339464,-1347.719000,1,10.000000,2.421750,1
5.461057,-2.659561,20.098490,-8.845521,-766.569100,1,10.000000,2.561665,1
5.676209,-3.244924,17.322830,6.307398,232.834900,0,10.000000,2.336663,1
5.585378,-2.780836,20.204260,6.264942,-1358.102000,1,10.000000,2.424548,1
6.219277,-3.264220,18.360110,-9.356030,-762.747500,1,10.000000,1.800218,1
6.150292,-2.174292,15.803010,4.903444,214.643700,0,10.000000,2.025639,0
6.334808,-2.766270,16.836300,5.591981,226.852100,0,10.000000,1.681516,1
6.193937,-2.270489,17.168770,5.253123,192.525000,0,10.000000,1.947832,0
6.236249,-2.395289,15.897580,4.872361,222.023900,0,10.000000,1.864535,1
6.184659,-2.578593,18.683350,5.602850,-1331.305000,1,10.000000,1.863611,1
6.125979,-2.888484,18.011140,5.900907,-1307.873000,1,10.000000,1.877336,1
6.353796,-1.920593,14.934990,4.289462,205.110300,0,10.000000,1.968529,0
6.084506,-2.830916,17.453230,5.626196,-1299.987000,1,10.000000,1.922943,1
6.135798,-2.641476,14.566180,5.241628,243.368600,0,10.000000,1.898365,1
6.063793,-3.097612,19.618200,6.420735,-1321.965000,1,10.000000,1.938666,1
6.065256,-2.953121,20.284210,6.440972,-1340.349000,1,10.000000,1.935312,1
6.379701,-2.956952,16.867160,5.918110,229.614500,0,10.000000,1.620871,1
6.232602,-2.741705,16.715870,5.343169,231.790600,0,10.000000,1.786173,1
6.226453,-2.611605,18.182880,5.732232,-1325.515000,1,10.000000,1.815577,1
6.316937,-2.897672,17.267180,5.761744,-1294.675000,1,10.000000,1.686171,1
6.287361,-2.859363,19.997370,6.196120,-1334.929000,1,10.000000,1.718404,1
5.606536,-2.602851,18.539030,-8.535612,-764.273900,1,10.000000,2.426189,1
5.577909,-2.736155,17.469330,-8.622605,762.747500,0,10.000000,2.436419,1
5.680828,-2.536009,19.813800,-8.566115,-765.803200,1,10.000000,2.365132,1
5.839974,-1.877797,15.857350,4.653335,177.895200,0,10.000000,2.434143,0
5.755253,-2.152557,19.231700,5.985353,-1396.380000,1,10.000000,2.399385,0
5.629357,-3.016810,17.286930,6.013759,-1300.714000,1,10.000000,2.370703,1
5.636134,-2.275317,16.883540,5.336749,-1339.188000,1,10.000000,2.472454,0
5.696768,-3.278343,17.157800,-9.313148,761.985500,0,10.000000,2.319989,1
5.717906,-2.826607,19.738580,6.352626,-1348.823000,1,10.000000,2.288672,1
5.652107,-3.107070,17.828770,6.253898,-1306.413000,1,10.000000,2.350333,1
5.929682,-2.886360,21.549480,-9.322170,-767.335700,1,10.000000,2.073434,1
5.916310,-2.259268,20.181750,-8.133707,-765.803200,1,10.000000,2.211435,1
5.672928,-1.921445,17.979360,5.598055,-1394.016000,1,10.000000,2.564867,0
5.553005,-2.695310,21.643120,-9.118027,-768.103100,1,10.000000,2.465891,1
5.629445,-2.533139,16.380140,5.414410,210.714000,0,10.000000,2.416090,1
5.648474,-3.038615,19.164360,-9.258317,-765.038200,1,10.000000,2.351843,1
5.514421,-2.982166,16.632220,6.000639,225.940900,0,10.000000,2.485643,1
5.617646,-2.535011,15.093570,5.223145,224.428400,0,10.000000,2.427308,1
5.595338,-3.198914,18.522570,-9.412177,-764.273900,1,10.000000,2.412875,1
5.535986,-2.170923,15.863160,4.816318,196.600000,0,10.000000,2.599756,0
5.731549,-2.990238,18.520310,6.198599,-1318.467000,1,10.000000,2.268472,1
5.603949,-2.214973,18.995290,5.887827,-1388.240000,1,10.000000,2.521374,0
5.669205,-2.479586,16.434310,5.491168,214.016700,0,10.000000,2.388187,1
5.747325,-2.553146,19.314140,-8.522757,-765.038200,1,10.000000,2.296567,1
5.424819,-2.317835,14.497270,4.652783,223.751400,0,10.000000,2.664002,0
5.669503,-1.943165,16.061420,4.664482,177.729000,0,10.000000,2.558929,0
5.659256,-2.298036,19.780100,-8.194283,-765.803200,1,10.000000,2.443733,1
5.632881,-3.174237,15.867980,5.949697,244.653400,0,10.000000,2.373523,1
5.511259,-3.002575,17.118170,6.033899,223.910900,0,10.000000,2.488742,1
5.625334,-2.877840,17.295930,5.916111,217.872500,0,10.000000,2.377806,1
5.773323,-1.839086,18.137950,5.500178,-1401.569000,1,10.000000,2.511137,0
5.487683,-3.051375,20.812810,-9.597197,-767.335700,1,10.000000,2.512842,1
5.433451,-2.278190,14.141040,4.643015,223.807600,0,10.000000,2.666117,0
5.519295,-2.906953,19.418250,6.223036,-1337.953000,1,10.000000,2.482450,1
5.565523,-2.368331,16.772880,5.459352,191.879600,0,10.000000,2.515091,0
5.702905,-1.947425,15.278660,4.477189,191.778700,0,10.000000,2.526768,0
5.411321,-2.788660,19.914160,6.251904,-1357.009000,1,10.000000,2.597291,1
5.384427,-2.610492,16.979990,5.733822,-1325.648000,1,10.000000,2.644417,1
5.627324,-3.116579,17.268710,6.176268,-1299.125000,1,10.000000,2.375539,1
5.665059,-2.671277,20.427520,-8.864417,-766.569100,1,10.000000,2.357967,1
5.605633,-2.951190,20.331670,-9.315892,-766.569100,1,10.000000,2.394864,1
5.551965,-2.747976,18.862470,6.086898,-1341.649000,1,10.000000,2.460974,1
5.727089,-3.324451,21.211830,-10.052320,-767.335700,1,10.000000,2.295951,1
5.573307,-3.025980,15.382620,5.795834,240.854000,0,10.000000,2.426832,1
5.658991,-3.123414,17.581940,-9.160467,762.747500,0,10.000000,2.344260,1
5.627577,-2.374876,19.132700,-8.252649,-765.038200,1,10.000000,2.453400,1
5.545604,-2.955281,15.769850,5.916467,226.958300,0,10.000000,2.454803,1
5.422205,-3.083092,17.490680,6.289161,-1309.377000,1,10.000000,2.579134,1
5.395491,-2.273783,18.092060,5.665487,-1368.917000,1,10.000000,2.703860,0
5.694737,-3.177745,16.273160,-9.083671,760.463700,0,10.000000,2.312105,1
6.223363,-1.872579,16.780280,4.968446,-1355.894000,1,10.000000,2.104167,0
6.243247,-3.112214,19.475370,-9.284677,-764.273900,1,10.000000,1.760334,1
6.269576,-2.015346,15.203180,4.243989,209.648000,0,10.000000,1.990957,0
5.936972,-3.031023,15.038270,5.720827,245.642200,0,10.000000,2.063262,1
6.144392,-2.071311,15.807450,4.783648,197.801100,0,10.000000,2.075028,0
6.240107,-1.987444,14.434970,4.148956,216.034200,0,10.000000,2.030393,0
6.086869,-3.134862,15.207330,5.902029,246.380700,0,10.000000,1.917879,1
5.978251,-2.424503,14.422720,4.678931,235.893900,0,10.000000,2.102062,1
6.187626,-2.959453,16.614140,5.920568,233.594400,0,10.000000,1.812827,1
6.226357,-2.499833,15.471270,4.947735,230.822100,0,10.000000,1.842818,1
6.119445,-2.397514,16.593810,5.259342,207.066900,0,10.000000,1.974709,1
6.139949,-2.017427,15.416480,4.541269,201.446300,0,10.000000,2.103625,0
5.989375,-2.712569,20.950610,-8.931016,-766.569100,1,10.000000,2.031066,1
6.141359,-3.300820,17.471940,6.178546,-1282.582000,1,10.000000,1.882827,1
5.377351,-2.011966,14.859000,4.622833,195.417800,0,10.000000,2.802588,0
5.489696,-3.078171,16.134410,5.815308,240.740600,0,10.000000,2.511521,1
5.641521,-1.850909,19.076760,6.001433,-1429.146000,1,10.000000,2.623516,0
5.348149,-2.603550,17.982070,5.931021,-1343.685000,1,10.000000,2.681321,1
5.358554,-2.136702,21.307860,-8.154908,-768.103100,1,10.000000,2.778942,1
5.612283,-3.180599,18.324390,6.214283,-1303.848000,1,10.000000,2.394537,1
5.394583,-2.868921,15.165460,5.697986,233.123000,0,10.000000,2.608712,1
5.383061,-3.176685,15.537810,5.946335,244.935900,0,10.000000,2.622896,1
5.579744,-1.915012,17.332550,5.256708,-1380.545000,1,10.000000,2.652327,0
5.221194,-2.309566,15.854260,5.200316,196.932500,0,10.000000,2.863295,0
5.372712,-1.999532,15.649860,5.024250,171.954500,0,10.000000,2.811330,0
5.323789,-2.335370,20.539660,-8.403852,-767.335700,1,10.000000,2.757506,1
5.453879,-2.952189,15.241780,5.591301,242.072200,0,10.000000,2.546570,1
5.497123,-3.002925,14.867110,5.785966,240.922900,0,10.000000,2.502879,1
5.352122,-2.442286,14.391340,4.753304,231.202100,0,10.000000,2.705975,0
5.298930,-2.722047,17.353670,5.934612,-1327.358000,1,10.000000,2.715333,1
5.452330,-1.858505,17.656340,5.677472,-1403.550000,1,10.000000,2.791708,0
6.061214,-2.516591,16.080810,5.037978,224.801000,0,10.000000,1.998143,1
6.185608,-1.906016,16.300470,4.617157,180.902700,0,10.000000,2.118683,0
6.192984,-3.074137,17.560510,6.169622,227.594300,0,10.000000,1.808537,1
6.279279,-2.840801,18.443450,-8.767947,-762.747500,1,10.000000,1.728070,1
6.208370,-2.921408,20.638080,-9.168303,-765.803200,1,10.000000,1.793353,1
6.241965,-2.001431,15.158440,4.491738,204.809800,0,10.000000,2.021838,0
6.286008,-1.867153,14.878660,3.907436,205.352600,0,10.000000,2.054534,0
6.133464,-2.566201,19.185180,5.722739,-1342.096000,1,10.000000,1.916283,1
6.339283,-2.756906,17.311820,5.663237,221.642200,0,10.000000,1.678415,1
6.156957,-2.257035,17.118800,5.271305,191.007400,0,10.000000,1.987160,0
6.237140,-2.429362,19.972520,5.795643,-1364.768000,1,10.000000,1.852917,1
6.055185,-2.897112,16.913460,5.762500,229.233100,0,10.000000,1.947534,1
6.162750,-2.616885,21.230250,-8.776689,-766.569100,1,10.000000,1.876769,1
6.059633,-2.515965,16.974590,5.175133,-1309.108000,1,10.000000,1.999829,1
6.254898,-1.914400,16.389300,4.606407,-1339.131000,1,10.000000,2.055215,0
5.948981,-1.959766,19.557170,5.831343,-1414.978000,1,10.000000,2.299732,0
5.366459,-2.309400,16.050560,5.200541,196.913800,0,10.000000,2.722584,0
5.507958,-2.601388,16.666410,5.666218,206.269400,0,10.000000,2.523720,1
5.294021,-2.549780,14.303640,4.882593,236.264700,0,10.000000,2.743177,1
5.478708,-3.279653,16.418130,-9.260675,761.224200,0,10.000000,2.536754,1
5.525083,-2.069156,15.044290,4.551483,201.355300,0,10.000000,2.644180,0
5.328309,-3.098658,17.352600,6.266269,-1307.453000,1,10.000000,2.673512,1
5.414239,-2.112170,14.893020,4.732233,202.083800,0,10.000000,2.733935,0
5.457323,-2.700827,17.586600,5.965819,-1329.974000,1,10.000000,2.560217,1
5.458274,-3.157979,19.290060,6.413399,-1322.115000,1,10.000000,2.546631,1
5.384513,-2.364933,19.975030,-8.370313,-766.569100,1,10.000000,2.691483,1
5.383774,-2.116170,15.249650,4.804270,196.843000,0,10.000000,2.761484,0
5.246774,-3.294227,20.271950,6.696228,-1331.493000,1,10.000000,2.768903,1
5.544821,-3.292444,18.206480,6.358741,-1300.033000,1,10.000000,2.472535,1
5.291811,-3.190548,17.298930,6.131135,232.452800,0,10.000000,2.714885,1
5.372085,-2.466905,16.045470,5.241431,209.324600,0,10.000000,2.681442,0
5.372903,-3.324916,15.435060,-9.228872,759.704000,0,10.000000,2.647113,1
6.153423,-3.004168,16.568240,5.866781,235.657300,0,10.000000,1.846582,1
6.399628,-2.000292,17.011040,4.810813,-1341.153000,1,10.000000,1.886957,0
6.488292,-2.972408,19.666890,6.225614,-1320.735000,1,10.000000,1.511960,1
6.220397,-3.015682,18.361670,-9.010839,762.747500,0,10.000000,1.779672,1
6.375827,-2.119440,14.578080,4.234883,224.669900,0,10.000000,1.847519,0
6.371320,-1.932919,16.973780,4.899462,-1348.531000,1,10.000000,1.947116,0
6.381691,-2.899409,18.585690,-8.849348,762.747500,0,10.000000,1.621433,1
6.245934,-2.286885,19.986250,6.018263,-1383.368000,1,10.000000,1.893484,1
6.517238,-2.088278,19.803450,5.711116,-1388.478000,1,10.000000,1.740638,0
6.221675,-2.329251,20.658870,-8.243055,-765.803200,1,10.000000,1.900617,1
6.253757,-3.291637,19.899330,6.431182,-1306.893000,1,10.000000,1.770428,1
6.433960,-2.804245,20.990570,-8.985235,-765.803200,1,10.000000,1.578227,1
6.089540,-2.480066,19.832650,-8.412029,-765.038200,1,10.000000,1.979946,1
6.295478,-2.623427,18.281490,5.715343,-1324.101000,1,10.000000,1.745623,1
5.730387,-2.719378,16.042310,5.640372,219.180900,0,10.000000,2.286896,1
5.463461,-2.381490,16.631130,5.441075,-1332.089000,1,10.000000,2.610859,0
5.481272,-2.279014,18.791470,6.030560,-1384.395000,1,10.000000,2.619887,0
5.632798,-3.262502,17.260910,6.282104,-1291.402000,1,10.000000,2.381712,1
5.542076,-2.154383,14.288230,4.544277,216.223100,0,10.000000,2.599319,0
5.542617,-3.125334,17.147710,6.163762,-1298.074000,1,10.000000,2.460577,1
5.701098,-2.440281,21.168510,-8.578703,-767.335700,1,10.000000,2.366059,1
5.552047,-2.129706,20.920090,-8.061077,-767.335700,1,10.000000,2.598054,1
5.604559,-2.183531,15.520670,4.958631,199.768000,0,10.000000,2.530762,0
5.467527,-2.461226,20.779220,-8.613613,-767.335700,1,10.000000,2.589150,1
5.827333,-2.680534,19.929180,6.306270,-1360.799000,1,10.000000,2.196028,1
5.829432,-2.949154,20.692640,-9.312608,-766.569100,1,10.000000,2.171163,1
5.571657,-2.115429,16.351910,4.981444,-1340.365000,1,10.000000,2.584438,0
5.673823,-2.606045,18.105470,-8.486895,763.510300,0,10.000000,2.359301,1
5.605440,-2.951860,17.253240,6.109724,226.187800,0,10.000000,2.395044,1
5.606634,-1.894055,15.558190,4.632491,179.627900,0,10.000000,2.636535,0
5.742112,-2.516464,16.084120,5.366923,213.924100,0,10.000000,2.309083,1
5.501727,-3.253000,16.583560,6.244964,237.325000,0,10.000000,2.511051,1
5.463437,-1.903468,15.779200,4.938213,170.693700,0,10.000000,2.763428,0
5.258197,-2.551524,17.859020,5.744976,-1343.956000,1,10.000000,2.778239,1
5.427523,-2.822163,18.275780,-8.858130,-764.273900,1,10.000000,2.578617,1
5.455432,-2.815274,15.679220,5.527500,232.255600,0,10.000000,2.551265,1
5.497209,-2.284626,20.156790,-8.240786,-766.569100,1,10.000000,2.603022,1
5.524189,-2.037709,16.751900,5.190157,166.983000,0,10.000000,2.656246,0
5.560015,-2.905133,19.030330,-9.056071,-765.038200,1,10.000000,2.441829,1
5.480030,-3.127337,15.244430,5.972739,241.956100,0,10.000000,2.523185,1
5.329849,-3.317200,15.785640,-9.260175,760.463700,0,10.000000,2.688926,1
5.587071,-2.306953,19.667310,-8.208215,-765.803200,1,10.000000,2.510486,1
5.308330,-2.511720,14.691150,5.250775,229.052400,0,10.000000,2.735600,0
5.464773,-3.155607,18.100890,6.252148,-1307.031000,1,10.000000,2.539998,1
5.328226,-2.410648,15.565510,4.986485,214.018800,0,10.000000,2.736003,0
5.530002,-3.006108,18.799320,6.260211,-1324.406000,1,10.000000,2.470006,1
5.310573,-2.662176,17.925140,5.842193,-1336.248000,1,10.000000,2.710562,1
5.462324,-3.195220,18.081550,6.506235,-1297.168000,1,10.000000,2.545174,1
5.459057,-2.021277,16.211120,4.881191,176.200000,0,10.000000,2.722919,0
5.306521,-2.480376,16.895060,5.392485,-1328.792000,1,10.000000,2.743144,0
5.392493,-3.036456,16.303910,-8.940621,761.224200,0,10.000000,2.607762,1
5.223141,-3.117623,14.498830,5.949433,243.155300,0,10.000000,2.779349,1
5.270939,-3.184443,19.173350,-9.579297,-765.803200,1,10.000000,2.735287,1
5.440799,-3.290231,16.368000,-9.274562,761.224200,0,10.000000,2.575606,1
5.246835,-2.287735,15.048130,5.073793,205.971000,0,10.000000,2.843807,0
5.413771,-3.251943,16.461400,6.246431,237.201500,0,10.000000,2.598472,1
5.237749,-3.323679,18.542050,-9.690233,-765.038200,1,10.000000,2.781151,1
5.401997,-2.766147,18.049930,5.959341,-1330.195000,1,10.000000,2.608507,1
5.260489,-2.545100,14.628320,5.207819,225.710100,0,10.000000,2.777023,0
5.461277,-2.508500,19.352250,6.312979,-1357.994000,1,10.000000,2.585862,0
5.354711,-2.353981,19.206050,6.049750,-1386.764000,1,10.000000,2.723031,0
5.156816,-2.615543,16.654830,5.726606,201.976700,0,10.000000,2.869060,1
5.557515,-1.867077,16.344180,5.089569,158.859800,0,10.000000,2.692443,0
5.500213,-3.161326,18.382670,-9.356901,764.273900,0,10.000000,2.504987,1
5.289744,-2.689281,18.620830,-8.729021,-765.038200,1,10.000000,2.728009,1
5.157926,-2.657758,16.656410,5.666300,207.025300,0,10.000000,2.862606,1
5.270740,-2.483630,20.451240,-8.650953,-767.335700,1,10.000000,2.777678,1
5.282715,-2.714082,16.834690,5.585835,213.761500,0,10.000000,2.732286,1
5.357190,-2.912810,19.797350,6.593237,-1362.177000,1,10.000000,2.644248,1
5.339730,-3.218300,17.353680,6.404533,-1303.122000,1,10.000000,2.669212,1
5.221590,-2.573894,17.459420,-8.440965,763.510300,0,10.000000,2.810894,1
5.447995,-2.469366,18.726830,5.986049,-1364.883000,1,10.000000,2.606588,0
5.483770,-2.136742,18.237590,5.637686,-1382.355000,1,10.000000,2.660193,0
5.257983,-2.580003,19.672190,6.329767,-1378.596000,1,10.000000,2.773996,0
5.331226,-2.143598,16.954970,5.383164,-1358.869000,1,10.000000,2.802816,0
5.124117,-2.488625,16.621530,5.639687,193.398400,0,10.000000,2.920995,0
5.296405,-2.332750,15.111840,5.016115,210.785200,0,10.000000,2.784717,0
5.677589,-3.224182,18.110850,-9.369948,763.510300,0,10.000000,2.333206,1
5.625378,-2.253039,14.756870,4.734250,216.958600,0,10.000000,2.489333,0
5.662492,-3.068194,18.991650,6.472454,-1316.100000,1,10.000000,2.338502,1
5.594440,-2.555829,16.800010,5.459721,-1317.809000,1,10.000000,2.446223,1
5.606384,-3.221529,18.009130,-9.366158,-763.510300,1,10.000000,2.403845,1
5.608258,-3.117726,15.835580,6.024054,238.403600,0,10.000000,2.394637,1
5.676840,-3.218175,17.849430,6.404716,-1303.137000,1,10.000000,2.333382,1
5.720132,-3.232571,18.472100,6.449456,-1307.666000,1,10.000000,2.291700,1
5.587580,-2.284631,18.383100,5.649052,-1367.545000,1,10.000000,2.516252,0
5.680345,-2.558840,14.786130,4.873210,237.048500,0,10.000000,2.361233,1
5.409555,-2.283878,17.568720,5.531617,-1356.979000,1,10.000000,2.687607,0
5.427015,-3.132184,18.275030,-9.314045,-764.273900,1,10.000000,2.576378,1
5.488809,-3.053517,20.014710,6.382396,-1336.198000,1,10.000000,2.511762,1
5.722940,-3.178263,20.389820,6.476635,-1328.196000,1,10.000000,2.284027,1
5.716943,-2.421836,20.511210,-8.462091,-766.569100,1,10.000000,2.355127,1
5.527864,-3.306150,17.110910,6.219933,240.193800,0,10.000000,2.491020,1
5.528323,-2.294546,17.743380,5.515929,-1355.670000,1,10.000000,2.570380,0
5.455142,-2.987348,18.682350,6.289524,-1326.867000,1,10.000000,2.544889,1
6.193259,-1.922960,15.123610,4.130458,203.330400,0,10.000000,2.103409,0
5.968130,-2.484198,15.155000,4.966697,229.923200,0,10.000000,2.096317,1
6.087656,-2.780010,20.349060,6.145825,-1347.353000,1,10.000000,1.924956,1
6.170849,-2.863132,21.243310,-9.173861,-766.569100,1,10.000000,1.834265,1
6.127982,-2.056086,18.648560,5.400055,-1377.523000,1,10.000000,2.096527,0
6.180827,-1.999454,15.864730,4.638764,194.092100,0,10.000000,2.076170,0
6.070416,-1.885119,15.738040,4.555072,185.304200,0,10.000000,2.228509,0
6.150895,-1.848405,17.633560,5.228267,-1377.415000,1,10.000000,2.178385,0
5.822375,-2.531632,21.370630,-8.730957,-767.335700,1,10.000000,2.227424,1
6.096923,-2.981281,21.124070,-9.364424,-766.569100,1,10.000000,1.903169,1
5.893342,-2.909067,20.021550,6.219627,-1337.667000,1,10.000000,2.108620,1
6.084683,-1.996227,19.148060,5.850588,-1400.107000,1,10.000000,2.162405,0
5.589800,-2.830632,18.514420,-8.870585,764.273900,0,10.000000,2.416144,1
5.576958,-2.210123,21.684420,-8.281496,-768.103100,1,10.000000,2.548536,1
5.739461,-1.856962,18.078860,5.674310,-1407.533000,1,10.000000,2.533096,0
5.453475,-3.191962,17.020360,6.068577,-1290.073000,1,10.000000,2.553750,1
5.535443,-3.072973,14.915400,5.698574,248.261000,0,10.000000,2.465637,1
5.534575,-2.452358,18.277780,5.895228,-1356.522000,1,10.000000,2.525516,0
5.326759,-2.683387,19.773220,6.427358,-1371.712000,1,10.000000,2.691925,1
5.303733,-2.357207,19.773700,6.194040,-1399.586000,1,10.000000,2.771829,0
5.609433,-2.964081,15.444300,5.576396,243.322500,0,10.000000,2.390837,1
5.395732,-2.157407,16.114180,4.924718,188.331600,0,10.000000,2.737184,0
5.323546,-2.400553,20.539250,-8.512490,-767.335700,1,10.000000,2.742762,1
5.639082,-3.278772,20.385620,-9.844249,-766.569100,1,10.000000,2.377319,1
5.294196,-2.637735,16.851090,5.694903,-1322.390000,1,10.000000,2.729947,1
5.553904,-2.618669,15.822840,5.505058,218.237800,0,10.000000,2.475641,1
5.335552,-2.264842,16.466070,5.351296,185.092900,0,10.000000,2.764008,0
5.422895,-2.424346,16.114130,5.298942,204.519700,0,10.000000,2.640615,0
5.460494,-2.388264,18.178290,5.737280,-1359.127000,1,10.000000,2.612147,0
6.120840,-3.202887,18.744060,-9.339528,-763.510300,1,10.000000,1.890081,1
6.081533,-2.484185,19.237560,-8.361102,-764.273900,1,10.000000,1.986600,1
6.480658,-2.758519,20.313560,6.070425,-1340.269000,1,10.000000,1.538412,1
6.169889,-3.125854,18.043810,6.163018,-1298.011000,1,10.000000,1.834433,1
6.206563,-2.300338,14.353280,4.521717,232.407600,0,10.000000,1.925083,1
6.111546,-2.766226,20.387580,6.168057,-1349.216000,1,10.000000,1.902869,1
6.520554,-2.393216,21.807360,-8.415931,-766.569100,1,10.000000,1.599046,1
6.269701,-3.178648,16.262190,5.907445,247.444200,0,10.000000,1.739497,1
6.408147,-1.990354,17.022250,4.823889,-1342.242000,1,10.000000,1.885041,0
6.455782,-2.469020,19.082060,5.763988,-1344.781000,1,10.000000,1.632957,1
6.483878,-1.879617,14.740330,4.046243,208.810300,0,10.000000,1.885175,0
6.357182,-1.940254,14.938890,4.266597,207.011100,0,10.000000,1.954971,0
6.272628,-2.739676,18.785580,5.908689,-1325.186000,1,10.000000,1.746878,1
6.293015,-2.865454,15.510430,5.330886,246.452500,0,10.000000,1.712279,1
6.167079,-2.491810,16.643720,5.403543,220.385400,0,10.000000,1.902066,1
6.055689,-2.651710,16.483090,5.461583,221.877300,0,10.000000,1.975260,1
6.127499,-2.190737,21.879170,-8.162796,-767.335700,1,10.000000,2.039894,1
5.938246,-2.759503,15.483790,5.218182,240.733600,0,10.000000,2.075733,1
6.230318,-1.843340,14.459400,3.865931,208.039500,0,10.000000,2.114152,0
6.117363,-2.595601,17.512800,5.674257,-1319.899000,1,10.000000,1.925580,1
6.086217,-2.757844,16.085890,5.268230,237.303600,0,10.000000,1.929043,1
6.180265,-2.010687,19.304160,5.603048,-1395.196000,1,10.000000,2.071274,0
6.017124,-3.115340,17.315120,6.121419,-1293.752000,1,10.000000,1.986228,1
5.977438,-2.082827,15.598750,4.769251,199.000300,0,10.000000,2.220802,0
5.914337,-2.648659,15.467880,5.081580,236.267800,0,10.000000,2.115048,1
6.160565,-1.879000,19.274320,5.802575,-1411.817000,1,10.000000,2.154104,0
6.132797,-2.255858,14.268160,4.571968,228.217600,0,10.000000,2.010024,0
6.143481,-1.855337,18.682300,5.476280,-1399.580000,1,10.000000,2.181036,0
6.123762,-2.910225,19.299660,-8.987634,-764.273900,1,10.000000,1.878384,1
6.109147,-2.386347,17.041500,5.350293,-1323.742000,1,10.000000,1.987938,1
6.280367,-2.674283,19.382430,6.080500,-1346.068000,1,10.000000,1.750208,1
6.274756,-2.114835,17.794350,5.083037,-1349.590000,1,10.000000,1.939067,0
6.083917,-3.114390,19.649640,6.394517,-1319.762000,1,10.000000,1.919495,1
6.086620,-3.007955,16.042830,5.819154,238.896000,0,10.000000,1.913397,1
6.260092,-3.233635,17.144430,6.226432,-1285.849000,1,10.000000,1.755524,1
6.190061,-2.365181,15.440290,4.851406,223.013900,0,10.000000,1.918039,1
6.161016,-2.436267,14.639840,4.665905,236.981200,0,10.000000,1.923449,1
6.331693,-3.055826,16.357020,5.757781,244.049200,0,10.000000,1.669241,1
6.020369,-2.902483,20.226430,6.230244,-1338.558000,1,10.000000,1.982032,1
6.328925,-3.029819,17.268510,5.880648,-1288.717000,1,10.000000,1.671341,1
6.397933,-2.686139,20.197960,5.910372,-1342.721000,1,10.000000,1.632522,1
6.102788,-2.333759,15.346230,4.637014,225.066300,0,10.000000,2.010793,1
6.248588,-2.161787,19.384630,5.835179,-1383.081000,1,10.000000,1.941661,0
6.067247,-2.191568,17.494450,5.210268,-1344.426000,1,10.000000,2.095016,0
6.263325,-2.873067,18.947620,-8.868356,-763.510300,1,10.000000,1.741307,1
6.086017,-2.783807,15.655100,5.471157,235.456800,0,10.000000,1.926154,1
6.218535,-2.937664,19.889820,6.073776,-1324.667000,1,10.000000,1.782555,1
5.952687,-3.243207,18.824460,6.433341,-1306.310000,1,10.000000,2.061708,1
6.198475,-2.635065,14.654520,4.969604,243.358000,0,10.000000,1.838116,1
6.195860,-1.893644,15.894850,4.544415,186.190200,0,10.000000,2.116352,0
6.248756,-1.939695,15.960970,4.486852,190.975500,0,10.000000,2.047218,0
5.924091,-2.272992,18.325400,5.547626,-1358.315000,1,10.000000,2.199531,0
6.048814,-2.810507,15.608300,5.437752,238.256200,0,10.000000,1.960366,1
5.940346,-3.166652,18.486210,-9.287764,763.510300,0,10.000000,2.066385,1
6.276103,-3.261783,19.314490,6.405195,-1303.942000,1,10.000000,1.743660,1
6.222869,-2.696798,16.261080,5.346492,230.751700,0,10.000000,1.802810,1
6.300228,-2.195767,21.451990,-8.097464,-766.569100,1,10.000000,1.880429,1
6.122284,-2.600857,19.767260,6.043626,-1353.877000,1,10.000000,1.919670,1
6.212786,-1.861362,15.926930,4.366250,185.265400,0,10.000000,2.119111,0
5.919521,-2.945915,18.456460,-8.972424,-763.510300,1,10.000000,2.081182,1
6.024368,-2.010722,15.286980,4.320466,204.048400,0,10.000000,2.209478,0
6.049370,-2.939985,16.010010,5.607468,240.716000,0,10.000000,1.951553,1
6.029373,-2.409326,15.626040,5.113801,217.706600,0,10.000000,2.057247,1
5.790699,-2.232440,16.636100,5.059556,-1331.097000,1,10.000000,2.338837,0
6.065878,-1.977652,16.146970,4.525314,188.537800,0,10.000000,2.187698,0
6.075868,-3.013801,20.301320,6.343102,-1332.131000,1,10.000000,1.924181,1
5.875995,-2.386308,19.397130,6.100269,-1378.350000,1,10.000000,2.210886,1
5.918554,-1.941227,17.310860,5.099348,-1366.687000,1,10.000000,2.335255,0
5.938915,-2.360957,17.291490,5.469594,-1334.471000,1,10.000000,2.157880,0
6.002634,-2.935451,20.183210,6.469473,-1342.743000,1,10.000000,1.998409,1
5.835378,-2.131278,15.043680,4.402174,213.021100,0,10.000000,2.332438,0
6.039341,-2.774314,21.031210,-9.030607,-766.569100,1,10.000000,1.973605,1
6.087561,-2.757963,17.457470,5.727521,217.017200,0,10.000000,1.927694,1
5.941480,-2.183149,16.839860,5.126166,187.320400,0,10.000000,2.214667,0
6.124889,-1.878457,16.660610,4.749622,-1351.798000,1,10.000000,2.184925,0
5.777819,-2.505375,16.593760,5.189444,213.668100,0,10.000000,2.276564,1
5.803906,-2.353926,19.399870,-8.220907,-765.038200,1,10.000000,2.289157,1
5.967982,-2.390940,15.562250,4.877798,221.570100,0,10.000000,2.121333,1
5.822407,-3.000506,17.562660,6.036856,-1303.358000,1,10.000000,2.177593,1
5.854151,-2.413747,19.476000,-8.311545,-765.038200,1,10.000000,2.224491,1
5.607581,-2.579423,16.818260,5.426950,-1315.068000,1,10.000000,2.429105,1
5.625497,-2.564842,15.930670,5.303333,219.243900,0,10.000000,2.414047,1
5.680295,-2.529354,19.705600,6.278594,-1374.313000,1,10.000000,2.366968,1
5.560373,-2.572701,18.889270,6.087618,-1357.559000,1,10.000000,2.476765,1
5.713990,-2.450328,18.562370,5.643245,-1351.270000,1,10.000000,2.351166,1
5.837400,-2.956131,20.705490,-9.323860,-766.569100,1,10.000000,2.163044,1
5.580694,-2.739968,20.967830,-9.078183,-767.335700,1,10.000000,2.433240,1
5.660232,-2.171097,16.929260,5.238403,-1346.061000,1,10.000000,2.482256,0
5.720504,-1.987227,18.596280,5.864224,-1401.244000,1,10.000000,2.494356,0
5.826961,-3.317636,16.107580,6.076225,249.998600,0,10.000000,2.196131,1
5.656129,-3.242021,16.328260,6.215100,239.075600,0,10.000000,2.356333,1
5.513694,-2.385866,21.575350,-8.584502,-768.103100,1,10.000000,2.561031,1
5.526563,-3.195090,16.051750,-9.105306,760.463700,0,10.000000,2.481119,1
5.413834,-3.078961,17.478370,6.295234,218.660200,0,10.000000,2.587372,1
5.639312,-1.969276,16.454710,4.951462,-1353.619000,1,10.000000,2.575896,0
5.439455,-2.929421,14.808700,5.578081,242.421400,0,10.000000,2.561517,1
5.600341,-3.187317,19.505440,6.657219,-1334.101000,1,10.000000,2.406959,1
5.630763,-3.274062,18.043950,-9.441206,763.510300,0,10.000000,2.385036,1
5.553452,-2.703469,14.995690,5.287332,234.944700,0,10.000000,2.464453,1
5.620393,-2.839547,19.581310,6.331756,-1347.073000,1,10.000000,2.385011,1
5.546684,-2.272781,15.446480,4.844208,209.308700,0,10.000000,2.558829,0
5.762087,-1.920507,16.183240,4.694295,175.250600,0,10.000000,2.484665,0
5.555164,-2.951927,21.646840,-9.560472,-768.103100,1,10.000000,2.445309,1
5.548197,-2.315017,17.241630,5.616216,-1349.964000,1,10.000000,2.545690,0
5.749813,-1.895751,16.167090,4.726867,172.542800,0,10.000000,2.506533,0
5.537513,-2.008595,17.768760,5.698678,-1367.895000,1,10.000000,2.654567,0
5.732534,-3.026479,20.420920,6.427460,-1339.981000,1,10.000000,2.267621,1
5.383309,-2.666721,18.762600,-8.694840,-765.038200,1,10.000000,2.637830,1
5.640267,-2.149606,21.067120,-8.094244,-767.335700,1,10.000000,2.508288,1
5.404482,-2.535347,20.007240,-8.645174,-766.569100,1,10.000000,2.636781,1
5.962568,-1.860131,16.447030,4.773736,-1353.802000,1,10.000000,2.334616,0
5.862500,-2.906905,20.745980,-9.244463,-766.569100,1,10.000000,2.139526,1
5.689123,-2.884013,16.889700,5.840209,-1302.019000,1,10.000000,2.313786,1
5.765254,-3.115443,17.465760,6.177891,227.759400,0,10.000000,2.237726,1
5.832115,-2.163293,16.703880,4.916763,-1334.977000,1,10.000000,2.323748,0
5.905867,-2.850380,18.799140,6.116205,-1327.460000,1,10.000000,2.099471,1
5.805534,-2.018013,18.725110,5.817579,-1397.355000,1,10.000000,2.404159,0
5.725279,-2.691663,19.280740,-8.732631,-765.038200,1,10.000000,2.295523,1
5.867155,-2.349881,17.695960,5.578907,-1344.367000,1,10.000000,2.229728,0
5.966789,-2.124892,16.874070,5.204893,-1343.215000,1,10.000000,2.213540,0
5.622049,-2.480874,19.124320,-8.413253,-765.038200,1,10.000000,2.433956,1
5.815560,-2.178338,17.144890,5.228645,-1345.958000,1,10.000000,2.333861,0
5.649210,-2.850107,18.410260,6.116619,-1327.495000,1,10.000000,2.355563,1
5.707751,-2.340360,14.857810,4.627903,225.826000,0,10.000000,2.385274,0
5.803599,-3.109951,18.614270,6.321326,-1312.845000,1,10.000000,2.199151,1
5.840588,-3.013413,19.284610,6.248798,-1323.447000,1,10.000000,2.159454,1
6.116915,-2.443109,14.587330,4.657798,237.657800,0,10.000000,1.963705,1
6.327090,-2.680863,19.452300,6.089141,-1334.012000,1,10.000000,1.703079,1
6.069999,-2.257091,15.702320,4.794218,212.717300,0,10.000000,2.068047,0
6.204818,-3.210983,20.007310,-9.519482,-765.038200,1,10.000000,1.807538,1
6.310349,-2.987917,18.259730,6.054840,-1304.868000,1,10.000000,1.689694,1
6.257495,-2.326821,18.803310,5.716025,-1356.587000,1,10.000000,1.868019,1
6.217849,-1.916675,15.522930,4.435158,194.514000,0,10.000000,2.085582,0
6.045594,-2.572963,21.742670,-8.799841,-767.335700,1,10.000000,2.000516,1
6.211123,-2.663438,15.826110,5.338406,230.668900,0,10.000000,1.820262,1
6.261772,-2.866800,17.192630,5.803463,225.797000,0,10.000000,1.743324,1
6.167609,-2.192675,16.254570,4.706186,205.013300,0,10.000000,2.002356,0
6.216496,-2.296152,18.755400,5.513568,-1355.473000,1,10.000000,1.917365,1
6.411309,-3.255883,21.631150,-9.807333,-766.569100,1,10.000000,1.609166,1
6.067282,-1.967132,15.328090,4.610219,208.576400,0,10.000000,2.191396,0
6.048201,-2.950760,19.770010,-9.125202,-765.038200,1,10.000000,1.952420,1
6.040429,-2.592838,19.030980,5.947250,-1345.043000,1,10.000000,2.001424,1
6.055032,-1.956456,17.500420,5.078196,-1364.927000,1,10.000000,2.207235,0
6.142766,-3.247761,19.725920,6.499738,-1312.661000,1,10.000000,1.873687,1
6.091527,-3.249486,17.225700,-9.221132,761.224200,0,10.000000,1.924711,1
5.841456,-2.484686,18.884500,-8.361838,-764.273900,1,10.000000,2.219203,1
6.197489,-2.810698,19.871110,5.988895,-1333.437000,1,10.000000,1.812424,1
5.887969,-2.714664,18.952900,-8.700044,-764.273900,1,10.000000,2.131219,1
5.891904,-2.305528,16.307200,5.124800,202.474200,0,10.000000,2.219541,0
6.075093,-2.901001,14.830150,5.546331,243.567500,0,10.000000,1.927451,1
6.002132,-3.102522,18.915070,6.332580,-1313.791000,1,10.000000,2.000497,1
5.936880,-3.135149,17.203670,6.093908,-1291.439000,1,10.000000,2.067542,1
5.955443,-3.268713,15.429270,6.078898,248.253500,0,10.000000,2.062139,1
5.993239,-2.517685,16.871740,5.435293,-1315.004000,1,10.000000,2.063908,1
6.219884,-3.071191,18.130490,5.935876,-1294.879000,1,10.000000,1.781539,1
6.329468,-2.753347,18.869160,5.888582,-1323.501000,1,10.000000,1.688643,1
6.098652,-2.442210,18.015360,5.687235,-1344.584000,1,10.000000,1.981477,1
6.340602,-2.627190,15.584410,5.331268,231.918700,0,10.000000,1.700761,1
6.263274,-3.148226,17.657010,6.075746,235.582000,0,10.000000,1.743040,1
6.317281,-2.713767,17.790460,5.510137,-1306.160000,1,10.000000,1.706890,1
6.092742,-2.658311,19.721100,5.953852,-1346.361000,1,10.000000,1.937623,1
6.451891,-1.849106,18.051610,5.227293,-1377.334000,1,10.000000,1.929040,0
6.364925,-2.547127,16.032130,5.208626,225.642600,0,10.000000,1.696633,1
6.194793,-2.545209,15.819460,5.211022,225.442200,0,10.000000,1.861614,1
6.246420,-2.452915,14.741180,4.646847,238.571800,0,10.000000,1.836939,1
6.189213,-2.187227,15.464710,4.571072,214.749300,0,10.000000,1.984830,0
6.223457,-3.180166,18.365920,-9.239289,-762.747500,1,10.000000,1.785655,1
5.661843,-2.691635,14.732660,5.255997,236.808900,0,10.000000,2.358403,1
5.945956,-2.682322,18.318990,5.716909,-1324.996000,1,10.000000,2.078465,1
5.894567,-3.264064,15.350540,6.084823,247.763000,0,10.000000,2.121927,1
5.754573,-2.855034,20.571900,-9.160801,-766.569100,1,10.000000,2.250101,1
5.869896,-1.913768,18.269020,5.609346,-1394.957000,1,10.000000,2.391076,0
5.758154,-2.404916,15.298930,4.860167,223.041700,0,10.000000,2.319482,1
5.851117,-2.642615,19.981120,6.095913,-1359.020000,1,10.000000,2.178399,1
5.727913,-3.214446,14.733700,6.119519,244.076900,0,10.000000,2.282185,1
5.843675,-2.296450,20.068250,-8.191804,-765.803200,1,10.000000,2.268198,1
6.007264,-1.875691,18.481990,5.446347,-1397.089000,1,10.000000,2.288027,0
5.920768,-2.561260,18.295270,5.628341,-1333.437000,1,10.000000,2.125018,1
5.728866,-3.230652,19.079190,6.526472,-1314.910000,1,10.000000,2.282816,1
5.785238,-1.959193,15.787180,4.548981,186.570300,0,10.000000,2.447131,0
5.737701,-2.518878,16.078320,5.363748,214.189600,0,10.000000,2.312893,1
5.869014,-2.880358,18.925030,-8.943710,-764.273900,1,10.000000,2.134342,1
5.695675,-3.157145,14.709800,5.873389,248.787900,0,10.000000,2.309677,1
5.790409,-2.778581,17.546090,5.771176,-1312.899000,1,10.000000,2.220657,1
6.013850,-2.943838,17.837700,6.101048,-1314.006000,1,10.000000,1.986944,1
6.193783,-2.708640,21.280310,-8.924680,-766.569100,1,10.000000,1.829565,1
6.112415,-2.163307,18.614240,5.470891,-1367.683000,1,10.000000,2.064711,0
6.098753,-2.812116,19.092010,6.176713,-1324.260000,1,10.000000,1.910508,1
6.113740,-2.290441,17.060400,5.226161,194.775400,0,10.000000,2.015304,1
6.209405,-2.618074,17.163870,5.299633,-1303.658000,1,10.000000,1.830873,1
6.010087,-3.322074,17.799800,6.197184,-1284.913000,1,10.000000,2.015809,1
6.146869,-2.566039,17.567270,5.445539,-1316.623000,1,10.000000,1.903265,1
6.154623,-2.310721,19.843580,5.981018,-1380.256000,1,10.000000,1.969904,1
5.977235,-3.196011,20.112150,6.666846,-1320.058000,1,10.000000,2.032239,1
6.103338,-2.075877,15.756130,4.777940,198.276500,0,10.000000,2.109818,0
6.123788,-1.870522,16.659160,4.760064,169.782900,0,10.000000,2.189953,0
6.284582,-1.927210,16.427360,4.589985,183.161500,0,10.000000,2.023249,0
5.944120,-2.849016,15.064260,5.630790,234.310700,0,10.000000,2.061417,1
6.089008,-1.925756,14.261090,4.217809,216.096600,0,10.000000,2.192234,0
5.783638,-2.146681,15.762300,4.765154,200.101400,0,10.000000,2.374955,0
5.658626,-2.379817,19.683700,6.258709,-1388.451000,1,10.000000,2.422118,0
5.764965,-3.256290,20.588660,-9.807989,-766.569100,1,10.000000,2.249681,1
5.921261,-1.902013,14.078740,4.016573,211.274300,0,10.000000,2.350900,0
5.687187,-2.760702,17.398630,5.796719,-1315.039000,1,10.000000,2.325160,1
5.869112,-2.759302,15.382730,5.501644,232.902000,0,10.000000,2.144439,1
5.761059,-2.074701,17.568900,5.481802,-1367.829000,1,10.000000,2.422610,0
5.745271,-2.952966,16.046100,5.635980,239.084900,0,10.000000,2.255219,1
5.887115,-2.141612,18.848710,5.630308,-1381.740000,1,10.000000,2.280595,0
5.571519,-2.347179,18.932480,5.924054,-1375.496000,1,10.000000,2.514696,0
5.826718,-3.318020,20.547140,6.556645,-1318.982000,1,10.000000,2.196427,1
5.725685,-2.552409,18.567340,5.743635,-1343.844000,1,10.000000,2.317940,1
5.760409,-1.907382,16.629290,4.816367,165.863700,0,10.000000,2.491903,0
5.770482,-2.956549,18.243550,-8.987616,763.510300,0,10.000000,2.229942,1
5.616426,-3.250207,19.713180,-9.682053,-765.803200,1,10.000000,2.396670,1
5.831143,-2.671154,19.312350,5.933786,-1344.681000,1,10.000000,2.193645,1
5.855209,-3.196081,19.477600,-9.496902,-765.038200,1,10.000000,2.153735,1
5.790133,-1.888052,13.939130,3.811110,212.587800,0,10.000000,2.473852,0
5.862325,-3.273490,17.084390,6.216504,-1285.776000,1,10.000000,2.155099,1
5.328625,-2.663901,17.612330,-8.569547,763.510300,0,10.000000,2.692435,1
5.416363,-3.001098,20.693940,-9.513401,-767.335700,1,10.000000,2.583637,1
5.142218,-2.773701,20.150840,6.410400,-1371.059000,1,10.000000,2.866728,1
5.437639,-3.228554,20.729400,-9.892494,-767.335700,1,10.000000,2.572534,1
5.230753,-3.174088,20.259950,6.590798,-1338.559000,1,10.000000,2.774714,1
5.481465,-2.858040,20.016970,6.417377,-1355.008000,1,10.000000,2.522532,1
5.273281,-3.084827,16.144000,-9.003928,761.224200,0,10.000000,2.728038,1
5.177213,-2.152448,14.590590,4.680684,206.377900,0,10.000000,2.947282,0
5.484260,-3.130655,18.712680,6.369103,-1317.626000,1,10.000000,2.519130,1
5.250520,-3.188439,17.500750,-9.318888,763.510300,0,10.000000,2.755930,1
5.175089,-2.570185,17.733100,5.716704,-1341.591000,1,10.000000,2.857422,0
5.531885,-1.889486,14.327650,4.168469,200.173700,0,10.000000,2.706443,0
5.152928,-2.866039,18.413540,-8.996837,765.038200,0,10.000000,2.850222,1
5.452306,-2.451916,18.153130,5.895900,-1356.578000,1,10.000000,2.605982,0
5.335019,-2.056517,15.598730,4.966850,184.060800,0,10.000000,2.827063,0
5.920203,-2.948664,14.640960,5.489267,248.354200,0,10.000000,2.080431,1
5.852329,-2.747364,15.375900,5.233297,239.468400,0,10.000000,2.162479,1
5.880687,-2.219256,16.304790,4.991260,197.807800,0,10.000000,2.258550,0
5.890365,-2.675090,20.790920,-8.870567,-766.569100,1,10.000000,2.134508,1
5.854591,-2.019364,18.246510,5.454058,-1382.021000,1,10.000000,2.358904,0
5.908476,-3.213400,16.984840,-9.173650,761.224200,0,10.000000,2.102383,1
6.016384,-2.415437,16.916150,5.310982,-1320.458000,1,10.000000,2.067957,1
5.681895,-2.435172,17.956840,5.556684,-1343.274000,1,10.000000,2.385926,1
5.903984,-2.385917,15.482130,4.884057,221.047700,0,10.000000,2.184120,1
5.871226,-2.994550,21.452050,-9.502487,-767.335700,1,10.000000,2.128781,1
5.940402,-2.605446,15.500720,5.135628,231.747600,0,10.000000,2.097050,1
5.877732,-2.857450,14.981480,5.638643,247.763900,0,10.000000,2.127050,1
5.717348,-3.115027,15.141100,5.954813,242.703100,0,10.000000,2.285548,1
5.866718,-2.537778,15.818180,5.276441,220.730900,0,10.000000,2.182783,1
5.949076,-2.561256,18.892570,5.995101,-1349.049000,1,10.000000,2.097328,1
5.698319,-2.487904,17.968150,5.736217,-1342.459000,1,10.000000,2.357961,1
5.815275,-3.239859,16.862210,-9.208466,761.224200,0,10.000000,2.197853,1
5.471323,-2.468369,17.117540,5.668621,190.978500,0,10.000000,2.583958,0
5.704546,-2.764472,16.925510,5.718480,-1307.720000,1,10.000000,2.307506,1
5.542848,-3.271176,17.652390,6.326773,-1296.579000,1,10.000000,2.472071,1
5.708003,-2.570444,19.750280,6.212320,-1368.765000,1,10.000000,2.331903,1
5.740237,-3.305628,17.942660,6.276109,-1292.317000,1,10.000000,2.280337,1
5.666246,-2.950013,17.340350,6.107725,-1303.870000,1,10.000000,2.334289,1
5.571004,-1.940471,15.512520,4.572984,184.574900,0,10.000000,2.650023,0
5.603430,-2.100998,16.384460,5.222006,174.240400,0,10.000000,2.559639,0
5.686211,-1.974406,18.545330,5.878306,-1399.111000,1,10.000000,2.530902,0
5.546272,-2.581908,15.406510,5.219742,225.472700,0,10.000000,2.489092,1
5.477053,-2.347897,17.138670,5.581741,-1344.604000,1,10.000000,2.605859,0
5.644546,-2.608833,15.955740,5.245385,224.088600,0,10.000000,2.387714,1
5.541550,-2.328086,16.287170,5.175289,199.021500,0,10.000000,2.548616,0
5.624013,-2.439701,18.564730,-8.295684,-764.273900,1,10.000000,2.441157,1
5.789219,-3.219461,18.807690,-9.442392,-764.273900,1,10.000000,2.221647,1
5.766942,-2.905972,16.074620,5.697815,233.897900,0,10.000000,2.235037,1
5.826269,-2.563749,20.687530,-8.690985,-766.569100,1,10.000000,2.217075,1
5.803638,-2.016780,15.005160,4.541827,201.399800,0,10.000000,2.406393,0
5.884700,-2.305516,20.132350,-8.205971,-765.803200,1,10.000000,2.226388,1
5.797809,-2.292089,14.970770,4.687255,220.877000,0,10.000000,2.313176,0
5.958890,-2.956052,17.998470,-8.928020,-762.747500,1,10.000000,2.041583,1
6.064544,-3.021805,19.024850,6.150770,-1314.451000,1,10.000000,1.935579,1
5.957013,-2.930896,19.466550,6.378246,-1317.958000,1,10.000000,2.044156,1
5.874057,-3.196186,17.397380,-9.202125,761.985500,0,10.000000,2.134976,1
6.109727,-1.920954,16.629590,4.915205,-1349.841000,1,10.000000,2.176573,0
5.970265,-2.457721,16.397520,5.180121,213.685700,0,10.000000,2.100926,1
6.037206,-2.039116,21.728680,-7.910094,-767.335700,1,10.000000,2.185374,1
6.089647,-1.924282,14.262000,4.215688,212.971000,0,10.000000,2.192400,0
5.695389,-2.422537,16.482370,5.301387,204.315400,0,10.000000,2.375857,0
5.872736,-2.428735,15.852040,4.893290,221.036800,0,10.000000,2.202634,1
6.021523,-3.087639,19.552150,6.436317,-1323.275000,1,10.000000,1.980418,1
6.265512,-1.844900,15.992840,4.386827,183.556400,0,10.000000,2.083915,0
5.867860,-2.877084,19.980450,6.271211,-1341.994000,1,10.000000,2.135680,1
6.091296,-1.877405,19.169360,5.804991,-1412.018000,1,10.000000,2.214355,0
6.129683,-3.271008,17.455730,6.219951,239.429400,0,10.000000,1.889849,1
6.216065,-2.282773,20.650110,-8.170434,-765.803200,1,10.000000,1.922716,1
5.848003,-2.503054,19.351840,5.933412,-1360.480000,1,10.000000,2.208630,1
6.081337,-2.480081,19.716430,5.969308,-1363.483000,1,10.000000,1.987859,1
6.099724,-2.687570,18.531410,5.985126,-1316.356000,1,10.000000,1.925789,1
6.173637,-3.066311,17.802220,-9.026618,761.985500,0,10.000000,1.827566,1
6.237420,-2.272311,21.350690,-8.220922,-766.569100,1,10.000000,1.906887,1
6.179807,-2.920917,17.081870,5.730333,231.931500,0,10.000000,1.821910,1
6.139989,-2.731328,14.940840,5.170277,243.226700,0,10.000000,1.879315,1
6.043989,-2.036592,16.543090,4.763050,-1337.179000,1,10.000000,2.180398,0
6.086453,-2.502312,15.299860,4.944603,231.083800,0,10.000000,1.977209,1
6.060537,-2.813068,16.935130,5.587340,-1295.969000,1,10.000000,1.948451,1
6.155166,-3.152788,18.271070,-9.201264,-762.747500,1,10.000000,1.851150,1
5.791081,-2.976318,15.252340,5.820903,237.989300,0,10.000000,2.209045,1
5.590283,-2.455388,17.300430,5.428182,-1331.774000,1,10.000000,2.470494,0
5.517864,-3.092423,18.966470,-9.339845,-765.038200,1,10.000000,2.483856,1
5.669191,-2.062981,17.449230,5.267308,-1365.702000,1,10.000000,2.512105,0
5.662432,-2.063544,14.104530,4.118426,219.328900,0,10.000000,2.518169,0
5.801888,-2.555483,19.279790,5.851493,-1353.629000,1,10.000000,2.242608,1
5.720284,-3.063390,15.571910,5.747964,244.873600,0,10.000000,2.280598,1
5.628548,-2.646650,17.852210,5.769368,-1329.387000,1,10.000000,2.397633,1
5.755037,-2.803319,18.221490,-8.768714,763.510300,0,10.000000,2.253562,1
5.536672,-3.155638,18.436290,-9.348536,-764.273900,1,10.000000,2.468240,1
5.807375,-3.162886,18.834380,-9.359195,-764.273900,1,10.000000,2.198667,1
5.628923,-2.798893,16.351870,5.606498,226.396900,0,10.000000,2.379590,1
5.534779,-2.658655,18.433500,-8.617678,-764.273900,1,10.000000,2.488741,1
5.565580,-3.033528,14.954390,5.747936,244.116100,0,10.000000,2.434650,1
5.861454,-2.434940,20.096030,-8.408195,-765.803200,1,10.000000,2.211938,1
5.527094,-2.574446,17.197210,5.517083,203.652000,0,10.000000,2.509254,1
5.771757,-2.198279,17.084050,5.200947,-1343.648000,1,10.000000,2.368084,0
5.998370,-2.016037,21.663960,-7.871628,-767.335700,1,10.000000,2.230405,1
5.620590,-3.335100,17.054860,-9.389848,761.985500,0,10.000000,2.402891,1
5.791447,-3.286753,21.319080,-9.989494,-767.335700,1,10.000000,2.227091,1
5.488142,-2.744062,18.180450,5.992803,-1332.999000,1,10.000000,2.524864,1
5.697089,-2.314498,16.050860,5.112997,203.459400,0,10.000000,2.402772,0
5.673138,-3.212781,15.479660,6.178955,240.594900,0,10.000000,2.336571,1
5.744280,-2.418805,14.889330,4.784930,228.562500,0,10.000000,2.329391,1
5.515181,-3.108417,19.381850,6.493338,-1328.834000,1,10.000000,2.487184,1
5.526248,-2.217749,15.020990,4.843101,208.641300,0,10.000000,2.594487,0
5.842085,-3.172894,18.108150,6.157098,-1298.277000,1,10.000000,2.164830,1
5.687690,-2.546550,16.458840,5.396286,212.229700,0,10.000000,2.356352,1
5.600140,-2.386169,18.977200,5.863131,-1370.407000,1,10.000000,2.477119,0
5.548252,-3.025463,16.213540,5.886535,234.759900,0,10.000000,2.451880,1
5.689603,-2.591381,17.415950,5.761124,-1327.934000,1,10.000000,2.346253,1
5.680065,-2.710775,18.471240,6.043239,-1337.226000,1,10.000000,2.337894,1
5.822628,-3.006852,19.892870,6.354310,-1333.073000,1,10.000000,2.177383,1
5.718398,-2.045536,15.678650,4.894826,189.299700,0,10.000000,2.473198,0
5.595047,-2.861559,19.540430,6.296253,-1344.094000,1,10.000000,2.408934,1
5.602350,-3.261223,19.094480,-9.595602,-765.038200,1,10.000000,2.411838,1
5.665546,-2.112793,17.957130,5.545449,-1373.094000,1,10.000000,2.497361,0
5.745358,-2.008808,16.586640,5.125527,-1352.367000,1,10.000000,2.462900,0
5.895974,-2.661008,18.422830,-8.565413,763.510300,0,10.000000,2.131159,1
5.701418,-2.954923,18.474660,6.252105,-1322.960000,1,10.000000,2.299024,1
5.920026,-1.892107,18.342740,5.641200,-1397.610000,1,10.000000,2.356632,0
5.735934,-2.672807,16.983040,5.567027,-1310.922000,1,10.000000,2.287586,1
5.790405,-2.860169,15.677720,5.709764,232.135100,0,10.000000,2.214015,1
5.687846,-2.125146,16.062980,4.876550,191.582700,0,10.000000,2.472130,0
5.794987,-3.095277,17.508230,6.206700,-1301.683000,1,10.000000,2.207070,1
5.789907,-2.337061,15.351710,4.694175,221.059100,0,10.000000,2.307380,0
5.807478,-2.744270,14.535150,5.153834,244.603500,0,10.000000,2.207386,1
6.090432,-2.175418,16.592700,4.810404,197.092700,0,10.000000,2.079997,0
6.298637,-2.225704,19.460460,5.738335,-1374.997000,1,10.000000,1.869270,0
6.101431,-2.763229,18.196440,-8.660210,762.747500,0,10.000000,1.913275,1
6.200531,-2.648765,16.246140,5.134150,232.631100,0,10.000000,1.833428,1
6.365412,-2.884115,20.119320,6.157445,-1331.685000,1,10.000000,1.638691,1
6.284049,-2.529433,16.797200,5.349858,-1307.097000,1,10.000000,1.779304,1
6.059189,-3.024924,19.786660,-9.237573,-765.038200,1,10.000000,1.940971,1
6.138247,-2.003069,14.667700,4.409783,203.527900,0,10.000000,2.111870,0
6.175758,-2.429035,18.671380,5.814868,-1347.968000,1,10.000000,1.911507,1
6.039308,-2.253772,14.901030,4.429628,225.773100,0,10.000000,2.097897,0
6.107050,-3.192096,18.483820,6.423107,-1311.693000,1,10.000000,1.902672,1
6.166857,-2.038788,15.080290,4.215972,211.977200,0,10.000000,2.069865,0
6.269549,-2.864109,18.766770,6.011341,-1317.900000,1,10.000000,1.735779,1
6.362198,-2.996956,19.475830,6.188420,-1317.612000,1,10.000000,1.637805,1
5.703370,-3.309401,19.669710,6.482458,-1311.973000,1,10.000000,2.317378,1
5.833015,-2.141016,17.169130,5.280479,-1350.280000,1,10.000000,2.331025,0
5.575349,-2.409628,19.549380,6.210628,-1384.430000,1,10.000000,2.495491,0
5.715947,-2.960789,15.566660,5.879272,247.856800,0,10.000000,2.284389,1
5.638930,-2.356303,19.664460,6.046005,-1386.451000,1,10.000000,2.447242,0
5.860378,-1.866936,14.355460,4.122536,203.230900,0,10.000000,2.421118,0
5.743802,-1.894705,14.943930,4.461763,192.302100,0,10.000000,2.512391,0
5.822394,-2.795440,19.907500,6.411116,-1341.531000,1,10.000000,2.187192,1
5.638717,-2.865397,19.610860,6.290061,-1343.575000,1,10.000000,2.365116,1
5.710073,-2.697370,19.257690,-8.741278,-765.038200,1,10.000000,2.309838,1
5.785011,-1.899301,16.662540,4.827287,164.955900,0,10.000000,2.473401,0
5.617613,-2.407574,18.403500,5.963861,-1343.358000,1,10.000000,2.454941,0
5.778880,-2.996688,14.453120,5.732481,243.896700,0,10.000000,2.221123,1
5.764134,-1.974796,15.760120,4.528976,188.233300,0,10.000000,2.459703,0
5.711754,-2.374135,16.070160,5.034528,210.008900,0,10.000000,2.372293,0
5.543108,-3.228475,20.230830,-9.763125,-766.569100,1,10.000000,2.467493,1
5.721896,-3.071326,17.403710,6.241770,-1287.296000,1,10.000000,2.279220,1
5.535370,-2.716856,17.195630,5.581874,-1312.928000,1,10.000000,2.480841,1
5.854078,-1.915195,14.704780,4.362462,199.799100,0,10.000000,2.404534,0
5.834269,-2.198566,17.661470,5.545338,-1357.361000,1,10.000000,2.309262,0
5.610229,-3.095118,19.703490,-9.439726,-765.803200,1,10.000000,2.391663,1
5.696597,-2.806040,15.163620,5.442838,237.830000,0,10.000000,2.311555,1
5.543673,-2.380113,20.231740,-8.394796,-766.569100,1,10.000000,2.533338,1
5.581771,-2.730208,19.659020,-8.869554,-765.803200,1,10.000000,2.433232,1
5.732184,-2.028974,14.175170,4.392349,212.323000,0,10.000000,2.466957,0
5.909455,-3.102209,20.171030,-9.450805,-765.803200,1,10.000000,2.093042,1
5.541427,-3.082002,18.443280,-9.240248,-764.273900,1,10.000000,2.459940,1
5.524531,-3.220155,16.478690,-9.182425,761.224200,0,10.000000,2.485239,1
5.853745,-3.153755,20.731850,-9.642609,-766.569100,1,10.000000,2.151755,1
5.771729,-2.217086,14.554130,4.717396,217.605700,0,10.000000,2.361810,0
5.726827,-2.146106,16.114270,4.848970,193.880000,0,10.000000,2.428261,0
5.486662,-2.410020,14.955860,4.853190,223.624000,0,10.000000,2.581656,0
5.707753,-2.715400,17.954880,5.944387,-1328.178000,1,10.000000,2.309847,1
5.239748,-3.002856,17.485360,-9.053768,763.510300,0,10.000000,2.760253,1
5.261703,-2.406265,14.265410,5.057549,236.646200,0,10.000000,2.801927,0
5.314231,-3.314795,14.597630,6.019228,253.273800,0,10.000000,2.704154,1
5.376081,-2.558815,19.214930,6.231076,-1370.335000,1,10.000000,2.660751,0
5.213171,-2.353072,18.372560,5.914845,-1374.727000,1,10.000000,2.860932,0
5.271867,-2.474402,18.593740,-8.403447,-765.038200,1,10.000000,2.778302,1
5.422295,-2.556750,17.047500,5.542362,-1325.483000,1,10.000000,2.615537,1
5.393153,-2.613724,16.992450,5.729205,201.759200,0,10.000000,2.635310,1
5.370484,-3.047706,17.181230,-9.055317,762.747500,0,10.000000,2.629949,1
5.497823,-1.981089,18.841100,6.020590,-1415.047000,1,10.000000,2.701679,0
5.294485,-2.485803,19.829820,-8.565265,-766.569100,1,10.000000,2.753944,1
5.335451,-1.937217,15.610800,4.893806,174.388900,0,10.000000,2.868681,0
5.458009,-2.228526,20.093570,-8.150300,-766.569100,1,10.000000,2.656481,1
5.335799,-2.416381,16.936880,5.483907,-1336.430000,1,10.000000,2.727376,0
5.365416,-2.655652,16.952830,5.669308,-1320.247000,1,10.000000,2.656992,1
5.346898,-3.237208,14.640250,6.116146,245.119600,0,10.000000,2.663685,1
5.412634,-2.587213,20.687730,-8.823591,-767.335700,1,10.000000,2.620087,1
5.343161,-3.117584,16.679950,-9.095905,761.985500,0,10.000000,2.659440,1
6.235208,-2.492833,19.339340,5.833903,-1351.393000,1,10.000000,1.836221,1
6.235131,-2.829666,18.730430,5.776348,-1314.096000,1,10.000000,1.773069,1
6.265557,-2.547130,19.991120,6.127574,-1360.905000,1,10.000000,1.792591,1
6.262919,-2.966950,17.179310,5.965608,-1295.851000,1,10.000000,1.737395,1
6.130814,-1.992021,19.229240,5.631330,-1397.552000,1,10.000000,2.123648,0
6.068428,-2.647836,15.661410,5.082726,236.171900,0,10.000000,1.963413,1
6.015129,-2.864177,14.772320,5.297046,248.530100,0,10.000000,1.989513,1
6.160190,-2.004567,14.693290,4.411972,206.642700,0,10.000000,2.091839,0
6.085513,-2.813010,20.345600,6.092598,-1342.893000,1,10.000000,1.923597,1
6.119438,-2.349630,15.366580,4.617669,226.679300,0,10.000000,1.989848,1
6.210424,-2.354021,21.307140,-8.352713,-766.569100,1,10.000000,1.902596,1
6.286599,-2.723806,19.390230,6.023495,-1335.571000,1,10.000000,1.735519,1
5.835891,-3.122800,20.056090,-9.482979,-765.803200,1,10.000000,2.167590,1
5.871382,-1.965981,14.354110,4.232968,209.806700,0,10.000000,2.366476,0
6.116396,-2.803337,19.744390,6.000398,-1334.401000,1,10.000000,1.893843,1
6.139779,-1.908822,19.242820,5.757390,-1408.053000,1,10.000000,2.156639,0
5.747621,-3.002465,17.455830,6.034057,223.897700,0,10.000000,2.252380,1
5.883607,-2.448075,17.214670,5.348596,-1324.362000,1,10.000000,2.187176,1
6.087013,-1.998746,17.533590,5.244272,-1363.020000,1,10.000000,2.159173,0
5.908450,-2.573626,20.073590,6.207187,-1368.335000,1,10.000000,2.134567,1
5.861456,-2.409510,16.706790,5.318990,-1321.127000,1,10.000000,2.218569,1
5.908470,-3.307161,16.669260,6.127073,246.481700,0,10.000000,2.113965,1
5.827154,-2.576305,17.625870,5.514427,-1323.147000,1,10.000000,2.213770,1
5.990651,-1.902485,19.016870,5.766992,-1408.852000,1,10.000000,2.289546,0
5.830304,-2.506184,15.376180,4.992580,227.834300,0,10.000000,2.225183,1
6.053744,-3.174386,18.130210,-9.231261,-762.747500,1,10.000000,1.954053,1
5.976577,-2.313657,20.275910,-8.218690,-765.803200,1,10.000000,2.136658,1
5.994960,-2.796181,14.748440,5.377870,241.757100,0,10.000000,2.015373,1
5.695134,-3.243109,15.507950,6.140083,243.865400,0,10.000000,2.317652,1
5.589907,-2.422650,16.806750,5.383910,-1327.312000,1,10.000000,2.478282,0
5.814638,-2.261860,14.618850,4.417627,226.772800,0,10.000000,2.306655,0
5.644758,-2.114451,16.006290,4.890623,190.410500,0,10.000000,2.516220,0
5.852190,-3.093081,16.156540,6.056482,235.677900,0,10.000000,2.149827,1
5.647750,-2.205493,16.911820,5.190929,182.682300,0,10.000000,2.482805,0
5.808347,-1.966596,16.683140,4.955085,-1353.920000,1,10.000000,2.423070,0
5.643152,-2.233560,17.912250,5.605615,-1363.155000,1,10.000000,2.478338,0
5.710280,-2.944919,18.502800,5.972965,-1315.445000,1,10.000000,2.290382,1
5.732270,-2.242645,19.894180,-8.107733,-765.803200,1,10.000000,2.390855,1
5.754353,-2.556692,18.597530,6.002017,-1349.628000,1,10.000000,2.288985,1
5.609251,-2.869167,19.104930,-9.001576,-765.038200,1,10.000000,2.394326,1
5.855986,-3.250915,20.735470,-9.799319,-766.569100,1,10.000000,2.158647,1
5.834755,-3.202413,18.335370,-9.338850,-763.510300,1,10.000000,2.174685,1
5.853424,-2.444457,20.731330,-8.498578,-766.569100,1,10.000000,2.217299,1
6.134362,-3.207914,18.522260,6.419806,-1304.407000,1,10.000000,1.877188,1
6.006302,-2.800749,20.322360,-8.979774,-765.803200,1,10.000000,2.003629,1
6.193515,-2.400954,17.155510,5.330554,-1322.093000,1,10.000000,1.903220,1
6.219366,-2.265460,16.750420,4.930464,202.877100,0,10.000000,1.926190,1
6.019568,-2.635763,16.449200,5.209952,227.051900,0,10.000000,2.013648,1
6.252243,-2.948941,20.585800,6.447716,-1340.916000,1,10.000000,1.748503,1
6.069320,-2.437557,18.526580,5.553177,-1342.981000,1,10.000000,2.010937,1
6.030870,-2.675411,20.360750,-8.783932,-765.803200,1,10.000000,1.995703,1
6.393597,-3.015295,20.293330,-9.222983,-765.038200,1,10.000000,1.606476,1
6.256133,-2.898429,20.712710,-9.132399,-765.803200,1,10.000000,1.746822,1
6.013674,-3.220413,19.524210,6.542469,-1316.256000,1,10.000000,1.998517,1
6.158257,-2.842379,21.223000,-9.140388,-766.569100,1,10.000000,1.848475,1
5.862559,-2.231649,20.097750,-8.090552,-765.803200,1,10.000000,2.271347,1
5.266250,-2.584398,16.811170,5.771100,-1328.769000,1,10.000000,2.765161,0
5.335889,-2.508389,16.924060,5.611450,195.759800,0,10.000000,2.709090,0
5.501176,-2.580844,18.213930,5.965424,-1346.565000,1,10.000000,2.533735,1
5.365472,-2.930528,15.125460,5.618730,239.771400,0,10.000000,2.635443,1
5.269436,-2.565633,17.337430,5.621909,-1332.899000,1,10.000000,2.764897,0
5.397323,-2.217002,14.478210,4.531056,218.082600,0,10.000000,2.717906,0
5.518981,-2.557419,18.968160,-8.529230,-765.038200,1,10.000000,2.520185,1
5.393922,-1.863647,17.067090,5.330085,-1386.651000,1,10.000000,2.843051,0
5.204538,-2.350924,15.831750,5.144427,201.597400,0,10.000000,2.869827,0
5.317225,-2.088993,19.169080,6.007221,-1414.698000,1,10.000000,2.833234,0
5.358228,-2.976198,15.100740,5.858994,235.550600,0,10.000000,2.641879,1
5.189843,-2.408131,17.926240,-8.249258,764.273900,0,10.000000,2.871810,1
5.296504,-2.967444,18.434480,6.320623,-1329.478000,1,10.000000,2.703692,1
5.459185,-2.163548,16.188110,5.152654,185.111700,0,10.000000,2.674957,0
5.264630,-2.550249,18.036220,-8.458256,764.273900,0,10.000000,2.772098,1
5.476224,-2.910357,17.600110,5.943330,-1312.195000,1,10.000000,2.525367,1
5.451883,-2.815662,14.454500,5.388419,241.631300,0,10.000000,2.554776,1
5.273561,-3.107147,16.763330,6.189743,226.763300,0,10.000000,2.728543,1
5.682019,-1.891991,15.252540,4.546481,186.018400,0,10.000000,2.569187,0
5.630948,-1.889808,18.471860,5.786200,-1410.452000,1,10.000000,2.616283,0
5.527718,-2.406157,19.485090,5.965596,-1379.733000,1,10.000000,2.542603,0
5.693781,-3.296542,18.432180,6.352531,-1299.511000,1,10.000000,2.325206,1
5.603235,-3.224472,18.882890,6.536127,-1315.723000,1,10.000000,2.407254,1
5.474330,-2.048079,17.675880,5.640344,-1381.813000,1,10.000000,2.699104,0
5.461416,-3.227073,17.015980,6.332900,230.689300,0,10.000000,2.548719,1
5.520914,-3.274864,17.390170,-9.370813,762.747500,0,10.000000,2.494277,1
5.490332,-2.037568,15.803090,4.991784,181.983900,0,10.000000,2.687882,0
5.588774,-2.550015,14.657500,5.152008,229.618800,0,10.000000,2.452855,1
5.554392,-2.826010,18.462350,-8.863788,764.273900,0,10.000000,2.451789,1
5.405967,-3.213212,19.845880,6.731325,-1333.678000,1,10.000000,2.602781,1
5.661109,-2.407681,18.482250,5.707862,-1356.669000,1,10.000000,2.412727,0
5.660799,-2.835569,18.086860,-8.814787,-763.510300,1,10.000000,2.344973,1
5.428272,-3.092113,17.499600,6.275894,220.285800,0,10.000000,2.573377,1
5.632543,-2.838148,18.385010,6.134739,-1329.015000,1,10.000000,2.372983,1
5.773225,-3.093580,16.976380,6.151642,-1296.292000,1,10.000000,2.228740,1
5.638180,-2.420444,14.745130,5.043262,222.840900,0,10.000000,2.431888,0
5.869333,-2.532219,19.372710,6.152363,-1355.045000,1,10.000000,2.181412,1
5.845164,-2.935476,15.748080,5.613235,240.232200,0,10.000000,2.155802,1
5.605188,-2.298697,17.844570,5.761211,-1350.665000,1,10.000000,2.495386,0
5.848792,-2.412925,16.689670,5.314376,203.230100,0,10.000000,2.229877,1
5.806589,-3.165601,16.096550,5.961060,243.698300,0,10.000000,2.199653,1
5.610109,-3.220979,17.514050,-9.295974,762.747500,0,10.000000,2.400086,1
5.673992,-2.848614,19.803120,-9.054563,-765.803200,1,10.000000,2.330930,1
5.728618,-3.163163,20.399280,6.501800,-1330.312000,1,10.000000,2.277235,1
5.947526,-1.866042,15.204320,4.275822,192.016300,0,10.000000,2.344891,0
5.681807,-2.937068,19.680360,6.174464,-1333.878000,1,10.000000,2.319047,1
5.829593,-2.800022,18.697800,5.908015,-1325.894000,1,10.000000,2.179601,1
5.666377,-3.073300,21.110630,-9.633738,-767.335700,1,10.000000,2.334774,1
5.832146,-2.874787,16.160410,5.738848,230.456000,0,10.000000,2.171467,1
5.913032,-1.824466,18.343410,5.521677,-1403.358000,1,10.000000,2.395269,0
5.880384,-3.320557,20.636580,6.552416,-1318.626000,1,10.000000,2.143718,1
5.963641,-1.827226,18.975950,5.881021,-1418.351000,1,10.000000,2.349927,0
5.603207,-2.865516,21.005350,-9.287431,-767.335700,1,10.000000,2.400563,1
5.629655,-2.817506,20.370420,-9.100270,-766.569100,1,10.000000,2.377359,1
5.714199,-2.978595,20.390360,6.507267,-1346.683000,1,10.000000,2.285901,1
5.799505,-2.291245,14.225380,4.577098,228.546500,0,10.000000,2.311820,0
5.852040,-1.955975,16.290520,4.869125,176.442800,0,10.000000,2.388246,0
5.694293,-2.061769,14.129690,4.354023,215.512300,0,10.000000,2.489290,0
5.801818,-1.935043,16.235520,4.675168,176.840600,0,10.000000,2.442567,0
5.611040,-3.053596,20.203280,6.684772,-1328.154000,1,10.000000,2.389561,1
5.872103,-2.014556,14.725850,4.244135,209.635900,0,10.000000,2.345004,0
5.832846,-2.548166,18.871840,-8.455193,-764.273900,1,10.000000,2.213755,1
5.870900,-1.923718,14.367100,4.056481,208.716700,0,10.000000,2.385676,0
5.841185,-2.628695,16.214480,5.219252,226.274200,0,10.000000,2.190513,1
5.803421,-3.142657,20.650690,-9.624709,-766.569100,1,10.000000,2.201206,1
5.319260,-2.755924,19.869780,-9.000945,-766.569100,1,10.000000,2.691829,1
5.596679,-2.899014,19.682320,-9.133312,-765.803200,1,10.000000,2.405442,1
5.406894,-3.238525,14.717090,6.114652,245.245400,0,10.000000,2.604053,1
5.233699,-2.800503,18.535920,-8.897540,-765.038200,1,10.000000,2.773485,1
5.576878,-1.912187,21.684280,-7.767812,-768.103100,1,10.000000,2.656098,1
5.542332,-2.946105,18.248330,5.971167,-1315.294000,1,10.000000,2.458259,1
5.381670,-3.237799,19.150840,6.597944,-1321.690000,1,10.000000,2.629107,1
5.569662,-2.021564,15.499590,4.693139,190.327100,0,10.000000,2.619901,0
5.286188,-2.409227,16.384920,5.402552,196.625200,0,10.000000,2.777371,0
5.435356,-3.064002,15.622610,5.787968,242.275000,0,10.000000,2.565442,1
5.328273,-2.726222,19.775750,6.355967,-1365.730000,1,10.000000,2.685718,1
5.420917,-2.435985,19.956590,6.310936,-1393.586000,1,10.000000,2.640034,0
5.508142,-2.452048,21.565770,-8.698609,-768.103100,1,10.000000,2.551393,1
5.471109,-2.149807,15.361620,4.761145,200.435300,0,10.000000,2.667979,0
5.615914,-1.858797,15.990910,4.775491,168.500500,0,10.000000,2.643143,0
5.489834,-2.080439,17.193000,5.242369,-1363.624000,1,10.000000,2.673299,0
5.440907,-2.633021,17.772740,-8.525432,763.510300,0,10.000000,2.585272,1
5.356394,-3.091216,19.125740,6.521082,-1331.166000,1,10.000000,2.645179,1
5.264110,-2.258486,18.464290,5.819839,-1382.565000,1,10.000000,2.834597,0
5.826049,-3.011613,20.687190,-9.413347,-766.569100,1,10.000000,2.173982,1
5.718029,-2.540356,15.221620,5.216826,224.956800,0,10.000000,2.327802,1
5.991203,-2.848752,19.534620,6.212699,-1336.320000,1,10.000000,2.014482,1
5.896683,-2.771005,20.041030,6.160350,-1348.570000,1,10.000000,2.115746,1
6.076691,-2.516094,21.794490,-8.705059,-767.335700,1,10.000000,1.983251,1
5.871231,-1.937162,16.315770,4.893879,-1348.066000,1,10.000000,2.379345,0
5.895657,-2.894500,18.216930,5.966649,-1314.151000,1,10.000000,2.106986,1
6.031620,-2.209254,18.495430,5.403321,-1362.049000,1,10.000000,2.121273,0
6.087031,-2.887463,18.498360,5.976997,-1315.019000,1,10.000000,1.916276,1
5.956886,-2.849251,16.339030,5.482795,236.001900,0,10.000000,2.048668,1
5.731771,-2.850546,19.760950,6.314014,-1345.584000,1,10.000000,2.273147,1
5.876478,-2.167351,16.299250,5.059554,192.113300,0,10.000000,2.280932,0
5.244440,-2.714062,16.766130,5.863349,-1320.623000,1,10.000000,2.770356,1
5.283793,-2.066633,16.418010,5.149985,170.329300,0,10.000000,2.872099,0
5.364205,-3.188502,14.678760,5.861343,250.559400,0,10.000000,2.642526,1
5.418676,-2.809511,17.248170,-8.724490,762.747500,0,10.000000,2.588343,1
5.138012,-2.634979,17.663680,5.883399,-1339.698000,1,10.000000,2.885172,1
5.208988,-2.530224,19.076550,-8.557076,-765.803200,1,10.000000,2.830271,1
5.351995,-1.979148,18.049210,5.650834,-1399.177000,1,10.000000,2.837970,0
5.194637,-3.197334,16.172790,6.007540,241.314900,0,10.000000,2.812295,1
5.160311,-2.908606,16.155230,5.806056,226.341700,0,10.000000,2.841159,1
5.400999,-3.036632,17.474730,6.052795,-1305.460000,1,10.000000,2.599259,1
5.389000,-3.004789,16.299260,-8.898953,761.224200,0,10.000000,2.611004,1
5.296037,-3.110546,16.313620,6.128079,231.183500,0,10.000000,2.706222,1
5.154756,-2.735767,20.956490,-9.187781,-768.103100,1,10.000000,2.857487,1
5.124044,-2.661096,19.554920,-8.847997,-766.569100,1,10.000000,2.895855,1
5.458885,-2.455993,18.743840,6.006946,-1366.630000,1,10.000000,2.598694,0
5.181988,-2.474259,16.227160,5.573013,198.211600,0,10.000000,2.866635,0
5.338563,-1.931884,18.028860,5.722446,-1405.142000,1,10.000000,2.867772,0
5.200759,-2.976830,18.486010,-9.164703,765.038200,0,10.000000,2.799336,1
5.291794,-3.060002,19.022640,6.565467,-1332.120000,1,10.000000,2.708871,1
5.434104,-3.079411,14.770620,5.985314,236.794200,0,10.000000,2.567124,1
5.517363,-3.104246,17.881960,-9.198612,763.510300,0,10.000000,2.484825,1
5.595176,-3.018495,18.313680,6.155785,-1314.872000,1,10.000000,2.404895,1
5.447467,-3.155508,18.655190,6.330272,-1314.362000,1,10.000000,2.557266,1
5.587337,-3.179864,17.981920,-9.306638,763.510300,0,10.000000,2.419358,1
5.327225,-2.781345,19.261300,-8.949454,-765.803200,1,10.000000,2.681704,1
5.380785,-3.245008,20.503000,6.781089,-1338.633000,1,10.000000,2.630650,1
5.566314,-3.220011,17.165830,6.342988,-1297.180000,1,10.000000,2.443611,1
5.406637,-3.298730,15.896260,-9.237909,760.463700,0,10.000000,2.610512,1
5.402419,-3.201011,17.225590,-9.268241,762.747500,0,10.000000,2.605347,1
5.609912,-2.172718,15.948510,5.052494,192.702000,0,10.000000,2.529212,0
5.587568,-2.934963,16.281550,5.711351,233.523700,0,10.000000,2.413308,1
5.590815,-2.439854,15.075600,5.075298,220.923300,0,10.000000,2.473446,0
5.407064,-2.934488,19.878470,6.580779,-1352.855000,1,10.000000,2.593764,1
6.152804,-2.529617,15.780330,4.963435,230.269400,0,10.000000,1.906146,1
6.034030,-2.771445,21.022640,-9.025979,-766.569100,1,10.000000,1.979211,1
5.958262,-2.851074,20.126260,6.313163,-1345.513000,1,10.000000,2.047162,1
6.076144,-3.081055,15.596970,5.998431,255.324800,0,10.000000,1.925563,1
6.149327,-2.327735,20.545830,-8.240686,-765.803200,1,10.000000,1.968993,1
5.923183,-3.006058,16.720200,5.912759,232.558000,0,10.000000,2.076826,1
6.113784,-3.182966,15.644110,5.870516,249.788400,0,10.000000,1.895069,1
6.008625,-2.584070,16.000110,5.217092,225.694500,0,10.000000,2.034348,1
5.993474,-2.724877,15.553240,5.261511,237.106200,0,10.000000,2.025300,1
6.198895,-2.004407,14.737660,4.424909,225.522900,0,10.000000,2.057956,0
6.145262,-2.917242,18.257310,-8.874116,-762.747500,1,10.000000,1.856584,1
6.214955,-3.269535,17.574160,6.221998,-1286.238000,1,10.000000,1.805280,1
6.180637,-2.664723,14.999960,5.250604,236.502100,0,10.000000,1.849998,1
6.113306,-2.761355,18.551280,5.876807,-1322.515000,1,10.000000,1.901727,1
5.549713,-2.116046,16.322260,4.980611,-1340.295000,1,10.000000,2.604857,0
5.596923,-2.606298,20.317620,-8.759612,-766.569100,1,10.000000,2.435114,1
5.619184,-3.037532,16.603750,-8.942199,761.224200,0,10.000000,2.381111,1
5.792900,-3.215985,18.582360,6.474586,-1309.780000,1,10.000000,2.217643,1
5.587724,-2.536928,15.880980,5.339997,216.175900,0,10.000000,2.456320,1
5.635831,-2.153452,18.467990,5.612366,-1380.244000,1,10.000000,2.511163,0
5.611913,-2.215927,14.753210,4.534760,217.774000,0,10.000000,2.513510,0
5.606097,-2.989387,16.291710,5.935287,230.666400,0,10.000000,2.393926,1
5.422790,-2.351939,16.115260,5.384702,194.756400,0,10.000000,2.657441,0
5.549718,-2.861397,15.367620,5.708013,232.282000,0,10.000000,2.454199,1
5.611064,-2.664116,16.809600,5.579097,213.562700,0,10.000000,2.412433,1
5.517169,-3.160194,20.188990,-9.652994,-766.569100,1,10.000000,2.487993,1
5.493279,-2.904071,18.372480,-8.978584,-764.273900,1,10.000000,2.508555,1
5.584910,-2.789052,15.020600,5.463669,236.084400,0,10.000000,2.424285,1
5.712509,-2.765025,17.961770,5.872257,-1322.111000,1,10.000000,2.299528,1
5.739402,-3.097277,17.693620,-9.124165,762.747500,0,10.000000,2.262690,1
5.688428,-3.191906,19.031690,6.273398,-1309.582000,1,10.000000,2.319525,1
5.641914,-3.212770,14.626290,6.121376,243.920700,0,10.000000,2.367666,1
5.523600,-1.945537,15.440530,4.790609,182.216000,0,10.000000,2.691552,0
5.577885,-3.172067,14.953220,5.882472,248.783500,0,10.000000,2.428219,1
5.521504,-3.286216,19.376380,6.519851,-1315.119000,1,10.000000,2.494967,1
5.610715,-2.163018,14.384530,4.295413,221.146900,0,10.000000,2.531644,0
5.517319,-2.467887,18.407830,-8.337134,764.273900,0,10.000000,2.539064,1
5.759642,-2.421387,19.332800,-8.323121,-765.038200,1,10.000000,2.313870,1
5.464372,-2.686767,19.475590,-8.801677,-765.803200,1,10.000000,2.554902,1
5.770162,-1.839950,16.632100,5.128356,-1359.602000,1,10.000000,2.513542,0
5.432766,-2.175641,14.523020,4.581724,213.862100,0,10.000000,2.696341,0
5.482002,-2.995715,17.593850,6.112968,-1310.513000,1,10.000000,2.518001,1
5.704158,-3.132062,18.148800,-9.238349,763.510300,0,10.000000,2.299637,1
5.441377,-2.970977,19.935650,6.519963,-1347.749000,1,10.000000,2.558788,1
5.645658,-2.485174,19.662780,6.088779,-1374.240000,1,10.000000,2.409974,1
5.623784,-2.151602,17.372800,5.371943,-1358.669000,1,10.000000,2.523130,0
5.508205,-1.972626,16.729700,5.280551,159.453200,0,10.000000,2.695281,0
5.570815,-2.700624,17.246260,5.605062,212.151900,0,10.000000,2.447564,1
5.634364,-2.169493,15.992610,4.818197,196.443400,0,10.000000,2.507185,0
5.590838,-3.203552,16.240680,6.267342,240.958300,0,10.000000,2.417745,1
5.717601,-3.136453,19.871260,-9.504312,-765.803200,1,10.000000,2.286474,1
5.689021,-3.320177,16.843690,6.151662,245.175000,0,10.000000,2.333053,1
5.796766,-2.711360,18.281100,-8.637345,-763.510300,1,10.000000,2.222060,1
5.792119,-2.826004,16.122230,5.513383,233.438700,0,10.000000,2.214727,1
5.766306,-3.172748,15.615580,5.914904,246.817200,0,10.000000,2.240364,1
5.904299,-2.976023,21.507170,-9.471610,-767.335700,1,10.000000,2.095838,1
5.838665,-2.149887,18.775310,5.617769,-1380.694000,1,10.000000,2.322512,0
5.624638,-2.508145,19.002830,5.925456,-1359.815000,1,10.000000,2.425750,1
5.739283,-3.223758,15.992220,6.199749,239.605900,0,10.000000,2.271764,1
5.752794,-2.872503,19.162100,6.175588,-1333.207000,1,10.000000,2.250820,1
5.771946,-2.133173,14.207960,4.512265,218.132100,0,10.000000,2.390734,0
5.839980,-2.591291,21.399970,-8.830389,-767.335700,1,10.000000,2.198347,1
5.737441,-2.617453,18.196350,-8.503191,-763.510300,1,10.000000,2.294672,1
5.546348,-3.115057,17.923360,-9.214057,763.510300,0,10.000000,2.456348,1
6.286362,-2.690340,14.744210,5.184227,241.301600,0,10.000000,1.741391,1
6.182674,-2.059636,19.296530,5.754513,-1392.097000,1,10.000000,2.046206,0
6.396084,-3.171454,19.511970,6.228138,-1305.012000,1,10.000000,1.613054,1
6.291883,-2.620547,19.411970,5.905268,-1341.529000,1,10.000000,1.749757,1
6.289347,-2.350118,14.816530,4.511850,233.987000,0,10.000000,1.829940,1
6.171559,-2.213600,18.143310,5.523860,-1355.568000,1,10.000000,1.990383,0
6.340329,-2.532977,17.340790,5.414628,210.695700,0,10.000000,1.724128,1
6.387694,-2.943745,18.594020,-8.910926,762.747500,0,10.000000,1.613287,1
6.400158,-2.055378,17.011730,4.738331,187.326900,0,10.000000,1.857903,0
6.369416,-1.918767,15.718820,4.211523,197.356300,0,10.000000,1.956494,0
6.295707,-2.889368,18.253600,5.899643,-1307.767000,1,10.000000,1.707880,1
6.340636,-3.280015,18.272010,6.257267,-1289.968000,1,10.000000,1.682824,1
6.242284,-3.045394,16.242400,5.771154,242.926300,0,10.000000,1.758302,1
6.202415,-3.205674,16.175920,5.872796,250.356500,0,10.000000,1.809313,1
6.306535,-2.750009,20.791470,-8.900492,-765.803200,1,10.000000,1.711818,1
6.150929,-3.011423,20.422390,6.346938,-1332.454000,1,10.000000,1.849106,1
5.550127,-2.852410,19.467980,6.311009,-1345.332000,1,10.000000,2.454315,1
5.673204,-2.868862,19.666490,6.284472,-1343.106000,1,10.000000,2.330488,1
5.496792,-3.240093,19.336520,6.594244,-1321.378000,1,10.000000,2.514696,1
5.350538,-3.156125,16.389310,6.064775,236.504200,0,10.000000,2.654058,1
5.640816,-3.137047,17.287980,6.147028,-1296.667000,1,10.000000,2.363161,1
5.464228,-3.313993,16.399000,-9.305847,761.224200,0,10.000000,2.555139,1
5.469151,-2.804838,18.336990,-8.832652,764.273900,0,10.000000,2.538362,1
5.521036,-2.711817,20.097020,6.379975,-1367.742000,1,10.000000,2.495659,1
5.596910,-2.831929,17.269660,5.694965,220.508100,0,10.000000,2.408960,1
5.436810,-2.640265,17.054820,5.691288,204.933300,0,10.000000,2.588311,1
5.429856,-2.047755,17.107320,5.289062,-1367.514000,1,10.000000,2.740878,0
5.597328,-2.107681,20.995560,-8.024368,-767.335700,1,10.000000,2.563019,1
5.629354,-2.471563,16.861540,5.315975,203.858600,0,10.000000,2.428829,1
5.559292,-2.105084,17.292230,5.207163,-1360.692000,1,10.000000,2.599602,0
5.357585,-2.245475,18.034630,5.708379,-1372.497000,1,10.000000,2.748029,0
5.668991,-2.263782,17.950240,5.561172,-1359.446000,1,10.000000,2.444509,0
5.443591,-2.968882,14.427540,5.493967,248.718100,0,10.000000,2.556599,1
5.643153,-2.081469,18.479080,5.721433,-1389.338000,1,10.000000,2.529511,0
5.937483,-3.323158,17.188780,6.147522,245.523400,0,10.000000,2.087680,1
6.077856,-3.198347,18.454870,6.119668,-1295.131000,1,10.000000,1.932351,1
6.007997,-2.264840,16.472310,4.931281,202.809100,0,10.000000,2.123332,0
6.075741,-2.562673,15.670650,5.189193,227.267900,0,10.000000,1.973329,1
6.043658,-2.238905,14.516200,4.638928,223.391000,0,10.000000,2.099176,0
5.925828,-2.030140,17.309730,5.200670,-1359.388000,1,10.000000,2.289720,0
6.167119,-3.031197,20.573640,-9.339849,-765.803200,1,10.000000,1.833147,1
6.001576,-2.031625,21.669300,-7.897608,-767.335700,1,10.000000,2.220687,1
5.817255,-3.249214,17.524320,6.301269,233.350500,0,10.000000,2.196926,1
5.819401,-3.029316,15.287810,5.754934,243.535100,0,10.000000,2.180796,1
5.836363,-2.696976,19.449040,-8.740680,-765.038200,1,10.000000,2.184754,1
5.964787,-2.656103,15.531220,5.072312,237.042900,0,10.000000,2.064063,1
5.888182,-2.899094,17.900260,-8.848910,762.747500,0,10.000000,2.114228,1
6.008444,-2.657417,17.871440,5.666787,-1320.036000,1,10.000000,2.020807,1
6.012336,-2.174127,16.935620,5.138359,-1337.667000,1,10.000000,2.152411,0
5.493218,-2.259179,19.441450,5.962471,-1395.236000,1,10.000000,2.613957,0
5.390515,-1.862399,16.118500,5.095892,-1365.638000,1,10.000000,2.846673,0
5.448289,-3.257798,16.997220,6.289005,-1292.638000,1,10.000000,2.564701,1
5.279023,-1.933007,17.400090,5.581052,-1392.600000,1,10.000000,2.922703,0
5.382520,-2.362814,19.239900,6.271255,-1392.682000,1,10.000000,2.693920,0
5.121650,-2.326174,16.643440,5.363039,-1342.145000,1,10.000000,2.956170,0
5.162753,-3.130303,14.421340,5.933432,244.500200,0,10.000000,2.840238,1
5.192330,-3.119244,18.473240,-9.380483,-765.038200,1,10.000000,2.810201,1
5.449327,-2.757066,19.452090,-8.911518,-765.803200,1,10.000000,2.562216,1
5.267896,-3.043954,17.817800,6.117211,-1311.633000,1,10.000000,2.732457,1
5.225855,-2.479295,16.779820,5.394028,-1328.921000,1,10.000000,2.822590,0
5.342413,-2.528324,18.549990,6.146634,-1362.726000,1,10.000000,2.699120,0
5.297612,-1.965317,14.380670,4.603794,203.465900,0,10.000000,2.893695,0
5.182756,-2.541625,18.312390,5.873146,-1355.440000,1,10.000000,2.854290,0
5.148086,-2.400507,14.501160,5.123945,225.442400,0,10.000000,2.914242,0
5.510086,-2.106721,19.468660,6.208370,-1415.760000,1,10.000000,2.645301,0
5.241713,-2.801229,18.984630,6.111600,-1344.485000,1,10.000000,2.765440,1
6.065475,-2.392803,16.522800,5.265541,206.549000,0,10.000000,2.027579,1
6.055377,-2.663868,20.296990,6.333151,-1363.051000,1,10.000000,1.973459,1
5.741642,-2.377759,16.544880,5.361899,199.259700,0,10.000000,2.342512,0
5.833166,-2.912404,18.333100,-8.924550,763.510300,0,10.000000,2.168604,1
6.095491,-2.644431,16.996360,5.535247,-1307.499000,1,10.000000,1.937416,1
6.134172,-3.271212,19.712480,6.463097,-1309.578000,1,10.000000,1.885436,1
5.865803,-2.606836,17.163410,5.658652,-1318.593000,1,10.000000,2.170109,1
5.939223,-2.743001,16.329840,5.341464,231.933300,0,10.000000,2.076740,1
5.923542,-2.906410,18.257930,5.949132,-1312.682000,1,10.000000,2.078566,1
6.058331,-3.162148,17.372360,6.056409,237.207300,0,10.000000,1.948428,1
5.959456,-2.129996,18.946960,5.890065,-1375.472000,1,10.000000,2.218271,0
5.987734,-2.338389,16.890120,5.161366,200.183500,0,10.000000,2.118241,0
5.979354,-3.018674,16.796110,5.895709,233.989500,0,10.000000,2.020732,1
6.056306,-2.149292,21.760520,-8.093721,-767.335700,1,10.000000,2.121709,1
6.066312,-2.744705,17.427960,5.745934,-1310.021000,1,10.000000,1.950467,1
6.054814,-3.221248,19.780030,-9.535034,-765.038200,1,10.000000,1.957728,1
5.823150,-2.580573,17.105790,5.676365,-1327.238000,1,10.000000,2.216889,1
5.579330,-1.832909,17.852660,5.509263,-1402.325000,1,10.000000,2.687330,0
5.312708,-2.505995,19.776240,6.194252,-1383.827000,1,10.000000,2.732322,0
5.384145,-2.693653,16.979590,5.615020,211.318200,0,10.000000,2.633733,1
5.365294,-3.282459,18.511110,6.445522,-1308.100000,1,10.000000,2.649804,1
5.581778,-2.028463,20.969640,-7.892339,-767.335700,1,10.000000,2.606085,1
5.321131,-3.135192,17.342040,6.212542,225.610500,0,10.000000,2.682278,1
5.440829,-2.247883,20.734720,-8.258039,-767.335700,1,10.000000,2.667402,1
5.574467,-2.051081,20.957450,-7.930036,-767.335700,1,10.000000,2.604545,1
5.524436,-3.203135,15.301570,5.875614,250.119600,0,10.000000,2.483885,1
5.431121,-2.711729,16.086000,5.708829,212.864800,0,10.000000,2.585002,1
5.232222,-2.487898,21.090050,-8.760420,-768.103100,1,10.000000,2.814754,1
5.466604,-2.945076,18.714930,6.062193,-1323.695000,1,10.000000,2.533991,1
5.329642,-2.223344,16.940570,5.509939,172.614600,0,10.000000,2.781008,0
5.315460,-2.980834,18.464100,6.299702,-1327.721000,1,10.000000,2.684609,1
5.389320,-2.884270,18.016490,6.064856,-1323.153000,1,10.000000,2.613244,1
5.571110,-2.522412,18.919200,5.903167,-1357.951000,1,10.000000,2.475398,1
5.337004,-2.942335,16.884030,5.823976,-1301.419000,1,10.000000,2.663620,1
5.249942,-2.632123,18.014630,-8.578660,-764.273900,1,10.000000,2.774554,1
5.624216,-3.303078,15.840680,6.095369,248.387900,0,10.000000,2.395038,1
5.867547,-2.794413,21.445920,-9.168925,-767.335700,1,10.000000,2.142341,1
5.732172,-3.140620,17.418490,6.141923,230.782700,0,10.000000,2.272183,1
5.896080,-2.289005,19.439610,6.014949,-1383.091000,1,10.000000,2.220809,0
5.606727,-2.876315,16.775250,5.850903,222.579700,0,10.000000,2.396467,1
5.827882,-2.511276,18.722180,5.805961,-1349.056000,1,10.000000,2.226421,1
5.612660,-2.320917,20.343010,-8.299318,-766.569100,1,10.000000,2.482045,1
5.671881,-2.063339,14.115760,4.118711,219.305100,0,10.000000,2.509477,0
5.688870,-2.915791,17.386700,5.861895,222.420400,0,10.000000,2.312663,1
5.792973,-2.653103,18.656050,5.855939,-1337.399000,1,10.000000,2.234123,1
5.626942,-2.248371,16.870780,5.374174,183.183500,0,10.000000,2.489247,0
5.689522,-2.002939,18.549340,5.840418,-1399.259000,1,10.000000,2.516434,0
5.719790,-2.754551,16.946680,5.732259,-1308.875000,1,10.000000,2.293382,1
5.786117,-2.521873,18.803120,-8.416527,-764.273900,1,10.000000,2.264925,1
5.680693,-3.072959,18.115280,-9.153915,-763.510300,1,10.000000,2.320454,1
5.662601,-2.897971,20.318930,6.350284,-1349.394000,1,10.000000,2.339624,1
5.888892,-3.101305,19.344910,6.414962,-1321.480000,1,10.000000,2.113538,1
6.017046,-1.989118,16.073160,4.734737,186.865500,0,10.000000,2.225756,0
5.954340,-2.021540,15.581620,4.611155,196.389600,0,10.000000,2.267621,0
5.961532,-2.811768,20.252400,-8.996990,-765.803200,1,10.000000,2.047140,1
6.067604,-3.029640,19.217080,-9.163244,-764.273900,1,10.000000,1.932624,1
5.843033,-2.145114,15.430750,4.691393,205.485800,0,10.000000,2.320202,0
5.845231,-2.999781,20.070680,-9.290762,-765.803200,1,10.000000,2.154769,1
5.802968,-2.958340,18.827900,-9.058391,-764.273900,1,10.000000,2.197428,1
5.960178,-2.555846,15.143000,4.878951,236.568900,0,10.000000,2.087617,1
6.034112,-2.802150,19.007680,5.904792,-1325.624000,1,10.000000,1.975818,1
5.974062,-2.273255,15.188700,4.710706,218.921600,0,10.000000,2.152343,0
5.867279,-3.157736,16.930640,-9.100408,761.224200,0,10.000000,2.138546,1
5.874669,-1.962626,17.753870,5.188686,-1374.884000,1,10.000000,2.364990,0
5.734651,-2.146088,20.539760,-8.017336,-766.569100,1,10.000000,2.420945,1
5.463910,-2.937524,19.973210,6.575718,-1352.430000,1,10.000000,2.536859,1
5.676522,-2.752296,17.383390,5.808727,-1316.046000,1,10.000000,2.336644,1
5.573671,-3.208874,19.460520,6.644598,-1325.615000,1,10.000000,2.435303,1
5.673219,-2.871057,18.637100,-8.930034,-764.273900,1,10.000000,2.330351,1
5.654679,-3.034045,18.078120,-9.098324,763.510300,0,10.000000,2.345568,1
5.482478,-2.945119,18.356590,-9.038949,-764.273900,1,10.000000,2.518121,1
5.439243,-2.893501,17.030090,5.893739,219.749200,0,10.000000,2.562971,1
5.429332,-2.203692,14.150320,4.485009,221.160000,0,10.000000,2.691179,0
5.475907,-2.300952,16.198460,5.211958,195.960900,0,10.000000,2.619105,0
5.681648,-1.981033,18.548680,5.647978,-1398.939000,1,10.000000,2.532400,0
5.465407,-2.265690,14.549210,4.716700,218.421900,0,10.000000,2.638821,0
5.631083,-2.808503,15.487170,5.485375,235.025100,0,10.000000,2.376644,1
5.643931,-3.236194,20.393440,-9.775577,-766.569100,1,10.000000,2.367878,1
5.800311,-3.180762,20.518780,6.472468,-1327.846000,1,10.000000,2.207103,1
5.556247,-2.413419,14.262700,4.983019,220.253900,0,10.000000,2.513167,0
5.521813,-3.220454,14.864490,6.137501,243.323000,0,10.000000,2.487973,1
5.625433,-3.134743,15.014460,5.929215,244.854700,0,10.000000,2.378387,1
5.727569,-2.523918,18.011160,5.683253,-1338.030000,1,10.000000,2.321766,1
6.113459,-2.305140,17.060020,5.206298,-1327.538000,1,10.000000,2.010440,1
6.112779,-2.962921,16.991290,5.673570,236.693000,0,10.000000,1.887586,1
6.282588,-2.818780,20.754050,-9.007947,-765.803200,1,10.000000,1.726946,1
6.198300,-1.930828,15.129610,4.121092,204.108400,0,10.000000,2.095054,0
6.301968,-2.022801,17.350190,4.879132,-1347.600000,1,10.000000,1.959141,0
6.146470,-2.265145,18.107470,5.450223,-1349.422000,1,10.000000,1.993887,0
6.273845,-2.507026,17.264070,5.187213,213.854500,0,10.000000,1.795170,1
6.053465,-2.907142,19.022780,6.030200,-1320.246000,1,10.000000,1.948749,1
6.055463,-2.920640,15.601800,5.591425,241.302000,0,10.000000,1.946155,1
6.126356,-2.672240,17.038070,5.497668,219.617700,0,10.000000,1.902096,1
6.245805,-2.135912,17.754140,5.053763,-1347.151000,1,10.000000,1.955466,0
6.269914,-2.351940,18.821580,5.679085,-1353.500000,1,10.000000,1.847480,1
6.054886,-3.032503,14.789010,5.691493,247.367400,0,10.000000,1.945385,1
6.095531,-2.629667,16.996420,5.555198,-1309.170000,1,10.000000,1.940141,1
6.141034,-2.366642,17.097280,5.123187,-1320.601000,1,10.000000,1.963898,1
6.083106,-3.201441,16.007310,6.193237,252.958300,0,10.000000,1.927449,1
6.076242,-2.732213,17.954420,5.837418,-1318.450000,1,10.000000,1.942307,1
6.098211,-2.138041,21.830360,-8.074969,-767.335700,1,10.000000,2.088008,1
6.108304,-2.256628,14.239710,4.571002,228.298000,0,10.000000,2.032515,0
6.067368,-2.508940,17.456850,5.524845,-1323.255000,1,10.000000,1.994043,1
6.160604,-3.291948,17.009990,6.147632,244.752100,0,10.000000,1.862421,1
6.099686,-2.126245,16.594220,5.101241,185.504400,0,10.000000,2.091565,0
6.269556,-2.683228,19.997360,5.914919,-1343.102000,1,10.000000,1.759199,1
6.148107,-3.250937,21.206630,-9.799355,-766.569100,1,10.000000,1.868817,1
6.348211,-2.080030,16.931880,4.935913,186.637900,0,10.000000,1.890701,0
6.035637,-2.906704,17.370970,5.808695,-1299.375000,1,10.000000,1.966577,1
6.340330,-2.993660,16.814170,5.880609,234.496300,0,10.000000,1.659682,1
6.332119,-3.278822,20.021780,6.451206,-1308.578000,1,10.000000,1.691026,1
6.188707,-2.174305,21.272110,-8.062848,-766.569100,1,10.000000,1.990616,1
6.488363,-1.854701,19.189480,5.477214,-1399.658000,1,10.000000,1.896511,0
5.536989,-2.228093,19.500050,6.252798,-1403.729000,1,10.000000,2.581136,0
5.380921,-2.419657,17.514230,5.579500,-1345.180000,1,10.000000,2.682606,0
5.423476,-3.062023,17.254830,-9.075202,762.747500,0,10.000000,2.577271,1
5.418569,-2.175314,19.404020,-8.002528,-765.803200,1,10.000000,2.709962,1
5.492211,-2.149348,18.250380,5.618587,-1380.763000,1,10.000000,2.648134,0
5.304211,-2.149409,16.434680,5.268822,-1349.308000,1,10.000000,2.826798,0
5.234084,-2.704762,15.401090,5.391643,227.732400,0,10.000000,2.781629,1
5.310667,-3.322526,15.861420,6.106310,248.228700,0,10.000000,2.708604,1
5.297493,-2.558117,17.918560,5.734988,-1343.121000,1,10.000000,2.738394,1
5.356345,-2.288628,18.020480,5.888245,-1371.740000,1,10.000000,2.737693,0
5.483111,-1.875352,15.014830,4.348762,186.717800,0,10.000000,2.756730,0
5.269934,-2.564276,16.349300,5.447989,208.667600,0,10.000000,2.764618,1
5.404150,-3.199899,14.715120,6.150778,239.132200,0,10.000000,2.603535,1
5.219481,-2.733268,15.381690,5.354111,230.874500,0,10.000000,2.793283,1
5.486014,-3.183605,17.341700,-9.244065,762.747500,0,10.000000,2.520682,1
5.547578,-1.863963,18.356340,5.609539,-1411.433000,1,10.000000,2.702768,0
5.545142,-2.023339,17.791440,5.448211,-1381.534000,1,10.000000,2.642006,0
5.653266,-2.001814,14.439240,4.487804,205.137100,0,10.000000,2.550203,0
5.441566,-2.176314,17.615800,5.689800,-1370.182000,1,10.000000,2.687759,0
5.513537,-3.247998,20.025170,6.673347,-1328.800000,1,10.000000,2.498800,1
5.688598,-1.937300,18.559220,5.714240,-1404.459000,1,10.000000,2.543995,0
5.569631,-1.873056,14.009740,4.113775,203.958500,0,10.000000,2.678936,0
5.549777,-3.112030,16.200290,6.075784,234.816800,0,10.000000,2.452783,1
5.486301,-2.295696,18.229650,5.632286,-1366.146000,1,10.000000,2.610503,0
5.459292,-2.515006,16.612300,5.516419,202.944700,0,10.000000,2.586584,1
5.303781,-2.488256,15.953170,5.212578,211.735200,0,10.000000,2.744354,0
5.525587,-3.120388,17.893700,-9.221671,-763.510300,1,10.000000,2.477340,1
5.395592,-2.656600,20.659330,-8.939237,-767.335700,1,10.000000,2.626949,1
5.412296,-2.729792,16.519600,5.766646,213.738500,0,10.000000,2.601773,1
5.701465,-1.947733,19.159290,6.072709,-1419.393000,1,10.000000,2.527949,0
5.297992,-3.200089,15.410570,6.221431,237.173600,0,10.000000,2.709406,1
5.169053,-2.549635,14.525200,4.934647,232.674500,0,10.000000,2.866547,1
5.404918,-1.946308,18.707070,5.852372,-1416.730000,1,10.000000,2.800843,0
5.187234,-3.175431,16.162500,6.037961,238.758000,0,10.000000,2.818232,1
5.254315,-2.579515,20.423860,-8.810761,-767.335700,1,10.000000,2.777696,1
5.251770,-3.166638,18.017310,-9.364713,-764.273900,1,10.000000,2.753277,1
5.432966,-2.234939,16.613510,5.150033,186.092300,0,10.000000,2.678616,0
5.322338,-2.066175,14.400040,4.477995,206.711500,0,10.000000,2.835825,0
5.274687,-2.651255,19.179200,-8.746189,-765.803200,1,10.000000,2.747536,1
5.262794,-2.401368,18.580000,-8.292789,765.038200,0,10.000000,2.801903,1
5.330936,-2.491745,19.267100,-8.496954,-765.803200,1,10.000000,2.717025,1
5.206410,-3.100055,17.173330,6.264215,221.267300,0,10.000000,2.795381,1
5.245638,-3.195807,16.547680,-9.201550,761.985500,0,10.000000,2.761313,1
5.443127,-2.789437,17.775910,-8.748883,763.510300,0,10.000000,2.565529,1
5.548149,-1.940425,17.276310,5.442389,-1380.286000,1,10.000000,2.671006,0
5.197905,-2.725091,18.309250,6.122656,-1344.646000,1,10.000000,2.815548,1
6.065801,-2.403310,17.979670,5.503119,-1338.020000,1,10.000000,2.024146,1
6.056029,-2.624894,19.663730,6.006068,-1350.732000,1,10.000000,1.979830,1
6.135614,-2.964737,17.494990,6.024847,223.908200,0,10.000000,1.864719,1
6.075996,-3.298478,19.621590,6.420494,-1305.994000,1,10.000000,1.947018,1
6.008940,-3.166918,16.820780,6.001611,241.051200,0,10.000000,1.998045,1
5.989332,-2.100019,15.625360,4.513056,204.552900,0,10.000000,2.202896,0
6.006154,-3.081584,17.300140,6.177022,239.340600,0,10.000000,1.995515,1
5.875891,-2.248460,19.408370,6.087409,-1375.371000,1,10.000000,2.253142,0
6.058332,-2.223308,14.534100,4.664997,233.977100,0,10.000000,2.091249,0
5.887562,-3.200127,17.625610,6.368353,231.840400,0,10.000000,2.121896,1
6.074146,-2.660058,16.507380,5.450599,222.796900,0,10.000000,1.955626,1
5.930993,-2.736410,17.253960,5.478688,-1303.527000,1,10.000000,2.085730,1
5.891868,-2.368010,15.876570,4.971143,214.538800,0,10.000000,2.200825,1
5.818201,-2.299606,16.661020,5.213778,-1328.162000,1,10.000000,2.291462,0
5.864593,-3.282822,19.291270,6.444956,-1308.052000,1,10.000000,2.154055,1
6.033533,-2.972778,18.102140,-8.951249,762.747500,0,10.000000,1.966656,1
5.889541,-2.374994,16.757430,5.111901,-1319.659000,1,10.000000,2.201061,1
5.845200,-2.390424,14.264970,4.718046,232.629200,0,10.000000,2.239363,1
6.276352,-1.891567,15.222980,4.167922,200.219200,0,10.000000,2.049289,0
5.898820,-3.268243,20.154420,-9.710233,-765.803200,1,10.000000,2.118233,1
6.069340,-2.124816,17.012650,5.204994,180.747500,0,10.000000,2.119763,0
6.203916,-2.804190,19.252440,6.166955,-1338.167000,1,10.000000,1.806726,1
6.053315,-2.574927,19.050500,5.974388,-1347.315000,1,10.000000,1.992553,1
6.194285,-2.742650,17.605700,5.748789,-1310.260000,1,10.000000,1.823961,1
5.964076,-2.752793,15.102980,5.467595,234.996400,0,10.000000,2.050877,1
6.069981,-2.345958,14.909750,4.820595,224.827500,0,10.000000,2.037829,1
6.080431,-2.002347,14.249500,4.131310,217.501100,0,10.000000,2.163344,0
6.010773,-2.278243,20.329340,-8.163356,-765.803200,1,10.000000,2.116119,1
5.925823,-3.315051,16.237670,6.079625,249.712500,0,10.000000,2.097967,1
6.093433,-2.973204,19.255060,-9.080250,-764.273900,1,10.000000,1.906755,1
6.080260,-2.757817,17.960160,5.800840,-1315.385000,1,10.000000,1.934956,1
6.075284,-1.907497,15.744130,4.527099,187.629700,0,10.000000,2.213164,0
5.852748,-2.472037,14.621710,4.930539,231.500600,0,10.000000,2.211207,1
6.078585,-2.651680,15.262430,5.307223,232.520400,0,10.000000,1.952732,1
6.091860,-2.821506,17.976730,5.709857,-1307.760000,1,10.000000,1.916471,1
6.299220,-1.961746,16.878920,4.861532,177.074700,0,10.000000,1.992643,0
6.262931,-2.724120,20.095360,-8.781808,-765.038200,1,10.000000,1.758840,1
6.184162,-2.015486,15.481850,4.314657,204.531500,0,10.000000,2.065560,0
6.080441,-2.722879,17.960420,5.850750,-1319.567000,1,10.000000,1.939459,1
6.127242,-3.104635,17.982880,6.193331,-1300.559000,1,10.000000,1.875679,1
6.262883,-1.928497,16.388330,4.812456,-1340.530000,1,10.000000,2.041004,0
6.336514,-3.170472,18.522950,-9.225826,-762.747500,1,10.000000,1.672198,1
6.069760,-2.605236,19.685180,6.036784,-1353.304000,1,10.000000,1.970194,1
6.046426,-3.200143,16.856730,6.264207,235.762300,0,10.000000,1.963799,1
6.095544,-2.242872,15.734250,4.811992,211.235200,0,10.000000,2.049438,0
6.112154,-2.152044,14.625290,4.250986,224.086600,0,10.000000,2.069540,0
6.319942,-2.254188,21.483790,-8.191690,-766.569100,1,10.000000,1.838159,1
5.787209,-3.183816,18.267450,-9.312284,-763.510300,1,10.000000,2.220413,1
5.667923,-1.969813,16.048270,4.850916,177.958100,0,10.000000,2.549483,0
5.630691,-3.157277,17.273530,6.118128,-1294.238000,1,10.000000,2.374524,1
5.733805,-2.480361,19.173410,5.968869,-1363.446000,1,10.000000,2.325008,1
5.775140,-2.203631,14.957630,4.550699,216.446400,0,10.000000,2.363092,0
5.837657,-2.891585,18.695790,6.053772,-1322.224000,1,10.000000,2.165059,1
5.562032,-2.952458,20.136750,6.550828,-1350.340000,1,10.000000,2.438431,1
6.028397,-2.159989,21.013550,-8.039758,-766.569100,1,10.000000,2.143090,1
5.661602,-3.173969,15.905770,5.950050,244.623700,0,10.000000,2.344860,1
5.575316,-2.580635,16.761570,5.676444,198.368100,0,10.000000,2.460683,1
5.712139,-2.674252,14.796200,5.277433,235.014400,0,10.000000,2.310935,1
5.669546,-2.632781,19.059850,5.993742,-1349.701000,1,10.000000,2.359209,1
5.788310,-2.829727,17.761550,-8.752567,762.747500,0,10.000000,2.218235,1
5.916392,-1.908001,15.545510,4.526469,187.681900,0,10.000000,2.352421,0
5.578624,-3.291341,18.257700,6.360412,-1300.174000,1,10.000000,2.438840,1
5.708345,-2.352396,16.512570,5.142438,201.763400,0,10.000000,2.381401,0
5.500214,-2.290862,18.250730,5.639612,-1366.757000,1,10.000000,2.598424,0
5.860484,-1.937312,17.722510,5.446836,-1380.656000,1,10.000000,2.388898,0
5.403827,-3.211360,18.240930,-9.430481,-764.273900,1,10.000000,2.604763,1
5.581714,-3.088605,17.203560,6.216231,224.536900,0,10.000000,2.419909,1
5.394861,-3.208682,17.215090,-9.278895,762.747500,0,10.000000,2.613484,1
5.452570,-2.861863,17.789390,-8.852350,763.510300,0,10.000000,2.551172,1
5.686595,-2.552522,19.086490,6.119148,-1360.199000,1,10.000000,2.356285,1
5.645905,-2.987199,19.160470,-9.180413,-765.038200,1,10.000000,2.354130,1
5.694888,-3.100658,17.891680,6.263327,-1307.206000,1,10.000000,2.307309,1
5.736374,-3.289094,19.090920,6.435155,-1307.228000,1,10.000000,2.282012,1
5.448036,-2.883003,18.105550,6.066650,-1322.605000,1,10.000000,2.554644,1
5.508873,-2.534519,18.952840,-8.494534,-765.038200,1,10.000000,2.534243,1
5.670096,-2.694928,16.891600,5.536301,217.145400,0,10.000000,2.349791,1
5.390109,-2.962837,19.195260,6.425303,-1339.034000,1,10.000000,2.610156,1
5.715199,-3.059735,19.075140,6.462874,-1330.069000,1,10.000000,2.285582,1
5.586827,-2.527744,20.978050,-8.724476,-767.335700,1,10.000000,2.458949,1
5.786488,-2.486214,15.321200,5.017511,225.751300,0,10.000000,2.272359,1
5.607871,-2.202413,17.338040,5.539842,-1356.902000,1,10.000000,2.521592,0
5.889271,-2.064348,16.781120,5.050473,177.856400,0,10.000000,2.308814,0
5.561208,-2.839169,20.149940,6.448288,-1357.614000,1,10.000000,2.444090,1
5.674019,-2.818380,17.367170,5.981370,205.047700,0,10.000000,2.333061,1
5.587651,-2.979585,17.982360,-9.020524,763.510300,0,10.000000,2.412436,1
5.860112,-2.811612,19.967950,6.376812,-1350.852000,1,10.000000,2.148165,1
5.661400,-2.921161,16.381320,5.730001,231.959300,0,10.000000,2.339928,1
5.666058,-2.972159,15.502260,5.864902,235.054600,0,10.000000,2.334108,1
5.548795,-2.492957,19.506550,6.076224,-1373.190000,1,10.000000,2.503098,1
5.903885,-3.265314,19.551350,-9.601801,-765.038200,1,10.000000,2.112839,1
5.778596,-3.290785,18.255140,-9.465096,763.510300,0,10.000000,2.240355,1
5.486458,-2.463613,15.760940,5.172369,214.333400,0,10.000000,2.570137,0
5.810392,-2.425425,19.928480,6.185146,-1382.299000,1,10.000000,2.263740,1
5.623630,-2.434626,18.412710,5.922096,-1358.769000,1,10.000000,2.442700,0
5.755683,-2.830682,14.834200,5.371157,243.077900,0,10.000000,2.250695,1
5.754048,-2.842102,16.979870,5.898421,-1306.901000,1,10.000000,2.251496,1
5.691234,-2.202746,19.830060,-8.045391,-765.803200,1,10.000000,2.442543,1
5.753667,-2.956722,16.964940,6.040944,232.293300,0,10.000000,2.246749,1
6.109455,-2.508209,16.580670,5.113691,219.235900,0,10.000000,1.953464,1
5.989033,-2.773181,18.555770,-8.725659,-763.510300,1,10.000000,2.023718,1
6.155813,-3.289223,20.399460,6.515001,-1314.711000,1,10.000000,1.866729,1
6.030718,-2.772282,19.162830,-8.784775,-764.273900,1,10.000000,1.982404,1
6.034845,-3.248440,19.557280,6.498678,-1312.572000,1,10.000000,1.980797,1
6.291286,-2.512430,16.806720,5.372232,-1308.969000,1,10.000000,1.776915,1
6.212705,-2.059866,14.402210,4.066502,222.888700,0,10.000000,2.019474,0
6.093393,-2.943846,16.066450,5.602517,241.131300,0,10.000000,1.907434,1
6.428914,-1.947788,19.091100,5.559315,-1390.789000,1,10.000000,1.890889,0
6.212756,-1.991939,14.075500,3.858572,223.640300,0,10.000000,2.051933,0
6.124362,-2.537676,19.783650,5.879314,-1355.956000,1,10.000000,1.931776,1
6.422857,-2.798250,19.596680,5.910700,-1326.119000,1,10.000000,1.589994,1
6.155751,-2.408828,19.845340,5.827727,-1367.449000,1,10.000000,1.936682,1
6.327533,-3.285548,19.392410,6.369189,-1300.912000,1,10.000000,1.696669,1
6.253760,-2.239796,21.377040,-8.168478,-766.569100,1,10.000000,1.904538,1
6.131801,-2.460235,20.518440,-8.447720,-765.803200,1,10.000000,1.944612,1
6.093818,-2.637451,17.993410,5.695308,-1322.424000,1,10.000000,1.940353,1
6.234394,-2.134024,17.235690,5.192551,-1342.186000,1,10.000000,1.966540,0
6.264271,-2.710362,16.757540,5.384408,228.338000,0,10.000000,1.759728,1
6.226554,-2.864136,17.145040,5.807063,225.495100,0,10.000000,1.778642,1
6.301770,-3.089106,15.084560,5.936017,251.317200,0,10.000000,1.700566,1
6.171115,-2.077735,15.840850,4.775617,198.470000,0,10.000000,2.048266,0
6.066554,-2.484860,16.087660,5.078659,221.402300,0,10.000000,2.000895,1
6.132037,-2.636390,14.561130,5.247268,252.922100,0,10.000000,1.903024,1
6.182217,-3.199081,15.715540,6.152308,237.786000,0,10.000000,1.828652,1
6.192039,-3.120539,17.068210,6.064284,235.783400,0,10.000000,1.811975,1
6.270486,-1.855595,15.598180,4.288561,190.958300,0,10.000000,2.073857,0
6.305992,-2.986053,18.480550,-8.969687,-762.747500,1,10.000000,1.694065,1
6.159820,-3.089855,19.352690,-9.251796,-764.273900,1,10.000000,1.842372,1
5.799249,-2.367460,15.350650,4.907040,219.129400,0,10.000000,2.289850,0
5.661346,-3.174235,19.183870,-9.463802,-765.038200,1,10.000000,2.345135,1
5.624939,-2.593594,17.323580,5.757963,-1327.669000,1,10.000000,2.409581,1
5.632259,-2.726416,16.825100,5.771337,-1312.150000,1,10.000000,2.383495,1
5.584976,-2.625935,19.068150,-8.633043,-765.038200,1,10.000000,2.443822,1
5.870289,-3.199454,16.617650,6.272764,249.959300,0,10.000000,2.139030,1
5.620682,-2.447376,14.726840,4.748366,231.614200,0,10.000000,2.442652,1
5.722768,-2.494519,16.519370,5.204113,212.442500,0,10.000000,2.332658,1
5.620916,-2.811984,18.560180,-8.843162,-764.273900,1,10.000000,2.386501,1
5.685338,-2.262500,15.624240,4.857389,208.209600,0,10.000000,2.429314,0
5.916850,-3.047115,18.233340,6.037380,-1304.166000,1,10.000000,2.083683,1
5.721202,-2.085325,14.520590,4.388620,213.390700,0,10.000000,2.455515,0
5.606961,-3.139307,16.587650,-9.076109,761.224200,0,10.000000,2.397090,1
5.630301,-3.231054,20.219780,6.701588,-1331.176000,1,10.000000,2.380936,1
5.790215,-1.939803,17.633220,5.221292,-1377.598000,1,10.000000,2.450952,0
5.863132,-2.106916,21.438560,-8.023094,-767.335700,1,10.000000,2.315989,1
5.727990,-2.377810,14.869560,4.835127,225.079700,0,10.000000,2.355663,0
6.254889,-2.150398,21.378860,-8.024286,-766.569100,1,10.000000,1.940937,1
5.960042,-2.902681,15.082490,5.576967,241.755800,0,10.000000,2.042278,1
5.934407,-3.319301,16.704310,6.110668,247.861900,0,10.000000,2.090127,1
5.925618,-1.967003,15.166390,4.373751,199.618900,0,10.000000,2.317357,0
5.730123,-2.781608,14.425940,5.394440,240.368500,0,10.000000,2.280359,1
5.940314,-2.082361,16.850100,5.026131,-1344.087000,1,10.000000,2.254854,0
5.843709,-2.080575,15.839310,4.849904,193.041700,0,10.000000,2.344127,0
5.858166,-2.442920,20.090890,-8.420665,-765.803200,1,10.000000,2.213095,1
5.922226,-3.013809,16.718910,5.902284,233.437500,0,10.000000,2.077820,1
5.924286,-3.255463,19.384530,6.487703,-1311.649000,1,10.000000,2.091375,1
5.963191,-2.549312,21.605320,-8.760422,-767.335700,1,10.000000,2.086076,1
5.967515,-3.196584,20.261750,-9.598268,-765.803200,1,10.000000,2.041969,1
6.098126,-2.944065,17.958060,6.101294,-1313.633000,1,10.000000,1.902696,1
5.826340,-2.192120,15.805000,4.947621,200.686100,0,10.000000,2.318937,0
6.069798,-2.904119,14.455160,5.515207,245.420800,0,10.000000,1.932581,1
5.961795,-2.626974,16.359540,5.494131,219.152600,0,10.000000,2.072059,1
6.008828,-2.395823,16.918620,5.083754,-1317.310000,1,10.000000,2.080816,1
6.013210,-2.599001,21.688690,-8.843238,-767.335700,1,10.000000,2.026854,1
6.170227,-2.555106,19.855320,5.852079,-1353.678000,1,10.000000,1.883082,1
5.870797,-2.560011,17.183840,5.453913,208.172300,0,10.000000,2.174188,1
6.086780,-1.828756,14.284010,3.880036,206.869200,0,10.000000,2.243262,0
5.953695,-2.090374,17.348430,5.117012,-1352.419000,1,10.000000,2.239372,0
6.120513,-2.691374,16.568380,5.409394,226.246400,0,10.000000,1.904657,1
5.956143,-2.181145,21.593580,-8.146810,-767.335700,1,10.000000,2.201789,1
5.944676,-2.092187,19.539310,5.846999,-1400.573000,1,10.000000,2.246882,0
6.212021,-2.756789,14.655140,5.106835,247.780500,0,10.000000,1.804445,1
6.187798,-3.181409,16.157190,5.903905,247.741700,0,10.000000,1.821260,1
6.393278,-2.434871,18.990410,5.823318,-1336.418000,1,10.000000,1.703211,1
6.249945,-3.043449,17.653780,5.915525,-1292.407000,1,10.000000,1.750595,1
6.426322,-2.262308,19.063970,5.563338,-1359.627000,1,10.000000,1.738002,1
6.218541,-2.869071,18.691750,6.004044,-1317.288000,1,10.000000,1.786264,1
6.317435,-3.009937,19.584470,-9.134270,-764.273900,1,10.000000,1.682595,1
6.116276,-3.015528,16.981140,5.899961,-1290.338000,1,10.000000,1.883788,1
6.283005,-1.959123,16.414130,4.773191,183.665600,0,10.000000,2.007859,0
6.343015,-2.557099,20.125290,5.848967,-1353.418000,1,10.000000,1.715156,1
6.194501,-2.927039,15.374940,5.547872,244.196500,0,10.000000,1.806973,1
6.186590,-2.607469,16.668960,5.247181,223.938400,0,10.000000,1.855408,1
6.274359,-2.319617,19.411420,5.841292,-1367.817000,1,10.000000,1.854928,1
5.519186,-2.495574,16.695490,5.543407,200.687600,0,10.000000,2.531577,1
5.562695,-3.123515,20.122750,6.567882,-1335.866000,1,10.000000,2.440433,1
5.591813,-2.108271,21.710040,-8.105888,-768.103100,1,10.000000,2.567985,1
5.742585,-2.595153,17.491640,5.755735,-1327.483000,1,10.000000,2.293430,1
5.525522,-3.254132,15.286980,6.125669,245.078200,0,10.000000,2.487493,1
5.494342,-2.619328,16.660980,5.371528,215.062300,0,10.000000,2.534410,1
5.596834,-2.946743,17.240420,6.114284,-1293.895000,1,10.000000,2.403756,1
5.791142,-3.197582,19.811790,6.668585,-1317.516000,1,10.000000,2.217678,1
5.554931,-2.818461,18.463140,-8.852686,764.273900,0,10.000000,2.451799,1
5.765356,-3.063528,18.571530,6.087553,-1309.143000,1,10.000000,2.235547,1
5.683778,-3.284079,19.008740,6.442990,-1307.887000,1,10.000000,2.333577,1
5.567127,-3.190370,17.182720,6.070852,236.756200,0,10.000000,2.440310,1
5.630840,-3.044631,21.051410,-9.585956,-767.335700,1,10.000000,2.369581,1
5.768978,-2.840816,19.951530,-9.042379,-765.803200,1,10.000000,2.236694,1
5.464115,-2.664710,18.329590,-8.626581,764.273900,0,10.000000,2.557955,1
5.783215,-2.862492,20.618100,-9.172829,-766.569100,1,10.000000,2.221046,1
5.681110,-2.200367,15.215500,4.864997,206.815500,0,10.000000,2.452888,0
5.250647,-3.206371,16.235070,6.318809,243.543000,0,10.000000,2.757087,1
5.462361,-2.371928,19.472450,-8.309739,-765.803200,1,10.000000,2.614208,1
5.479928,-2.854766,18.352840,-8.906076,-764.273900,1,10.000000,2.524253,1
5.379280,-3.295183,19.146990,6.505391,-1313.903000,1,10.000000,2.637291,1
5.278960,-2.911049,19.030610,6.216428,-1337.399000,1,10.000000,2.722494,1
5.417704,-3.047319,17.246820,-9.054778,762.747500,0,10.000000,2.582729,1
5.547735,-3.322633,17.139290,6.196384,-1284.846000,1,10.000000,2.473398,1
5.350804,-3.102743,15.074930,6.003892,239.337700,0,10.000000,2.651188,1
5.498529,-3.193630,17.084720,6.066196,237.147600,0,10.000000,2.508954,1
5.491403,-2.768845,14.902460,5.488761,233.981700,0,10.000000,2.519224,1
5.394638,-3.264758,20.657740,-9.952835,-767.335700,1,10.000000,2.618780,1
5.275270,-3.103920,17.274600,6.258529,-1306.802000,1,10.000000,2.726711,1
5.392452,-2.837801,16.492040,5.616634,226.309400,0,10.000000,2.612588,1
5.498871,-2.818482,19.385300,6.365731,-1349.923000,1,10.000000,2.507707,1
5.360218,-2.749507,17.986630,5.984553,-1332.308000,1,10.000000,2.651641,1
6.298328,-1.896617,17.356210,4.830914,-1359.317000,1,10.000000,2.028088,0
6.373201,-3.126977,21.569680,-9.599420,-766.569100,1,10.000000,1.631747,1
6.349860,-2.835402,20.095020,6.233559,-1338.070000,1,10.000000,1.658329,1
6.373723,-3.184756,18.889970,6.139654,-1296.811000,1,10.000000,1.636739,1
6.271545,-2.932590,17.205840,5.714556,-1290.716000,1,10.000000,1.729769,1
6.194610,-2.566250,19.277830,5.722666,-1342.090000,1,10.000000,1.856764,1
6.270192,-3.150473,19.321230,6.259927,-1307.684000,1,10.000000,1.736341,1
6.380960,-1.854295,16.550920,4.683466,175.390300,0,10.000000,1.983414,0
6.060924,-2.325302,18.526620,5.470700,-1351.895000,1,10.000000,2.053103,1
6.250663,-2.915369,16.711090,5.685450,234.935100,0,10.000000,1.751383,1
6.281526,-3.248391,18.187560,6.302444,-1293.769000,1,10.000000,1.736333,1
6.309886,-1.871035,15.251730,4.416404,211.747900,0,10.000000,2.032498,0
6.094006,-3.000197,19.680580,6.269447,-1325.181000,1,10.000000,1.905994,1
6.356920,-1.844710,15.703580,4.301836,189.856000,0,10.000000,2.008583,0
6.038406,-3.040328,15.565110,5.741241,244.678300,0,10.000000,1.962008,1
6.146761,-2.370234,19.218090,5.764600,-1361.410000,1,10.000000,1.957319,1
5.901684,-2.533138,18.834000,5.772836,-1346.286000,1,10.000000,2.149625,1
5.369193,-2.834488,15.987520,5.839035,223.211900,0,10.000000,2.636008,1
5.163439,-2.343824,19.527730,6.475621,-1392.266000,1,10.000000,2.911468,0
5.125238,-2.868361,16.840620,-8.806226,762.747500,0,10.000000,2.877774,1
5.234695,-2.160561,16.338130,5.253335,177.478800,0,10.000000,2.889908,0
5.474336,-1.878759,16.231770,5.073782,160.173300,0,10.000000,2.763360,0
5.183866,-2.408501,17.759160,5.706620,-1356.565000,1,10.000000,2.877583,0
5.292619,-3.060145,15.868090,5.839668,238.695100,0,10.000000,2.708049,1
5.446081,-2.738776,17.054200,5.828043,209.356300,0,10.000000,2.567244,1
5.117692,-2.826056,19.410750,6.470142,-1359.447000,1,10.000000,2.887551,1
5.404816,-2.881872,17.495100,5.985219,-1315.709000,1,10.000000,2.597871,1
5.393117,-2.017594,15.675180,5.018065,179.794600,0,10.000000,2.785850,0
5.198495,-2.418971,18.349630,5.811877,-1366.124000,1,10.000000,2.861123,0
5.413610,-2.453847,16.561890,5.340580,-1323.692000,1,10.000000,2.643426,0
5.299880,-3.099653,21.206700,-9.815172,-768.103100,1,10.000000,2.701958,1
5.193874,-2.957725,17.170140,6.168837,213.344100,0,10.000000,2.806445,1
5.248048,-2.835010,17.264560,6.054135,-1321.490000,1,10.000000,2.756894,1
5.390431,-2.970405,17.208940,-8.947953,762.747500,0,10.000000,2.609737,1
5.646007,-3.151275,17.089200,-9.141435,761.985500,0,10.000000,2.358849,1
5.891438,-3.247553,17.904780,-9.332883,-762.747500,1,10.000000,2.123044,1
5.773098,-2.589850,16.124890,5.270364,221.999600,0,10.000000,2.264358,1
5.836803,-2.809911,19.293370,6.273390,-1341.411000,1,10.000000,2.171532,1
5.892145,-3.172027,15.363640,5.883922,248.661600,0,10.000000,2.114863,1
5.760681,-2.641549,17.017410,5.610440,210.938900,0,10.000000,2.267827,1
5.957933,-2.501729,20.246780,-8.512553,-765.803200,1,10.000000,2.101978,1
5.855196,-2.885258,16.643200,5.778519,227.889400,0,10.000000,2.147871,1
5.655315,-2.328630,19.773940,-8.242085,-765.803200,1,10.000000,2.438910,1
5.870216,-2.817788,14.986840,5.388195,241.650100,0,10.000000,2.137564,1
5.801901,-1.932035,19.317190,6.093394,-1416.454000,1,10.000000,2.443806,0
5.733416,-2.434924,15.660550,5.142680,216.053400,0,10.000000,2.335961,1
5.917073,-1.922005,15.546360,4.508964,189.137300,0,10.000000,2.345348,0
5.785901,-3.147652,16.993990,6.076542,-1289.980000,1,10.000000,2.219017,1
5.634963,-2.842745,16.360030,5.547238,231.362800,0,10.000000,2.370259,1
5.952538,-2.847605,15.886440,5.727017,237.643900,0,10.000000,2.053125,1
5.675099,-2.341296,14.817550,4.626687,225.927400,0,10.000000,2.416414,0
5.939561,-2.780033,18.864420,5.938301,-1328.432000,1,10.000000,2.072147,1
5.867793,-1.953487,17.240360,5.082320,-1365.271000,1,10.000000,2.375184,0
5.582829,-2.686737,18.924360,5.909438,-1342.643000,1,10.000000,2.437386,1
5.663265,-2.107759,14.436380,4.600405,211.547700,0,10.000000,2.501285,0
5.743256,-1.862631,14.583750,4.201397,197.439000,0,10.000000,2.527153,0
5.646041,-2.401578,15.561410,4.928108,218.130700,0,10.000000,2.428833,0
5.507286,-2.787977,20.173050,-9.052644,-766.569100,1,10.000000,2.501715,1
5.668532,-2.930057,15.945130,5.666124,236.556300,0,10.000000,2.332517,1
5.553287,-2.452370,14.642730,4.741987,232.146600,0,10.000000,2.507250,1
5.797878,-2.913621,19.996690,-9.156136,-765.803200,1,10.000000,2.203815,1
5.504705,-2.314533,18.257530,5.603745,-1363.764000,1,10.000000,2.587733,0
5.616849,-3.291147,20.197360,6.601434,-1322.750000,1,10.000000,2.400869,1
5.788090,-3.048929,19.981400,-9.367555,-765.803200,1,10.000000,2.212451,1
5.626398,-2.519147,16.376010,5.433318,209.132600,0,10.000000,2.421819,1
5.713835,-2.360131,16.978870,5.470740,190.928200,0,10.000000,2.374023,0
5.779677,-2.299691,14.562130,4.618970,225.812600,0,10.000000,2.328147,0
5.785804,-2.466768,18.096800,5.767299,-1345.059000,1,10.000000,2.277499,1
5.928550,-2.675501,19.450890,6.200140,-1351.139000,1,10.000000,2.096713,1
6.017843,-2.775425,16.419240,5.579933,227.861800,0,10.000000,1.994839,1
6.105875,-3.056733,18.511310,6.023237,-1302.978000,1,10.000000,1.894974,1
5.936883,-2.754738,17.248190,5.732000,216.641800,0,10.000000,2.077644,1
5.769560,-2.604938,15.286160,5.136127,231.705900,0,10.000000,2.265157,1
6.061483,-2.638944,19.790140,-8.652755,-765.038200,1,10.000000,1.971854,1
5.948980,-2.643881,17.278940,5.607199,211.210200,0,10.000000,2.081707,1
6.049133,-3.294182,17.169920,-9.279943,761.224200,0,10.000000,1.972923,1
5.991856,-2.284297,16.895690,5.234464,-1329.889000,1,10.000000,2.131871,0
6.024960,-3.211386,18.607090,-9.351669,-763.510300,1,10.000000,1.986320,1
6.110466,-3.116744,20.341980,6.479909,-1327.705000,1,10.000000,1.893137,1
6.003987,-2.893816,15.537200,5.624927,238.491700,0,10.000000,1.998835,1
5.997437,-1.885255,15.646820,4.554902,185.318300,0,10.000000,2.291924,0
5.655349,-2.683788,18.434090,6.092981,-1328.643000,1,10.000000,2.365878,1
5.792933,-3.212420,16.513130,6.255101,235.710100,0,10.000000,2.217265,1
5.629912,-3.105532,14.628150,5.936092,243.517700,0,10.000000,2.372436,1
5.677697,-2.041788,17.451560,5.508072,-1378.927000,1,10.000000,2.512223,0
5.682527,-3.068833,14.709730,5.672960,249.652700,0,10.000000,2.318496,1
5.636371,-2.202911,16.427550,5.099461,189.547000,0,10.000000,2.494412,0
5.581660,-3.068720,17.218740,5.939406,231.845200,0,10.000000,2.419316,1
5.764933,-3.113837,16.491040,6.073342,235.022100,0,10.000000,2.237964,1
5.618307,-2.443051,18.556340,-8.300611,-764.273900,1,10.000000,2.445947,1
5.572138,-3.132379,19.473710,6.454690,-1325.585000,1,10.000000,2.431468,1
5.666709,-2.759861,19.041760,6.068329,-1340.093000,1,10.000000,2.345616,1
5.596034,-2.502608,15.080050,4.996563,227.501600,0,10.000000,2.454884,1
5.661980,-2.178195,16.931580,5.228842,179.521000,0,10.000000,2.478245,0
5.789352,-3.001446,18.807880,-9.121783,-764.273900,1,10.000000,2.210649,1
5.472801,-2.215781,16.668830,5.176638,-1341.621000,1,10.000000,2.646079,0
5.407798,-2.763607,19.908290,6.293657,-1360.508000,1,10.000000,2.602958,1
5.405967,-3.119860,19.861540,6.573973,-1336.378000,1,10.000000,2.596800,1
5.589267,-3.237956,18.273830,6.441299,-1306.979000,1,10.000000,2.422448,1
5.600407,-3.183118,18.894160,6.287130,-1310.736000,1,10.000000,2.406570,1
5.535801,-2.123916,16.756330,5.304231,173.235000,0,10.000000,2.615301,0
5.629682,-3.147223,19.135890,-9.422876,-765.038200,1,10.000000,2.374886,1
5.504032,-2.780835,18.945510,-8.867740,-765.038200,1,10.000000,2.505572,1
5.692613,-1.946190,16.526740,4.982660,-1356.215000,1,10.000000,2.536642,0
5.339255,-3.161175,19.750350,6.505113,-1330.590000,1,10.000000,2.665622,1
5.642523,-2.914645,17.320480,5.863533,222.282900,0,10.000000,2.359022,1
5.616311,-3.019006,17.268240,6.010427,225.881700,0,10.000000,2.383765,1
5.585016,-1.980190,15.519280,4.746181,185.913100,0,10.000000,2.621481,0
5.432665,-2.522964,17.577470,5.684657,-1338.147000,1,10.000000,2.611278,1
5.631292,-1.997924,14.434590,4.263015,208.066400,0,10.000000,2.571951,0
5.424343,-3.193623,18.039640,6.194549,-1302.189000,1,10.000000,2.582924,1
5.448643,-2.103763,18.184370,5.687653,-1386.521000,1,10.000000,2.704193,0
5.311876,-2.890424,16.365740,5.831306,224.223600,0,10.000000,2.690356,1
5.226232,-2.268441,17.823410,5.918915,-1357.473000,1,10.000000,2.868618,0
5.277806,-2.625379,14.649330,5.107542,234.096500,0,10.000000,2.747850,1
5.502284,-2.380345,19.444070,6.007229,-1383.212000,1,10.000000,2.573433,0
5.337321,-3.230876,17.350140,6.386039,226.981900,0,10.000000,2.672670,1
5.403387,-3.317987,19.841580,6.556700,-1318.986000,1,10.000000,2.616012,1
5.216846,-2.526905,17.260090,5.678864,-1337.662000,1,10.000000,2.823078,0
5.442997,-2.515892,14.476070,5.193245,241.174600,0,10.000000,2.602427,0
5.602416,-2.294098,21.004030,-8.335065,-767.335700,1,10.000000,2.499341,1
5.467919,-2.796372,19.994460,6.519616,-1363.598000,1,10.000000,2.540255,1
5.348009,-2.528640,19.293770,-8.554602,-765.803200,1,10.000000,2.693555,1
5.261250,-2.478193,19.042770,6.100039,-1375.182000,1,10.000000,2.788016,0
5.450599,-2.945232,17.292500,-8.912991,762.747500,0,10.000000,2.549989,1
6.160708,-2.029913,16.696660,4.771839,-1337.910000,1,10.000000,2.079438,0
6.225671,-2.921209,20.557560,6.200042,-1336.024000,1,10.000000,1.776078,1
6.068911,-2.209573,15.317480,4.543731,217.026800,0,10.000000,2.086595,0
6.136034,-2.078598,14.313000,4.044881,224.686100,0,10.000000,2.079266,0
6.169842,-2.878694,14.946340,5.573147,241.318000,0,10.000000,1.834174,1
6.258152,-1.849596,15.972710,4.599475,181.612900,0,10.000000,2.087454,0
6.134643,-2.155106,14.639060,4.488404,220.119800,0,10.000000,2.047780,0
6.256119,-2.680779,19.494300,-8.650213,-764.273900,1,10.000000,1.772857,1
6.111453,-2.348773,15.344030,4.871357,221.348800,0,10.000000,1.997676,1
6.146211,-2.781723,15.330730,5.432918,237.902400,0,10.000000,1.866595,1
5.963359,-2.162366,15.980670,4.985768,197.505300,0,10.000000,2.202167,0
6.275134,-2.026799,19.447900,5.578635,-1393.163000,1,10.000000,1.980475,0
5.966475,-2.875633,18.890970,6.077943,-1324.251000,1,10.000000,2.037325,1
6.173723,-3.282758,16.123370,6.089400,248.129600,0,10.000000,1.848037,1
5.658633,-2.309573,19.696240,6.121377,-1392.749000,1,10.000000,2.441043,0
5.924546,-1.858359,14.095440,3.845554,209.730000,0,10.000000,2.368724,0
5.749650,-2.484198,14.496030,4.915676,232.742400,0,10.000000,2.308706,1
5.973855,-2.422037,18.386200,5.576000,-1344.888000,1,10.000000,2.106966,1
5.974404,-2.473030,17.340770,5.313937,-1321.466000,1,10.000000,2.093020,1
5.674736,-2.737857,19.204150,-8.802622,-765.038200,1,10.000000,2.339994,1
5.859035,-3.011542,18.370050,-9.066176,-763.510300,1,10.000000,2.140996,1
5.711298,-2.706823,16.935990,5.790026,212.039400,0,10.000000,2.307404,1
5.825717,-2.709488,16.631800,5.447332,223.831600,0,10.000000,2.193605,1
5.940021,-2.487010,17.279980,5.555301,199.692900,0,10.000000,2.122893,1
5.935120,-2.584306,20.863100,-8.724140,-766.569100,1,10.000000,2.106308,1
5.728212,-3.248977,18.183170,-9.405371,763.510300,0,10.000000,2.285391,1
5.986978,-3.120021,17.782500,6.171352,-1298.712000,1,10.000000,2.016597,1
5.864291,-3.297530,18.690530,6.351033,-1299.385000,1,10.000000,2.156334,1
5.778553,-2.697849,16.118440,5.400874,226.959600,0,10.000000,2.241901,1
5.704700,-2.217255,16.519890,5.080077,-1332.808000,1,10.000000,2.425097,0
5.828005,-2.973588,19.264960,6.311025,-1328.672000,1,10.000000,2.172156,1
5.943970,-2.379205,20.224960,-8.321109,-765.803200,1,10.000000,2.147707,1
5.581184,-2.954915,15.407920,5.588129,242.338300,0,10.000000,2.419236,1
5.620833,-3.225069,16.748990,6.283756,234.061200,0,10.000000,2.389789,1
5.700368,-2.329163,15.239300,4.703963,220.242900,0,10.000000,2.395481,0
5.792868,-2.800289,14.502180,5.372411,242.214500,0,10.000000,2.216149,1
5.634087,-2.227821,17.898910,5.614055,-1363.860000,1,10.000000,2.488736,0
5.887039,-3.085543,20.136010,-9.424766,-765.803200,1,10.000000,2.114692,1
5.602025,-3.025313,18.002900,-9.085850,-763.510300,1,10.000000,2.398109,1
5.921909,-3.170077,18.459880,-9.292656,-763.510300,1,10.000000,2.085039,1
5.779249,-2.623807,17.544020,5.714801,-1324.056000,1,10.000000,2.252389,1
5.702772,-3.084781,18.146820,-9.170804,-763.510300,1,10.000000,2.298792,1
5.707136,-2.212768,19.156520,5.891273,-1388.527000,1,10.000000,2.424244,0
5.616083,-2.379756,17.337290,5.536228,-1340.801000,1,10.000000,2.463283,0
5.577575,-2.561018,16.776580,5.452514,208.289200,0,10.000000,2.461879,1
5.915607,-3.050639,20.831630,-9.476294,-766.569100,1,10.000000,2.085008,1
5.370928,-2.048725,15.244810,4.658317,193.224800,0,10.000000,2.795880,0
5.407689,-2.254138,21.392580,-8.357385,-768.103100,1,10.000000,2.697478,1
5.265966,-1.974917,15.110230,4.752944,185.350400,0,10.000000,2.919887,0
5.335500,-3.301003,16.836100,6.227285,239.575200,0,10.000000,2.681448,1
5.152416,-2.593452,17.685510,5.946321,-1344.965000,1,10.000000,2.876459,0
5.307733,-2.233342,20.512890,-8.233806,-767.335700,1,10.000000,2.799297,1
5.504941,-2.032385,19.471850,6.098524,-1422.312000,1,10.000000,2.676116,0
5.466020,-1.926660,18.802540,5.883071,-1419.287000,1,10.000000,2.751929,0
5.444101,-1.865098,13.873140,3.904098,205.629700,0,10.000000,2.796537,0
5.287138,-2.724873,15.056090,5.309787,233.824600,0,10.000000,2.726778,1
5.247788,-3.032722,21.116880,-9.699775,-768.103100,1,10.000000,2.752407,1
5.167292,-2.492462,21.727320,-8.885242,-768.871200,1,10.000000,2.877817,1
5.407948,-1.908199,14.909360,4.526087,187.713800,0,10.000000,2.812608,0
5.373260,-2.607723,19.333230,-8.678170,-765.803200,1,10.000000,2.655869,1
5.232024,-2.231696,15.451280,4.974891,199.172700,0,10.000000,2.872626,0
5.402660,-1.878023,16.134910,5.074779,160.090500,0,10.000000,2.829313,0
5.381064,-3.312942,15.097270,6.049947,251.449100,0,10.000000,2.637566,1
5.149035,-2.230120,15.342090,4.976964,198.999800,0,10.000000,2.953085,0
5.215868,-2.808167,17.451250,-8.775641,763.510300,0,10.000000,2.790733,1
5.249518,-2.002530,15.927970,4.906525,174.091900,0,10.000000,2.925764,0
5.399919,-2.040771,16.119830,5.082334,175.202500,0,10.000000,2.771379,0
5.249830,-3.233467,17.499760,-9.383213,763.510300,0,10.000000,2.760062,1
5.266289,-2.827781,16.783490,5.992129,221.023400,0,10.000000,2.739130,1
5.351009,-2.459334,20.585030,-8.610458,-767.335700,1,10.000000,2.703604,1
5.447581,-3.212191,18.059150,6.480336,-1310.264000,1,10.000000,2.561224,1
5.207898,-2.740966,19.690170,-8.976818,-766.569100,1,10.000000,2.804092,1
5.227350,-3.076409,19.105240,-9.410493,-765.803200,1,10.000000,2.773702,1
5.446812,-2.029018,17.646840,5.439859,-1380.839000,1,10.000000,2.731588,0
5.473029,-2.040484,18.221320,5.783531,-1394.516000,1,10.000000,2.703008,0
5.475250,-2.079821,17.160610,5.474487,-1367.219000,1,10.000000,2.687209,0
5.427460,-3.284470,18.028660,6.370822,-1301.050000,1,10.000000,2.588220,1
5.389041,-2.443158,17.526170,5.544940,-1342.293000,1,10.000000,2.669677,0
5.249135,-1.988382,15.916070,5.153130,169.305200,0,10.000000,2.930978,0
5.321506,-2.696198,15.100680,5.346612,230.741800,0,10.000000,2.695668,1
5.252926,-2.123181,17.876110,5.893906,-1370.518000,1,10.000000,2.883614,0
5.390735,-2.757336,19.985060,-9.003223,-766.569100,1,10.000000,2.620525,1
6.348334,-3.080101,17.775570,6.175548,-1288.495000,1,10.000000,1.653607,1
6.050620,-2.414907,19.681080,5.818227,-1366.655000,1,10.000000,2.035292,1
6.231805,-3.083267,17.137260,5.808421,-1282.652000,1,10.000000,1.770155,1
6.114665,-3.295146,16.047650,6.073518,249.465800,0,10.000000,1.908297,1
6.341072,-2.054032,16.476960,4.883935,-1330.721000,1,10.000000,1.909686,0
6.216084,-2.736228,19.283390,6.004672,-1333.994000,1,10.000000,1.803312,1
6.111871,-3.063131,19.708490,6.171112,-1316.924000,1,10.000000,1.889184,1
6.296127,-3.253862,18.208430,6.294629,-1293.111000,1,10.000000,1.722681,1
6.335431,-3.235861,19.050620,-9.386634,-763.510300,1,10.000000,1.681196,1
6.212938,-2.040993,15.505500,4.512531,203.837700,0,10.000000,2.028124,0
6.469995,-1.843139,16.665070,4.697767,174.201400,0,10.000000,1.918135,0
5.547948,-2.713068,17.719870,5.947817,-1328.465000,1,10.000000,2.468783,1
5.463166,-2.434476,19.473710,-8.407471,-765.803200,1,10.000000,2.599105,1
5.796671,-2.950601,18.280970,-8.979118,-763.510300,1,10.000000,2.203882,1
5.491642,-3.043878,20.819420,-9.584701,-767.335700,1,10.000000,2.508741,1
5.498875,-2.390483,16.229500,5.090971,206.059200,0,10.000000,2.574323,0
5.535017,-2.913890,14.542310,5.561213,243.077400,0,10.000000,2.466487,1
5.669169,-2.406498,21.115290,-8.522399,-767.335700,1,10.000000,2.405206,1
5.810616,-1.835890,16.687420,5.120684,-1369.632000,1,10.000000,2.479627,0
5.448651,-2.577302,17.783800,-8.445832,763.510300,0,10.000000,2.586128,1
5.473785,-2.703388,17.819700,-8.625957,763.510300,0,10.000000,2.543569,1
5.494093,-2.429510,17.680670,5.565011,-1343.970000,1,10.000000,2.570025,0
5.711236,-2.296391,19.150790,6.003409,-1382.127000,1,10.000000,2.394475,0
5.627453,-2.439111,14.361520,4.706742,234.330100,0,10.000000,2.437945,1
5.534341,-2.456893,20.216690,-8.518637,-766.569100,1,10.000000,2.524765,1
5.652665,-2.489122,19.769800,-8.492855,-765.803200,1,10.000000,2.402286,1
5.787917,-1.999237,15.373590,4.639034,194.069700,0,10.000000,2.427928,0
5.675095,-2.112844,16.961490,5.085803,-1349.820000,1,10.000000,2.488419,0
6.251205,-2.281918,18.806450,5.534500,-1357.220000,1,10.000000,1.890483,1
6.350317,-2.592018,17.342170,5.590313,206.627000,0,10.000000,1.699384,1
6.064116,-3.316787,16.419640,6.077342,249.904600,0,10.000000,1.961633,1
6.099959,-2.111100,15.367720,4.427034,210.952400,0,10.000000,2.097688,0
6.160045,-2.843318,17.558140,5.608971,-1298.543000,1,10.000000,1.846614,1
6.067764,-3.209364,17.369720,6.305568,232.226100,0,10.000000,1.943545,1
6.400256,-2.070436,19.048960,5.378949,-1375.765000,1,10.000000,1.850208,0
6.363312,-1.898505,19.005580,5.412797,-1394.297000,1,10.000000,1.972825,0
6.055327,-2.728735,18.650480,-8.662166,-763.510300,1,10.000000,1.963501,1
6.199626,-3.108581,20.485790,6.493074,-1328.811000,1,10.000000,1.803645,1
6.391255,-2.595227,20.289790,-8.586515,-765.038200,1,10.000000,1.658885,1
6.024760,-2.466186,16.927470,5.242404,209.243500,0,10.000000,2.046101,1
6.168639,-2.609850,17.095210,5.581978,212.559600,0,10.000000,1.872459,1
6.340461,-2.855436,16.397730,5.425338,240.056300,0,10.000000,1.665824,1
6.258076,-3.051346,18.940110,-9.123039,-763.510300,1,10.000000,1.742681,1
6.099214,-3.010936,17.444430,5.960682,-1296.199000,1,10.000000,1.900817,1
6.151229,-3.300752,19.125290,6.346152,-1298.974000,1,10.000000,1.873073,1
6.267815,-3.015411,16.718760,5.851988,236.899400,0,10.000000,1.732254,1
6.456190,-2.795929,20.388170,-8.890610,-765.038200,1,10.000000,1.557239,1
6.303421,-3.268002,16.289650,6.108317,246.538000,0,10.000000,1.717616,1
6.394031,-2.444272,16.094810,4.811132,227.134300,0,10.000000,1.699403,1
6.380789,-2.600356,18.403360,5.748303,-1326.860000,1,10.000000,1.667801,1
6.202561,-2.513356,17.167740,5.178659,214.569100,0,10.000000,1.862152,1
6.268681,-2.570172,21.401110,-8.701345,-766.569100,1,10.000000,1.783877,1
6.113560,-2.799278,18.213290,-8.710276,762.747500,0,10.000000,1.897088,1
6.149024,-2.884265,17.528450,5.839860,-1301.989000,1,10.000000,1.854591,1
6.276981,-2.315003,15.961040,4.721829,218.753300,0,10.000000,1.854189,1
6.055106,-2.662534,18.479500,5.746009,-1327.432000,1,10.000000,1.973954,1
6.343307,-2.422544,20.138400,5.806295,-1365.658000,1,10.000000,1.754447,1
6.300796,-3.158909,21.452900,-9.650923,-766.569100,1,10.000000,1.706619,1
6.197366,-1.967974,14.058360,3.885133,221.434300,0,10.000000,2.077154,0
6.337855,-2.417073,16.011640,5.104116,218.515600,0,10.000000,1.761400,1
6.259937,-2.538597,14.385480,4.773887,243.074500,0,10.000000,1.800197,1
6.251416,-2.088426,15.941230,4.762254,199.583200,0,10.000000,1.971932,0
6.076506,-2.858662,16.496420,5.470411,237.039600,0,10.000000,1.928680,1
6.115308,-2.739081,14.540290,5.127151,246.079700,0,10.000000,1.902667,1
6.342720,-2.413956,16.887600,5.237708,208.874400,0,10.000000,1.757847,1
6.190680,-2.746580,19.860470,6.089080,-1341.832000,1,10.000000,1.826982,1
6.280466,-1.965182,14.482600,4.174533,213.907800,0,10.000000,2.006900,0
6.240384,-2.750126,15.460450,5.187262,242.563100,0,10.000000,1.777269,1
6.289018,-2.560937,20.764100,-8.605066,-765.803200,1,10.000000,1.766419,1
6.419495,-2.509674,19.618560,5.808387,-1349.259000,1,10.000000,1.654816,1
6.344585,-3.195930,19.063700,-9.329590,-763.510300,1,10.000000,1.666970,1
5.747350,-3.069651,18.544250,6.078276,-1308.364000,1,10.000000,2.253726,1
5.579937,-2.485534,16.792900,5.296569,-1320.015000,1,10.000000,2.474142,1
5.452418,-2.617811,19.456910,-8.693933,-765.803200,1,10.000000,2.576090,1
5.532352,-3.260241,16.935620,-9.288685,761.985500,0,10.000000,2.481333,1
5.524920,-3.309624,16.479270,-9.300151,761.224200,0,10.000000,2.494371,1
5.559772,-2.052827,16.801320,5.169160,-1356.763000,1,10.000000,2.617604,0
5.855041,-1.961694,16.746230,4.961709,169.499700,0,10.000000,2.383051,0
5.580215,-2.757414,20.195650,6.303979,-1361.373000,1,10.000000,2.431914,1
5.527033,-2.434879,18.850330,6.039936,-1369.389000,1,10.000000,2.536716,0
5.515910,-2.134625,14.256690,4.567679,214.273700,0,10.000000,2.630509,0
5.656548,-3.180655,16.814320,6.030704,239.367900,0,10.000000,2.350405,1
5.578672,-2.156070,20.288190,-8.033437,-766.569100,1,10.000000,2.564185,1
5.729431,-2.547761,18.719760,-8.454597,-764.273900,1,10.000000,2.315168,1
5.791546,-2.003215,15.378120,4.634062,194.483400,0,10.000000,2.422984,0
5.698656,-2.038508,16.523530,5.085391,-1349.024000,1,10.000000,2.494123,0
5.417851,-2.813786,17.013860,5.720885,218.336100,0,10.000000,2.588855,1
5.649923,-2.960068,18.986700,6.332150,-1330.446000,1,10.000000,2.350416,1
5.544938,-3.200811,20.908240,-9.846256,-767.335700,1,10.000000,2.463261,1
5.619211,-3.258227,17.241400,6.288393,-1292.587000,1,10.000000,2.394752,1
5.327173,-3.191286,18.453100,6.572382,-1322.356000,1,10.000000,2.679663,1
5.574627,-2.561424,20.281670,-8.687235,-766.569100,1,10.000000,2.464708,1
5.342665,-2.571267,14.733630,5.175547,228.409200,0,10.000000,2.691699,0
5.445107,-2.210464,15.731660,5.002827,196.843300,0,10.000000,2.674107,0
5.453923,-2.443846,16.617890,5.354471,-1324.853000,1,10.000000,2.606111,0
5.384486,-2.417569,14.432080,4.783595,228.673900,0,10.000000,2.679579,0
5.330441,-2.887979,16.874650,5.901627,219.087500,0,10.000000,2.671909,1
5.505495,-3.077924,15.715330,5.769695,243.809300,0,10.000000,2.495722,1
5.299224,-2.384716,14.717370,4.884111,221.043200,0,10.000000,2.769976,0
5.475086,-2.988797,19.991840,6.490262,-1345.255000,1,10.000000,2.524939,1
5.547288,-2.210080,16.760930,5.425341,184.133100,0,10.000000,2.576775,0
5.525543,-2.819911,18.807030,6.257765,-1340.100000,1,10.000000,2.481002,1
5.635904,-3.063324,18.375390,6.087863,-1309.169000,1,10.000000,2.364944,1
5.613490,-2.971599,16.316570,5.661842,237.676700,0,10.000000,2.386679,1
5.453216,-3.273113,15.191110,6.101089,247.146200,0,10.000000,2.561387,1
5.780613,-2.850731,20.613900,-9.153859,-766.569100,1,10.000000,2.224401,1
5.580157,-2.924773,17.971660,-8.942222,-763.510300,1,10.000000,2.421012,1
5.590593,-2.959362,17.986570,-8.991633,763.510300,0,10.000000,2.409749,1
5.568235,-2.714481,17.242570,5.585267,-1313.212000,1,10.000000,2.448469,1
5.575974,-2.351785,17.292480,5.326451,-1339.091000,1,10.000000,2.509200,0
5.595203,-3.233985,15.379210,6.151728,242.885700,0,10.000000,2.416153,1
5.592103,-2.342038,16.810040,5.504789,201.397900,0,10.000000,2.496174,0
5.581936,-2.646627,15.859730,5.468272,221.317400,0,10.000000,2.443748,1
5.510851,-2.677052,17.160590,5.638736,209.332900,0,10.000000,2.510012,1
5.619311,-2.497815,18.406170,5.826354,-1350.762000,1,10.000000,2.433078,1
5.525121,-2.674316,19.570510,-8.782221,-765.803200,1,10.000000,2.496217,1
5.549317,-3.057928,18.816190,6.460827,-1333.047000,1,10.000000,2.451368,1
5.554076,-2.881755,17.714600,5.985391,-1315.723000,1,10.000000,2.448780,1
5.494574,-2.680574,20.824300,-8.979194,-767.335700,1,10.000000,2.525706,1
5.690348,-3.136760,16.390250,6.042365,237.625800,0,10.000000,2.313698,1
5.619017,-3.020472,17.526420,-9.017491,762.747500,0,10.000000,2.381071,1
5.583413,-2.483305,21.695550,-8.752501,-768.103100,1,10.000000,2.471207,1
5.449162,-2.269546,18.173380,5.671908,-1369.453000,1,10.000000,2.653364,0
5.355773,-2.299192,16.494150,5.303588,189.075000,0,10.000000,2.735520,0
5.268725,-2.970106,17.819060,6.229102,-1321.028000,1,10.000000,2.731439,1
5.481332,-2.048617,17.169950,5.520070,-1363.223000,1,10.000000,2.692363,0
5.245533,-3.085542,19.594140,6.631169,-1341.185000,1,10.000000,2.755795,1
5.227718,-2.548503,16.769530,5.554145,-1326.468000,1,10.000000,2.808807,0
5.563351,-3.000048,20.138950,6.471512,-1343.680000,1,10.000000,2.436649,1
5.547107,-3.032888,17.169380,5.990596,-1299.474000,1,10.000000,2.453114,1
5.416225,-2.977963,16.778690,-8.907228,761.985500,0,10.000000,2.583869,1
5.588849,-2.678060,18.933760,5.922994,-1343.778000,1,10.000000,2.432549,1
5.261834,-2.254690,16.363690,5.365397,183.916100,0,10.000000,2.837788,0
5.297284,-2.113121,14.368060,4.420537,211.493000,0,10.000000,2.844509,0
5.363606,-3.117724,20.489010,6.687975,-1346.727000,1,10.000000,2.639021,1
5.271255,-2.769820,15.868530,5.645785,223.104700,0,10.000000,2.738436,1
5.451549,-2.397921,16.165540,5.080919,206.898100,0,10.000000,2.618607,0
5.260462,-2.554155,19.156980,-8.594469,-765.803200,1,10.000000,2.775581,1
5.301487,-2.837495,17.357430,5.764834,-1313.131000,1,10.000000,2.703401,1
5.217485,-2.574651,15.393280,5.290278,220.334200,0,10.000000,2.814838,0
5.394074,-2.367771,16.534760,5.460130,-1333.681000,1,10.000000,2.681523,0
5.565870,-3.071465,18.855370,6.158092,-1315.831000,1,10.000000,2.435179,1
5.383424,-3.240976,15.522360,6.176948,241.524300,0,10.000000,2.627649,1
5.448975,-3.117844,19.451530,-9.475235,-765.803200,1,10.000000,2.553746,1
5.547484,-2.793239,21.633600,-9.286871,-768.103100,1,10.000000,2.461216,1
5.292892,-2.756521,15.464550,5.604700,225.786300,0,10.000000,2.718035,1
5.291355,-2.844720,15.044520,5.438083,238.988200,0,10.000000,2.713092,1
5.435013,-2.239751,17.091100,5.486501,-1352.450000,1,10.000000,2.675283,0
5.321050,-3.245781,15.439860,6.170586,242.059600,0,10.000000,2.690201,1
5.595669,-3.193005,17.993820,-9.325411,763.510300,0,10.000000,2.412065,1
5.376860,-2.380161,15.616730,5.282175,205.159300,0,10.000000,2.695379,0
5.447683,-2.276992,16.160320,5.244335,193.258500,0,10.000000,2.652746,0
5.518493,-2.177012,17.728920,5.688772,-1370.096000,1,10.000000,2.614419,0
5.585684,-2.157927,15.928550,4.833417,195.175600,0,10.000000,2.556953,0
5.505955,-3.168581,16.141070,5.999362,241.240200,0,10.000000,2.499736,1
5.306427,-3.167932,19.228800,-9.553498,-765.803200,1,10.000000,2.698803,1
5.299034,-2.703429,15.920070,5.455520,223.146200,0,10.000000,2.717199,1
5.477096,-2.500829,17.125790,5.622249,194.856700,0,10.000000,2.571812,1
5.295339,-2.729865,18.081390,-8.722398,764.273900,0,10.000000,2.718118,1
5.917494,-1.867723,18.349970,5.458066,-1398.065000,1,10.000000,2.370418,0
5.809130,-2.438498,15.349770,5.077192,220.765100,0,10.000000,2.261680,1
5.756813,-2.133815,16.590310,5.192833,181.761500,0,10.000000,2.404614,0
6.089882,-1.992555,21.816480,-7.832492,-767.335700,1,10.000000,2.159513,1
5.681102,-2.413719,16.933410,5.396313,197.146400,0,10.000000,2.391864,0
5.950913,-3.329861,18.501310,-9.520920,763.510300,0,10.000000,2.075467,1
6.000669,-3.309485,16.336150,6.086950,249.096200,0,10.000000,2.023142,1
5.985554,-3.261002,16.316270,6.150743,243.729000,0,10.000000,2.031284,1
5.763392,-2.369848,18.076690,5.652749,-1351.300000,1,10.000000,2.323684,0
5.645794,-2.439473,21.076330,-8.577356,-767.335700,1,10.000000,2.420016,1
5.905588,-1.873304,14.429530,3.898875,206.062900,0,10.000000,2.378236,0
5.694908,-3.233983,17.349530,6.323030,231.519800,0,10.000000,2.316937,1
5.867194,-2.185820,17.709260,5.562470,-1352.717000,1,10.000000,2.282926,0
5.840229,-2.072068,21.400390,-7.965014,-767.335700,1,10.000000,2.350675,1
5.934627,-2.557656,17.272490,5.457183,-1317.597000,1,10.000000,2.112211,1
5.978640,-2.719228,18.353240,5.938758,-1327.706000,1,10.000000,2.040767,1
5.793175,-2.607347,15.315810,5.133135,231.956100,0,10.000000,2.241484,1
5.863996,-2.156476,14.329930,4.244657,224.613200,0,10.000000,2.296529,0
5.976616,-3.317049,18.023080,-9.429404,762.747500,0,10.000000,2.048073,1
5.849608,-3.248749,18.668280,6.424944,-1305.604000,1,10.000000,2.164731,1
5.802357,-2.987109,18.064960,6.125625,-1311.575000,1,10.000000,2.197681,1
5.879010,-2.507450,16.717380,5.449123,207.810800,0,10.000000,2.177430,1
6.103134,-2.389113,20.473660,-8.336591,-765.803200,1,10.000000,1.992808,1
5.807970,-2.958824,18.297100,-8.990865,-763.510300,1,10.000000,2.192417,1
5.924872,-3.141521,15.819960,5.955031,243.444500,0,10.000000,2.079948,1
5.871399,-2.217565,14.684650,4.718729,217.494600,0,10.000000,2.267850,0
5.979037,-2.145154,14.841530,4.319969,219.103600,0,10.000000,2.194323,0
5.981584,-2.270717,20.283740,-8.151597,-765.803200,1,10.000000,2.146126,1
6.048414,-3.104844,17.633000,-9.078690,761.985500,0,10.000000,1.954400,1
5.915628,-2.738051,18.260580,5.911077,-1325.386000,1,10.000000,2.100767,1
5.869771,-2.710924,15.808390,5.328384,232.267700,0,10.000000,2.149754,1
5.791852,-2.642003,19.885520,6.096900,-1359.102000,1,10.000000,2.236980,1
5.960259,-2.705571,17.280570,5.801088,-1297.017000,1,10.000000,2.060881,1
6.119674,-3.102823,17.972070,6.195920,-1300.776000,1,10.000000,1.883136,1
6.000697,-2.246394,15.615690,4.807590,211.602300,0,10.000000,2.136617,0
6.058987,-1.914206,15.329200,4.438169,194.263600,0,10.000000,2.224069,0
6.312897,-1.965758,18.920490,5.532889,-1388.588000,1,10.000000,1.978882,0
5.926678,-2.989897,19.009820,-9.104798,-764.273900,1,10.000000,2.073347,1
6.036077,-2.552885,14.830530,5.104824,232.806600,0,10.000000,2.014176,1
6.180496,-3.053374,16.163180,5.760925,243.785200,0,10.000000,1.820287,1
6.140531,-2.406470,17.083920,5.323101,202.501300,0,10.000000,1.951898,1
5.995363,-2.444910,14.796200,4.963430,228.752600,0,10.000000,2.080071,1
6.172870,-3.234174,18.032340,6.322756,-1295.478000,1,10.000000,1.842075,1
6.042928,-1.933767,16.552770,4.676847,-1345.748000,1,10.000000,2.228673,0
6.060188,-2.556916,18.488530,5.884732,-1344.123000,1,10.000000,1.989772,1
6.174345,-2.206789,16.691180,5.007661,196.440200,0,10.000000,1.990528,0
5.898383,-2.436951,14.313900,4.927737,230.977200,0,10.000000,2.175734,1
6.334141,-2.846358,18.308510,5.961085,-1312.921000,1,10.000000,1.672929,1
6.103530,-2.154848,14.248640,4.436383,223.696300,0,10.000000,2.076266,0
6.218614,-2.595583,19.917770,6.051866,-1354.567000,1,10.000000,1.826716,1
6.198704,-2.122664,17.677030,5.305970,-1352.405000,1,10.000000,2.003593,0
6.240614,-1.928573,14.814320,4.054244,208.902600,0,10.000000,2.059950,0
6.151912,-2.810123,19.341060,-8.840425,-764.273900,1,10.000000,1.857817,1
5.993457,-2.687847,16.858480,5.476575,221.383400,0,10.000000,2.030678,1
5.977623,-2.802955,19.514100,6.285738,-1334.792000,1,10.000000,2.031954,1
6.167639,-2.595786,17.107430,5.329751,217.794200,0,10.000000,1.876415,1
6.292093,-2.619350,21.438870,-8.780664,-766.569100,1,10.000000,1.749811,1
6.138088,-2.580890,19.906210,-8.564793,-765.038200,1,10.000000,1.908499,1
6.195794,-1.932585,18.212620,5.231602,-1378.456000,1,10.000000,2.096314,0
6.104573,-2.238510,17.060260,5.051354,193.558300,0,10.000000,2.042673,0
5.950139,-2.362263,18.920170,5.776710,-1362.421000,1,10.000000,2.146774,1
6.280313,-2.097619,17.790380,5.340754,-1355.306000,1,10.000000,1.942065,0
6.015842,-2.996625,18.378910,6.111630,-1310.400000,1,10.000000,1.984160,1
5.697057,-2.222082,19.770230,6.022304,-1400.230000,1,10.000000,2.430782,0
5.586864,-2.548976,19.554900,6.246945,-1371.663000,1,10.000000,2.454923,1
5.732563,-2.920516,16.950030,5.789512,-1297.766000,1,10.000000,2.268830,1
5.752900,-1.922285,18.096970,5.596820,-1393.913000,1,10.000000,2.492173,0
5.789880,-2.846300,15.283000,5.392833,242.020400,0,10.000000,2.215458,1
5.551662,-2.484216,15.834930,5.394214,206.565300,0,10.000000,2.502078,0
5.657225,-3.085229,19.610950,6.530739,-1331.977000,1,10.000000,2.344325,1
5.833551,-3.173184,21.389260,-9.800211,-767.335700,1,10.000000,2.173360,1
5.992975,-1.867457,15.248700,4.495180,189.524100,0,10.000000,2.304518,0
5.630363,-2.783696,18.984970,6.031087,-1336.973000,1,10.000000,2.379489,1
5.821783,-2.374860,17.128800,5.450283,-1332.858000,1,10.000000,2.266149,0
5.883060,-2.742265,16.241890,5.623565,224.205400,0,10.000000,2.132572,1
5.623244,-2.727668,14.684030,5.211939,240.497200,0,10.000000,2.392307,1
5.670154,-2.921792,17.359960,5.853323,223.139500,0,10.000000,2.331158,1
5.801903,-2.569696,17.577940,5.775091,-1334.736000,1,10.000000,2.239820,1
5.700828,-2.502377,16.029800,5.385460,212.373900,0,10.000000,2.352408,1
6.049088,-2.325559,16.973030,5.178705,-1325.235000,1,10.000000,2.064202,1
5.840508,-2.733815,17.128280,5.482292,221.666900,0,10.000000,2.175836,1
6.023412,-2.414825,16.925640,5.311809,-1320.527000,1,10.000000,2.061390,1
5.918741,-2.947116,15.430010,5.558245,244.085300,0,10.000000,2.081931,1
6.007256,-2.347442,21.678770,-8.423971,-767.335700,1,10.000000,2.096870,1
5.897289,-2.511635,18.260740,5.701319,-1339.541000,1,10.000000,2.158679,1
5.940632,-2.916347,16.758660,5.736508,231.413500,0,10.000000,2.061066,1
6.097833,-3.219692,17.411490,6.291224,-1292.062000,1,10.000000,1.914812,1
6.120936,-2.198582,15.381240,4.557189,215.905800,0,10.000000,2.042829,0
5.955258,-2.800415,19.479510,6.282486,-1339.337000,1,10.000000,2.054460,1
6.095902,-2.686756,16.098380,5.359316,230.348400,0,10.000000,1.929692,1
6.106131,-2.914855,19.102570,6.018516,-1319.266000,1,10.000000,1.895782,1
6.144248,-2.963917,17.521820,5.729233,232.785800,0,10.000000,1.856103,1
6.001587,-2.601008,17.352000,5.666747,-1319.270000,1,10.000000,2.037854,1
6.190192,-3.237314,18.057090,6.318269,-1295.100000,1,10.000000,1.825301,1
6.170889,-2.658064,18.103510,5.665862,-1319.959000,1,10.000000,1.860797,1
5.969941,-2.129524,16.423030,5.106198,192.387500,0,10.000000,2.208816,0
5.870815,-2.747230,19.501250,-8.816824,-765.038200,1,10.000000,2.144136,1
5.859976,-2.980520,15.341110,5.815903,238.409200,0,10.000000,2.140113,1
5.838727,-2.889916,19.933460,6.250515,-1340.258000,1,10.000000,2.164075,1
5.607888,-2.262235,14.735240,4.722987,217.897700,0,10.000000,2.503297,0
5.812871,-2.159670,15.799770,4.748501,201.488500,0,10.000000,2.343008,0
5.758668,-3.023932,17.720380,-9.022298,762.747500,0,10.000000,2.241459,1
5.545230,-2.590124,17.223120,5.494685,-1321.496000,1,10.000000,2.488754,1
5.826702,-2.081229,15.817510,4.849066,193.111500,0,10.000000,2.359527,0
5.934219,-2.540680,20.861650,-8.653776,-766.569100,1,10.000000,2.116229,1
5.845590,-2.663531,15.777390,5.389143,227.181100,0,10.000000,2.180526,1
5.792333,-3.095307,17.504440,6.206655,-1301.679000,1,10.000000,2.209724,1
5.859190,-1.839986,14.019920,3.866122,208.023600,0,10.000000,2.434892,0
5.755955,-2.909903,19.327210,-9.063298,-765.038200,1,10.000000,2.245853,1
5.660782,-3.178881,18.397880,6.216887,-1304.067000,1,10.000000,2.346047,1
5.887089,-1.981309,14.025480,4.154348,215.585800,0,10.000000,2.345661,0
5.752323,-1.985140,18.655770,5.641755,-1398.421000,1,10.000000,2.466169,0
5.611126,-2.152297,15.950100,5.079361,190.461700,0,10.000000,2.534822,0
5.633654,-2.090237,16.435690,5.015489,180.770600,0,10.000000,2.535205,0
5.416072,-3.117729,18.258940,-9.292789,764.273900,0,10.000000,2.586608,1
5.502908,-2.869566,18.771660,6.180178,-1333.592000,1,10.000000,2.500496,1
5.390930,-3.166927,17.209630,-9.220901,762.747500,0,10.000000,2.614405,1
5.405922,-2.923818,18.244010,-9.007624,-764.273900,1,10.000000,2.595196,1
5.319720,-2.562203,17.411380,5.626954,-1333.321000,1,10.000000,2.715800,1
5.604144,-2.143230,14.376840,4.318955,219.188000,0,10.000000,2.544441,0
5.442841,-3.165728,18.852800,-9.450912,-765.038200,1,10.000000,2.562524,1
5.368974,-2.326317,16.053950,5.177682,198.821800,0,10.000000,2.715907,0
5.609272,-2.741025,16.339310,5.404714,227.399400,0,10.000000,2.404714,1
5.423700,-2.877774,15.622640,5.734875,230.789200,0,10.000000,2.579198,1
5.467714,-2.029036,17.161400,5.315802,-1369.741000,1,10.000000,2.712055,0
5.556559,-2.389266,16.760430,5.430276,-1331.186000,1,10.000000,2.518611,0
5.505051,-2.587598,15.772200,5.273326,221.751800,0,10.000000,2.528804,1
5.470894,-3.158695,15.654010,5.970068,242.941300,0,10.000000,2.534080,1
5.316739,-2.632958,19.758380,6.490749,-1383.631000,1,10.000000,2.708249,1
5.591331,-2.066063,18.987210,5.887818,-1403.977000,1,10.000000,2.583395,0
5.939583,-1.945336,17.835500,5.435373,-1379.701000,1,10.000000,2.314656,0
5.771604,-2.718123,18.245160,-8.647006,763.510300,0,10.000000,2.246153,1
5.855838,-2.761782,15.366040,5.498535,233.162600,0,10.000000,2.157355,1
5.821862,-2.515129,21.369780,-8.703450,-767.335700,1,10.000000,2.231454,1
5.850054,-2.931895,14.555650,5.509031,246.696300,0,10.000000,2.151024,1
5.875369,-1.956992,14.358970,4.243450,208.935300,0,10.000000,2.366839,0
5.624722,-2.370121,16.867700,5.205077,197.297200,0,10.000000,2.457375,0
5.879169,-2.045797,16.314720,4.980955,182.885900,0,10.000000,2.325602,0
5.753707,-2.930159,20.470780,6.296637,-1344.893000,1,10.000000,2.247378,1
5.666460,-2.486795,16.443280,5.214551,211.570400,0,10.000000,2.389307,1
5.936542,-2.574792,18.305140,5.875041,-1338.234000,1,10.000000,2.106813,1
5.782328,-3.199185,14.817650,5.822376,253.075700,0,10.000000,2.226599,1
5.836942,-2.427483,20.704750,-8.471200,-766.569100,1,10.000000,2.237543,1
5.590734,-2.527331,20.307640,-8.632246,-766.569100,1,10.000000,2.455194,1
5.989663,-1.902042,16.471610,4.940090,-1351.911000,1,10.000000,2.290626,0
5.701017,-3.203795,20.337640,6.747020,-1334.999000,1,10.000000,2.307998,1
5.903048,-2.259946,20.811380,-8.200978,-766.569100,1,10.000000,2.223710,1
5.480739,-3.202806,18.354030,-9.417901,-764.273900,1,10.000000,2.527411,1
5.516224,-3.187135,19.383530,6.366374,-1318.162000,1,10.000000,2.490816,1
5.543610,-2.681010,20.231640,-8.880116,-766.569100,1,10.000000,2.477015,1
5.771401,-1.899628,16.633210,5.045580,162.520300,0,10.000000,2.485452,0
5.635095,-2.933061,20.379190,-9.286651,-766.569100,1,10.000000,2.365852,1
5.532201,-3.243322,15.719120,6.173951,241.776400,0,10.000000,2.479765,1
5.678761,-3.071336,18.112520,-9.151598,763.510300,0,10.000000,2.322335,1
5.464334,-2.137522,16.657070,5.285331,174.810800,0,10.000000,2.678333,0
5.620237,-3.225810,14.991070,6.131093,243.862100,0,10.000000,2.390452,1
5.635506,-1.974519,16.439000,5.169080,-1351.337000,1,10.000000,2.577294,0
5.678420,-2.725838,16.889220,5.772138,213.278300,0,10.000000,2.337713,1
5.524709,-2.869781,21.594330,-9.418841,-768.103100,1,10.000000,2.478714,1
5.528009,-2.459337,17.730540,5.521148,-1340.305000,1,10.000000,2.530426,0
5.680837,-3.105494,18.648290,-9.274796,-764.273900,1,10.000000,2.321561,1
5.466494,-2.682015,18.728930,6.189962,-1350.286000,1,10.000000,2.553383,1
6.070740,-2.583699,16.976480,5.346085,-1307.543000,1,10.000000,1.973664,1
6.019296,-3.209116,19.726210,-9.516653,-765.038200,1,10.000000,1.991713,1
6.124213,-2.358502,15.757530,4.918344,218.185900,0,10.000000,1.982447,1
6.101226,-2.028470,17.067550,5.098957,-1350.154000,1,10.000000,2.132889,0
6.016203,-2.297851,18.460850,5.511069,-1355.264000,1,10.000000,2.104391,0
6.292555,-3.266817,17.188300,6.181591,241.894900,0,10.000000,1.728167,1
6.139797,-2.265141,14.289380,4.311240,234.120500,0,10.000000,2.000093,1
6.035979,-2.700607,14.446330,5.171620,242.356900,0,10.000000,1.986709,1
6.178119,-2.451770,15.039270,4.694801,235.326800,0,10.000000,1.902579,1
6.086028,-3.042139,19.668110,6.203913,-1319.678000,1,10.000000,1.914436,1
6.029510,-3.175129,16.389860,5.948524,244.751900,0,10.000000,1.978258,1
6.232980,-2.959614,17.645050,5.735209,-1293.211000,1,10.000000,1.767482,1
6.191764,-2.227024,14.705990,4.404973,227.069500,0,10.000000,1.966522,0
6.250340,-2.460893,18.243370,5.420318,-1331.117000,1,10.000000,1.830832,1
6.139941,-2.570190,18.072700,5.523164,-1323.877000,1,10.000000,1.909072,1
6.227197,-2.686448,17.665340,5.548080,-1309.335000,1,10.000000,1.800318,1
5.304685,-3.025015,18.447270,6.230669,-1321.925000,1,10.000000,2.695431,1
5.228912,-3.317355,21.084340,-10.190520,-768.103100,1,10.000000,2.789201,1
5.221339,-2.874502,19.583490,6.389400,-1352.675000,1,10.000000,2.781493,1
5.394330,-2.733751,16.034850,5.694527,219.020100,0,10.000000,2.619238,1
5.418056,-2.388453,15.255680,5.208115,221.600100,0,10.000000,2.653380,0
5.483108,-3.021188,15.685870,5.844345,237.541200,0,10.000000,2.516982,1
5.421376,-2.469438,17.046190,5.667095,-1335.915000,1,10.000000,2.632641,0
5.182009,-2.354889,21.003470,-8.531093,-768.103100,1,10.000000,2.890890,1
5.294022,-3.207919,17.286460,6.419799,224.141500,0,10.000000,2.713954,1
5.236542,-2.632915,18.989870,6.111558,-1360.329000,1,10.000000,2.787732,1
5.239363,-3.169442,14.519050,5.884799,248.587900,0,10.000000,2.765832,1
5.235269,-2.435699,18.538300,-8.344806,765.038200,0,10.000000,2.821732,1
5.506138,-3.160584,18.391390,-9.355809,764.273900,0,10.000000,2.499027,1
5.396686,-2.080483,14.871090,4.771838,198.784800,0,10.000000,2.760934,0
5.391863,-2.910367,17.476060,5.943314,-1312.193000,1,10.000000,2.609677,1
5.274876,-2.486048,16.836900,5.643367,193.090600,0,10.000000,2.773166,0
5.529723,-3.009661,17.402400,-9.002476,762.747500,0,10.000000,2.470296,1
5.263957,-2.942398,20.439930,-9.415566,-767.335700,1,10.000000,2.736650,1
6.123643,-2.091787,16.198200,4.835530,194.239000,0,10.000000,2.084602,0
6.193802,-3.052184,16.180230,5.762450,243.657200,0,10.000000,1.806952,1
5.984711,-3.070032,21.641200,-9.628292,-767.335700,1,10.000000,2.016506,1
6.131443,-3.248379,21.179750,-9.795228,-766.569100,1,10.000000,1.884993,1
5.924646,-3.237999,15.388590,6.117130,245.036800,0,10.000000,2.088956,1
6.121923,-3.118044,17.460680,6.117666,232.058700,0,10.000000,1.881783,1
6.062405,-2.842010,18.142240,-8.769627,-762.747500,1,10.000000,1.944025,1
6.181113,-2.450072,18.690990,5.534773,-1341.443000,1,10.000000,1.900203,1
6.136615,-3.160544,16.530790,5.967715,243.138900,0,10.000000,1.870288,1
6.008522,-3.275273,16.346480,6.131966,245.308900,0,10.000000,2.010413,1
6.172628,-2.033740,15.075440,4.453195,208.017100,0,10.000000,2.067111,0
6.038618,-3.166326,17.856280,6.105200,-1293.151000,1,10.000000,1.968422,1
6.149621,-2.593896,18.086540,5.489298,-1321.045000,1,10.000000,1.894418,1
5.929990,-3.050714,18.471420,-9.122136,763.510300,0,10.000000,2.070631,1
5.910076,-2.669698,19.560730,-8.699351,-765.038200,1,10.000000,2.115865,1
5.786482,-2.245402,18.684470,5.708488,-1372.506000,1,10.000000,2.338607,0
5.747049,-2.353894,14.521670,4.554292,231.205600,0,10.000000,2.343766,0
5.904231,-2.045862,16.801330,5.075455,-1348.196000,1,10.000000,2.302744,0
5.971606,-2.551211,15.540060,5.203465,226.074300,0,10.000000,2.077449,1
6.045867,-2.996484,18.996540,6.189135,-1317.672000,1,10.000000,1.954136,1
6.013927,-2.063268,16.069160,4.639671,194.776400,0,10.000000,2.195895,0
5.786842,-2.643433,18.266930,-8.540305,763.510300,0,10.000000,2.241698,1
6.095283,-3.219660,19.841340,-9.532628,-765.038200,1,10.000000,1.917342,1
5.874021,-3.089743,16.185270,6.060875,235.308700,0,10.000000,2.127872,1
5.981221,-2.638037,18.370850,5.782033,-1330.448000,1,10.000000,2.050972,1
5.903356,-3.098816,21.505600,-9.676264,-767.335700,1,10.000000,2.098971,1
5.958413,-2.829953,18.512030,-8.806763,763.510300,0,10.000000,2.048656,1
5.860536,-2.185190,17.711020,5.323961,-1354.668000,1,10.000000,2.289372,0
5.322959,-2.401957,15.145820,4.927385,218.191100,0,10.000000,2.743028,0
5.261472,-3.180733,18.972640,6.376700,-1319.030000,1,10.000000,2.744486,1
5.284174,-3.167823,16.158590,-9.113130,761.224200,0,10.000000,2.721006,1
5.328778,-2.006970,15.602020,4.802026,182.026400,0,10.000000,2.849831,0
5.177739,-2.245919,20.996110,-8.343214,-768.103100,1,10.000000,2.921266,1
5.479314,-2.847309,20.013450,6.434721,-1356.476000,1,10.000000,2.525306,1
5.386553,-2.099473,16.091610,5.219589,170.956900,0,10.000000,2.764246,0
5.166804,-2.329231,19.010640,-8.243024,-765.803200,1,10.000000,2.911517,1
5.166358,-2.819393,20.277270,-9.210559,-767.335700,1,10.000000,2.839392,1
5.299510,-2.894860,16.620620,-8.794890,761.985500,0,10.000000,2.702535,1
5.436692,-3.047109,20.059190,-9.470598,-766.569100,1,10.000000,2.563741,1
5.201138,-2.621704,16.240270,5.638002,208.631500,0,10.000000,2.824311,1
5.426285,-2.971009,19.416080,-9.245805,-765.803200,1,10.000000,2.573878,1
5.331605,-2.810879,15.950080,5.590301,227.754200,0,10.000000,2.675088,1
5.342342,-2.284094,16.030220,4.989753,198.694700,0,10.000000,2.752393,0
5.220277,-2.507153,18.965410,6.294681,-1382.076000,1,10.000000,2.823076,0
5.557268,-3.137585,18.466580,-9.321986,-764.273900,1,10.000000,2.446604,1
5.530753,-2.726202,18.986000,-8.784963,-765.038200,1,10.000000,2.484381,1
5.784127,-1.836143,13.920660,4.090791,205.110500,0,10.000000,2.502929,0
5.541208,-2.761195,14.979840,5.215147,240.987700,0,10.000000,2.470361,1
5.837938,-2.589155,18.160130,5.853920,-1336.466000,1,10.000000,2.200751,1
5.793900,-2.572882,18.657450,5.977487,-1347.575000,1,10.000000,2.247066,1
5.509590,-2.297983,16.243980,5.215968,195.626100,0,10.000000,2.587464,0
5.776756,-2.340700,19.358730,-8.200869,-765.038200,1,10.000000,2.318941,1
5.777946,-2.550942,18.085240,5.643514,-1334.706000,1,10.000000,2.266975,1
5.835011,-3.187615,20.576610,6.461047,-1326.886000,1,10.000000,2.173103,1
5.510542,-2.780412,15.751740,5.573372,228.411600,0,10.000000,2.499124,1
5.807127,-2.118294,16.670120,4.977571,183.929000,0,10.000000,2.363493,0
5.754298,-3.242623,21.257170,-9.915943,-767.335700,1,10.000000,2.258770,1
5.751533,-2.143738,16.146780,4.852087,193.620400,0,10.000000,2.405990,0
5.848583,-2.780068,18.894980,-8.796226,-764.273900,1,10.000000,2.162629,1
5.493730,-2.768694,14.507290,5.445782,236.824300,0,10.000000,2.516921,1
5.702157,-1.883241,14.892970,4.475704,191.143200,0,10.000000,2.554845,0
5.585007,-2.971481,18.885270,6.314316,-1328.948000,1,10.000000,2.415162,1
5.895700,-3.304219,19.339870,6.411522,-1305.239000,1,10.000000,2.126176,1
5.727532,-2.951450,21.212560,-9.430655,-767.335700,1,10.000000,2.272986,1
5.746634,-2.141793,14.934940,4.389253,214.096200,0,10.000000,2.411260,0
5.794198,-1.920620,14.644520,4.132414,203.168000,0,10.000000,2.455733,0
5.737213,-2.325364,14.496660,4.842584,222.992000,0,10.000000,2.361215,0
5.681306,-2.332928,14.441930,4.578969,229.148000,0,10.000000,2.412743,0
5.823699,-1.999994,15.418320,4.638089,194.148400,0,10.000000,2.395057,0
5.780451,-2.485188,17.058360,5.557833,199.481200,0,10.000000,2.278471,1
5.792455,-2.947101,17.534680,5.817168,226.172300,0,10.000000,2.208179,1
5.664334,-3.042823,20.426350,-9.463686,-766.569100,1,10.000000,2.336059,1
5.762278,-3.060352,20.470490,6.371005,-1335.241000,1,10.000000,2.238536,1
5.587531,-2.827616,17.778080,5.779364,-1314.349000,1,10.000000,2.418620,1
5.833870,-3.036212,17.579040,5.985846,-1299.075000,1,10.000000,2.166432,1
5.718726,-2.765041,17.970940,5.872040,-1322.098000,1,10.000000,2.293342,1
6.048541,-3.092079,14.780870,5.619673,253.368900,0,10.000000,1.953631,1
6.061945,-3.213552,16.876670,6.253572,235.838700,0,10.000000,1.949785,1
6.289359,-2.574594,20.028310,6.084662,-1357.312000,1,10.000000,1.762743,1
6.154793,-2.119210,17.627740,5.076961,-1349.083000,1,10.000000,2.044647,0
6.297038,-2.041085,16.420500,4.900534,188.824400,0,10.000000,1.954379,0
6.165801,-2.886031,15.339850,5.597867,240.002600,0,10.000000,1.837736,1
6.080864,-3.115241,15.200010,5.925944,244.370700,0,10.000000,1.922593,1
6.150621,-2.077867,19.247960,5.726940,-1389.796000,1,10.000000,2.066526,0
6.068423,-2.447440,14.515930,4.916137,231.946300,0,10.000000,2.009058,1
6.057112,-2.414298,19.783510,-8.312380,-765.038200,1,10.000000,2.029252,1
6.167827,-2.265970,15.426090,4.719766,218.166300,0,10.000000,1.973742,0
6.212361,-2.849539,17.125860,5.826788,-1300.131000,1,10.000000,1.793959,1
6.214931,-3.179265,18.108150,6.086716,-1291.598000,1,10.000000,1.794047,1
6.272601,-2.240187,17.767520,5.385540,-1343.260000,1,10.000000,1.887121,0
6.086691,-2.361873,17.023850,5.129632,-1321.139000,1,10.000000,2.016917,1
5.611185,-2.081881,17.354800,5.471544,-1366.974000,1,10.000000,2.559175,0
5.824309,-2.995383,18.320450,-9.043094,-763.510300,1,10.000000,2.175696,1
5.765676,-2.494213,17.050870,5.284515,206.487100,0,10.000000,2.290857,1
5.713758,-3.238721,19.055580,6.513864,-1313.850000,1,10.000000,2.298672,1
5.708797,-3.155958,20.498070,-9.646162,-766.569100,1,10.000000,2.296504,1
5.780389,-1.873177,19.293740,5.966639,-1426.248000,1,10.000000,2.489258,0
5.623900,-2.915875,16.330640,5.737144,231.360000,0,10.000000,2.377589,1
5.560645,-2.802354,17.217860,5.737215,-1310.053000,1,10.000000,2.447349,1
5.769265,-2.479421,19.862150,6.098058,-1375.016000,1,10.000000,2.290673,1
5.624212,-2.701119,16.827870,5.527703,217.865300,0,10.000000,2.394514,1
5.694374,-2.057264,14.871190,4.492321,205.519400,0,10.000000,2.490916,0
5.558960,-3.056374,20.117540,6.675781,-1340.763000,1,10.000000,2.441690,1
5.600157,-2.071421,17.339040,5.486488,-1368.220000,1,10.000000,2.573229,0
5.566569,-2.607337,18.313010,5.925284,-1343.204000,1,10.000000,2.464908,1
5.695367,-1.871850,16.530460,5.083120,-1364.575000,1,10.000000,2.565942,0
5.873716,-2.790849,17.665100,5.753651,-1311.430000,1,10.000000,2.136546,1
6.034222,-3.205977,18.620320,-9.343942,-763.510300,1,10.000000,1.976540,1
6.225133,-2.044600,19.360870,5.777296,-1393.996000,1,10.000000,2.015674,0
5.948348,-2.172415,18.361060,5.695534,-1370.661000,1,10.000000,2.212278,0
6.002578,-2.547200,14.422510,5.071089,234.870500,0,10.000000,2.048102,1
5.901297,-3.236526,15.773600,6.148631,243.146200,0,10.000000,2.111989,1
6.054945,-2.766733,14.821820,5.413072,238.807300,0,10.000000,1.958993,1
5.953855,-3.093138,19.446420,6.427722,-1322.553000,1,10.000000,2.048264,1
6.035370,-2.721238,17.909910,5.575614,-1312.403000,1,10.000000,1.984308,1
6.234158,-2.150942,18.793280,5.489075,-1369.199000,1,10.000000,1.959362,0
6.104950,-2.261852,19.167000,5.683565,-1370.426000,1,10.000000,2.033735,0
5.953423,-3.181711,21.589040,-9.814423,-767.335700,1,10.000000,2.054628,1
6.037938,-2.187524,16.523630,4.794474,-1324.029000,1,10.000000,2.123631,0
5.974077,-2.409224,14.793930,4.745079,231.130300,0,10.000000,2.110303,1
5.756903,-2.691024,16.538810,5.472285,221.742800,0,10.000000,2.264277,1
5.872893,-2.338327,16.734930,5.161450,-1323.795000,1,10.000000,2.227643,0
5.898710,-3.050799,18.426730,-9.122258,763.510300,0,10.000000,2.101904,1
5.714128,-3.189495,17.181260,-9.193083,761.985500,0,10.000000,2.293713,1
5.698929,-3.224657,17.881920,6.395184,-1302.335000,1,10.000000,2.312012,1
5.944830,-1.911771,14.826630,4.143526,202.245200,0,10.000000,2.325503,0
5.669218,-3.214392,18.986000,6.551877,-1317.048000,1,10.000000,2.340622,1
5.899529,-2.692961,17.210250,5.539034,-1308.578000,1,10.000000,2.122793,1
5.869171,-2.514833,15.424960,4.981800,228.735100,0,10.000000,2.185365,1
5.772622,-2.442583,20.601010,-8.495555,-766.569100,1,10.000000,2.296067,1
5.869067,-2.709145,14.610560,5.195799,241.090100,0,10.000000,2.150691,1
5.926323,-2.980371,17.953230,-8.961796,762.747500,0,10.000000,2.073770,1
5.909026,-2.510817,21.515050,-8.696264,-767.335700,1,10.000000,2.147434,1
5.851909,-2.421553,20.081110,-8.387278,-765.803200,1,10.000000,2.224612,1
5.636482,-3.020822,14.652710,5.731321,244.752300,0,10.000000,2.363610,1
6.002190,-2.311259,15.223050,4.664372,222.785100,0,10.000000,2.113199,1
6.212287,-2.063920,19.341400,5.748024,-1391.555000,1,10.000000,2.017961,0
6.018429,-2.926185,15.970340,5.625161,239.231900,0,10.000000,1.982946,1
6.024982,-2.827776,18.979620,6.150454,-1330.333000,1,10.000000,1.982512,1
6.147236,-2.533918,19.206050,5.771654,-1346.187000,1,10.000000,1.910489,1
6.091806,-3.216978,18.702590,-9.359657,-763.510300,1,10.000000,1.920490,1
5.916556,-2.642946,18.452230,-8.539610,763.510300,0,10.000000,2.113818,1
6.050807,-2.535683,16.949540,5.410970,211.001600,0,10.000000,2.003733,1
5.939599,-2.640718,18.309770,5.777617,-1329.405000,1,10.000000,2.091491,1
6.092179,-2.536205,15.306780,4.903268,234.537200,0,10.000000,1.963386,1
6.150514,-2.803870,20.547690,-8.984650,-765.803200,1,10.000000,1.859856,1
6.318990,-2.837298,20.046790,6.230596,-1337.821000,1,10.000000,1.688865,1
6.100335,-2.013674,15.000830,4.245816,209.496100,0,10.000000,2.140460,0
6.186888,-3.039425,18.315130,-9.043816,762.747500,0,10.000000,1.813540,1
6.016652,-2.526314,21.694420,-8.722092,-767.335700,1,10.000000,2.039130,1
5.722239,-3.063112,19.878500,-9.389716,-765.803200,1,10.000000,2.278635,1
5.754782,-2.641873,17.009220,5.609989,-1314.518000,1,10.000000,2.273600,1
5.769471,-2.924257,17.001290,5.784317,-1297.330000,1,10.000000,2.231814,1
5.718420,-2.049945,14.539010,4.201268,213.199500,0,10.000000,2.471480,0
5.938761,-1.878723,18.381240,5.441889,-1396.718000,1,10.000000,2.346480,0
6.029348,-1.845602,15.293950,4.515780,189.292900,0,10.000000,2.283879,0
5.611316,-2.317140,20.340840,-8.293227,-766.569100,1,10.000000,2.484373,1
5.797518,-3.030730,18.282180,-9.093589,763.510300,0,10.000000,2.202696,1
5.687650,-3.272994,19.014790,6.460312,-1309.344000,1,10.000000,2.328409,1
5.696428,-2.943383,17.384290,6.100554,-1314.754000,1,10.000000,2.304267,1
5.733122,-2.841876,15.618540,5.442658,238.604800,0,10.000000,2.272386,1
5.689511,-2.114566,16.065170,4.890470,190.423200,0,10.000000,2.474339,0
5.874885,-2.170402,15.459260,4.898063,206.853800,0,10.000000,2.281304,0
5.732717,-2.825481,14.428640,5.342286,244.739000,0,10.000000,2.273990,1
5.627624,-2.958590,18.039470,-8.990531,763.510300,0,10.000000,2.372737,1
5.879468,-3.086369,17.123940,6.161658,-1297.134000,1,10.000000,2.122290,1
5.723096,-2.435508,20.521140,-8.484143,-766.569100,1,10.000000,2.345835,1
5.778800,-3.018581,16.075320,5.847817,237.249600,0,10.000000,2.221277,1
6.092992,-1.929724,17.553140,5.115324,-1368.017000,1,10.000000,2.186817,0
5.759625,-3.101740,18.228040,-9.195032,763.510300,0,10.000000,2.242683,1
5.794137,-2.723595,21.323570,-9.050896,-767.335700,1,10.000000,2.223112,1
5.729429,-2.621716,16.515250,5.294710,220.724700,0,10.000000,2.301867,1
5.779953,-2.420540,16.596650,5.304085,204.089900,0,10.000000,2.294424,1
5.930946,-2.992381,19.016100,-9.108451,-764.273900,1,10.000000,2.069068,1
6.006696,-3.083760,18.064860,-9.105392,-762.747500,1,10.000000,1.995063,1
5.792601,-2.563668,19.886730,6.223247,-1369.680000,1,10.000000,2.250111,1
5.846055,-3.111612,19.277980,6.398859,-1320.127000,1,10.000000,2.156835,1
5.864739,-2.967462,19.492040,-9.150509,-765.038200,1,10.000000,2.135509,1
5.753245,-2.857358,18.218930,-8.845915,763.510300,0,10.000000,2.251278,1
5.922218,-1.880975,18.913190,5.799582,-1411.567000,1,10.000000,2.359957,0
5.787384,-3.219887,18.574010,6.468676,-1309.283000,1,10.000000,2.223515,1
5.781160,-2.267363,19.970570,-8.146355,-765.803200,1,10.000000,2.336666,1
5.819258,-2.565352,16.185670,5.302788,219.998500,0,10.000000,2.223635,1
5.164240,-3.177310,16.607160,6.089509,235.188100,0,10.000000,2.841297,1
5.408885,-2.705967,17.014930,5.597429,212.791000,0,10.000000,2.607744,1
5.444139,-3.273844,17.507230,6.322850,232.298400,0,10.000000,2.570489,1
5.524790,-2.070790,20.874660,-7.962884,-767.335700,1,10.000000,2.643879,1
5.181099,-2.785226,17.180390,5.841702,208.975200,0,10.000000,2.827071,1
5.392014,-2.367679,15.636730,5.298682,219.197200,0,10.000000,2.683546,0
5.428802,-2.946262,16.515010,6.029995,215.317100,0,10.000000,2.571760,1
5.315600,-2.497403,15.536120,5.127910,218.047900,0,10.000000,2.731045,0
5.461039,-2.415431,18.759850,5.817408,-1366.587000,1,10.000000,2.605387,0
5.249187,-2.964395,18.360550,6.325387,-1329.878000,1,10.000000,2.751044,1
5.334188,-2.183863,16.019200,5.125203,187.400800,0,10.000000,2.787945,0
5.362899,-2.427240,14.797560,4.831090,225.468600,0,10.000000,2.698584,0
5.375413,-2.256939,18.626070,6.065053,-1387.277000,1,10.000000,2.727745,0
5.145774,-2.452318,17.861440,-8.314240,764.273900,0,10.000000,2.906297,1
5.172037,-2.350607,21.735790,-8.631929,-768.871200,1,10.000000,2.901567,1
5.353866,-2.609364,18.717980,-8.607935,-765.038200,1,10.000000,2.674813,1
5.413877,-2.385421,17.048420,5.528136,186.895600,0,10.000000,2.658145,0
5.435540,-2.075499,16.628770,5.137671,171.354900,0,10.000000,2.726015,0
5.229203,-3.181009,17.206860,6.145164,-1297.274000,1,10.000000,2.776703,1
6.258838,-2.815458,16.293090,5.476591,235.761300,0,10.000000,1.750915,1
6.231887,-3.125852,16.213710,5.975132,241.755000,0,10.000000,1.772586,1
6.332440,-2.850026,16.387450,5.432273,239.475100,0,10.000000,1.674290,1
6.271902,-3.291198,17.160390,6.148645,-1279.304000,1,10.000000,1.752461,1
6.164894,-2.181910,21.233700,-8.075113,-766.569100,1,10.000000,2.009201,1
6.356010,-2.649580,16.020980,5.080560,236.353200,0,10.000000,1.680922,1
6.329667,-2.068846,16.918980,4.720611,188.801500,0,10.000000,1.912344,0
6.165921,-2.710140,19.821780,6.146018,-1346.604000,1,10.000000,1.856842,1
6.231105,-2.133038,17.733720,5.057756,-1347.484000,1,10.000000,1.969927,0
6.255761,-2.252334,15.533630,4.736445,216.775500,0,10.000000,1.897729,1
6.279814,-2.492114,17.259010,5.469848,-1317.894000,1,10.000000,1.793596,1
6.324049,-3.165338,17.741410,6.051979,-1287.915000,1,10.000000,1.684087,1
6.291357,-2.145152,16.845140,5.088764,189.677700,0,10.000000,1.910557,0
6.367595,-2.465020,16.473610,5.104095,219.277100,0,10.000000,1.717833,1
6.290542,-3.111864,17.960200,-9.088177,761.985500,0,10.000000,1.713115,1
6.258440,-2.592681,21.384590,-8.737649,-766.569100,1,10.000000,1.788558,1
6.074996,-2.535861,16.982230,5.410730,211.021700,0,10.000000,1.980169,1
6.361110,-2.947482,17.326870,5.694434,234.942800,0,10.000000,1.639732,1
6.122580,-2.075486,18.085360,5.480680,-1367.736000,1,10.000000,2.092710,0
6.155714,-2.045024,18.677920,5.644837,-1382.187000,1,10.000000,2.076865,0
6.235422,-2.233731,15.137850,4.454019,223.741400,0,10.000000,1.923773,0
6.258094,-2.614921,14.725630,4.993183,241.385900,0,10.000000,1.783962,1
6.292877,-2.942937,18.462340,-8.909803,762.747500,0,10.000000,1.708076,1
6.193226,-2.972071,18.847470,-9.009790,-763.510300,1,10.000000,1.806990,1
6.335148,-3.177995,17.756820,6.034400,-1286.438000,1,10.000000,1.674340,1
6.129189,-2.059602,14.667520,4.126733,218.638300,0,10.000000,2.093868,0
6.289274,-3.288823,17.485900,-9.272892,761.224200,0,10.000000,1.734936,1
6.201255,-2.687084,17.139290,5.477607,221.297100,0,10.000000,1.825760,1
6.078015,-2.809578,15.244960,5.398690,240.770500,0,10.000000,1.931395,1
6.353771,-2.529236,17.854630,5.496655,-1320.897000,1,10.000000,1.712217,1
6.189325,-2.068811,14.374960,4.056234,223.742200,0,10.000000,2.036089,0
6.240180,-2.216499,15.915040,4.844959,208.486400,0,10.000000,1.926354,0
6.344936,-2.862543,18.877630,6.013644,-1318.093000,1,10.000000,1.660762,1
6.313769,-2.037768,16.898070,4.761503,185.398700,0,10.000000,1.941459,0
6.281813,-3.144580,16.721840,5.988720,241.373500,0,10.000000,1.724259,1
6.238284,-2.409946,15.113520,4.744926,231.143000,0,10.000000,1.857904,1
6.054830,-2.634255,18.479090,5.787597,-1330.914000,1,10.000000,1.979257,1
6.289772,-2.400820,19.434770,5.718257,-1357.538000,1,10.000000,1.812153,1
6.048047,-2.434624,15.252980,5.027135,224.188200,0,10.000000,2.032184,1
6.056923,-3.179539,18.652750,-9.306173,-763.510300,1,10.000000,1.951354,1
6.156142,-2.834485,16.601210,5.502223,234.373800,0,10.000000,1.851272,1
6.160672,-2.337999,17.123820,5.161893,200.139600,0,10.000000,1.954833,1
6.227592,-2.600553,18.184510,5.748022,-1326.837000,1,10.000000,1.816862,1
5.728870,-1.950793,15.311110,4.472980,192.128700,0,10.000000,2.501773,0
5.791507,-2.286174,17.099340,5.321669,187.565900,0,10.000000,2.320989,0
5.720023,-3.074806,17.943890,5.996658,-1300.746000,1,10.000000,2.281204,1
5.734282,-2.148276,20.539170,-8.020864,-766.569100,1,10.000000,2.420519,1
5.601576,-2.235435,16.847680,5.149343,186.149800,0,10.000000,2.517339,0
5.782541,-2.206673,15.748860,4.928963,202.241800,0,10.000000,2.355099,0
5.897852,-3.072159,18.772280,6.074474,-1308.045000,1,10.000000,2.103386,1
5.833563,-2.776295,18.703810,5.943966,-1328.906000,1,10.000000,2.177956,1
5.651391,-3.235326,18.604990,-9.465724,-764.273900,1,10.000000,2.360369,1
5.912982,-3.112279,20.827400,-9.575712,-766.569100,1,10.000000,2.090037,1
5.938010,-1.872183,15.181660,4.489417,190.003300,0,10.000000,2.350271,0
5.699594,-2.380840,15.225470,4.890216,220.533700,0,10.000000,2.382273,0
5.552420,-3.062629,16.684990,5.888886,235.324400,0,10.000000,2.448381,1
5.568827,-3.313576,17.690590,6.264421,-1291.333000,1,10.000000,2.451312,1
5.665352,-3.013456,21.108930,-9.533998,-767.335700,1,10.000000,2.334687,1
5.641317,-2.591476,15.951490,5.268224,222.178500,0,10.000000,2.393800,1
5.570027,-3.180349,19.640680,-9.572901,-765.803200,1,10.000000,2.436656,1
5.802701,-2.598760,15.736100,5.198258,227.269500,0,10.000000,2.233633,1
5.505064,-2.805449,16.184490,5.597637,227.139400,0,10.000000,2.502510,1
5.434241,-2.550229,17.064560,5.551678,200.758700,0,10.000000,2.604882,1
5.450501,-3.207998,17.786440,-9.346828,763.510300,0,10.000000,2.557969,1
5.337470,-2.469862,20.562450,-8.628005,-767.335700,1,10.000000,2.714795,1
5.237392,-2.554826,18.541510,-8.525302,765.038200,0,10.000000,2.798246,1
5.492870,-2.232338,14.227200,4.451209,223.975500,0,10.000000,2.622023,0
5.404746,-3.128977,16.763180,-9.111301,761.985500,0,10.000000,2.598457,1
5.561860,-2.780497,15.819250,5.573261,228.420900,0,10.000000,2.448001,1
5.488398,-3.144487,16.876210,-9.132260,761.985500,0,10.000000,2.515755,1
5.405012,-2.418611,17.035760,5.480721,190.857000,0,10.000000,2.659319,0
5.311229,-3.130819,15.877930,6.050393,236.951000,0,10.000000,2.691951,1
5.403293,-3.020698,17.719000,-9.079257,763.510300,0,10.000000,2.596789,1
5.646574,-1.964220,16.464530,4.958295,169.783800,0,10.000000,2.571275,0
5.524860,-2.965673,14.513930,5.798384,253.713600,0,10.000000,2.475378,1
5.337313,-2.646910,16.912680,5.681795,205.728100,0,10.000000,2.685996,1
5.372623,-3.201557,15.851930,-9.113325,760.463700,0,10.000000,2.635096,1
5.253028,-2.801162,15.843900,5.603431,226.653900,0,10.000000,2.754159,1
6.041845,-2.531413,16.042690,5.284599,220.048500,0,10.000000,2.013441,1
6.136972,-1.930446,18.128580,5.234659,-1378.710000,1,10.000000,2.148213,0
6.208819,-3.011104,17.849760,-8.952013,761.985500,0,10.000000,1.791215,1
5.975453,-2.666808,16.834150,5.505009,219.003100,0,10.000000,2.051782,1
6.096737,-2.745457,14.518140,5.119697,246.703700,0,10.000000,1.920208,1
6.268568,-2.961662,20.103900,-9.141721,-765.038200,1,10.000000,1.731856,1
6.189048,-2.336940,17.162170,5.163323,-1323.951000,1,10.000000,1.928522,1
6.251603,-1.970290,16.816270,4.850291,178.010100,0,10.000000,2.029087,0
6.157794,-2.944230,15.730280,5.561994,243.770800,0,10.000000,1.843050,1
6.025443,-2.917074,18.090900,-8.873883,-762.747500,1,10.000000,1.976298,1
6.021164,-2.399309,14.474050,4.708736,234.117000,0,10.000000,2.067999,1
6.206655,-2.963622,17.593650,6.026395,-1301.717000,1,10.000000,1.793714,1
6.290670,-2.117851,16.856170,4.886148,190.783100,0,10.000000,1.923537,0
6.152563,-2.489813,15.780030,5.013190,226.112400,0,10.000000,1.916590,1
6.331248,-1.900249,15.661220,4.455190,192.848600,0,10.000000,1.998546,0
6.275848,-3.000091,18.438690,-8.989184,762.747500,0,10.000000,1.724152,1
6.313847,-2.948871,20.024080,6.349645,-1331.915000,1,10.000000,1.686928,1
6.058636,-2.506633,18.498020,5.708673,-1340.156000,1,10.000000,2.003074,1
5.874623,-1.993281,15.493300,4.419869,196.543900,0,10.000000,2.351746,0
6.031815,-2.641592,16.016140,5.417271,224.826500,0,10.000000,2.000552,1
5.970797,-2.893797,20.146480,6.244254,-1339.733000,1,10.000000,2.031981,1
6.046551,-3.036405,17.882870,5.985572,-1299.052000,1,10.000000,1.953788,1
5.873180,-2.405995,16.269780,5.248183,207.999300,0,10.000000,2.208213,1
5.832090,-3.322498,21.386830,-10.049070,-767.335700,1,10.000000,2.191766,1
5.752845,-2.356032,17.033050,5.476433,190.452500,0,10.000000,2.337606,0
5.996998,-1.937557,17.409940,5.315523,-1372.779000,1,10.000000,2.267334,0
5.788350,-3.079700,17.498940,6.239357,235.967900,0,10.000000,2.213086,1
6.042058,-2.260894,21.035590,-8.202507,-766.569100,1,10.000000,2.092801,1
5.891201,-2.012330,18.289960,5.686827,-1383.154000,1,10.000000,2.328631,0
5.805704,-2.587354,18.126060,5.589968,-1330.228000,1,10.000000,2.232759,1
5.792145,-3.314195,19.178070,6.395934,-1303.928000,1,10.000000,2.230099,1
6.049886,-3.231453,19.772560,-9.550497,-765.038200,1,10.000000,1.963802,1
6.104592,-1.993563,15.005990,4.269770,207.504800,0,10.000000,2.146039,0
5.733227,-2.429740,14.490420,4.718323,233.363600,0,10.000000,2.337404,1
6.106529,-1.984974,17.074720,5.157735,-1355.050000,1,10.000000,2.148374,0
5.926109,-2.589270,19.585020,-8.577490,-765.038200,1,10.000000,2.114172,1
5.537198,-2.428338,16.733550,5.376009,198.842800,0,10.000000,2.528278,0
5.333028,-2.194453,15.184340,4.703858,205.207200,0,10.000000,2.785973,0
5.526844,-2.584690,17.196860,5.502449,204.875900,0,10.000000,2.507785,1
5.628087,-2.543092,19.731400,-8.577183,-765.803200,1,10.000000,2.415520,1
5.515935,-2.969616,15.323820,5.569234,243.923200,0,10.000000,2.484250,1
5.472008,-2.491828,17.118520,5.635109,-1333.240000,1,10.000000,2.578562,0
5.365741,-2.549439,19.198250,6.246197,-1371.601000,1,10.000000,2.672513,0
5.660879,-3.017189,18.413230,6.157763,-1315.038000,1,10.000000,2.339184,1
5.526073,-3.165084,14.886350,5.891011,248.065800,0,10.000000,2.479429,1
5.492766,-3.184637,18.725970,6.284757,-1310.536000,1,10.000000,2.514023,1
5.485760,-3.101839,18.132690,6.333617,-1313.878000,1,10.000000,2.516302,1
5.314272,-3.097409,14.615780,5.974929,241.012300,0,10.000000,2.687494,1
5.382216,-3.199155,15.115160,5.880357,249.720900,0,10.000000,2.625349,1
5.551718,-2.503730,16.275090,5.454150,207.390300,0,10.000000,2.498073,1
5.645192,-1.863427,17.939090,5.687565,-1390.823000,1,10.000000,2.614750,0
5.587569,-2.605577,15.055300,5.134871,231.810900,0,10.000000,2.444462,1
5.649888,-2.649843,18.439250,5.860878,-1337.813000,1,10.000000,2.376055,1
5.491041,-2.333536,16.682030,5.255889,-1332.439000,1,10.000000,2.595968,0
6.076323,-2.806184,16.059090,5.488482,234.764900,0,10.000000,1.933416,1
6.273215,-2.408779,16.352600,5.176199,213.252900,0,10.000000,1.825193,1
6.077107,-2.592438,16.985080,5.334276,-1306.555000,1,10.000000,1.965610,1
6.017889,-2.215300,14.486920,4.654915,218.794400,0,10.000000,2.131787,0
6.239353,-2.599622,20.059630,-8.593175,-765.038200,1,10.000000,1.805597,1
6.267563,-2.898428,17.200460,5.760724,-1294.589000,1,10.000000,1.735412,1
6.017344,-2.701921,15.185110,5.245666,237.673800,0,10.000000,2.004938,1
6.306169,-2.855583,18.268550,5.947907,-1311.815000,1,10.000000,1.699977,1
6.193620,-3.010796,18.640350,6.090790,-1308.650000,1,10.000000,1.806413,1
6.231214,-2.534252,16.298760,5.015336,226.692800,0,10.000000,1.829078,1
6.236051,-2.869311,18.908650,-8.862989,-763.510300,1,10.000000,1.768784,1
6.269603,-2.932818,17.203220,5.714249,233.280600,0,10.000000,1.731700,1
6.069348,-2.608609,16.961040,5.583656,212.419100,0,10.000000,1.969925,1
6.297934,-2.551308,19.421420,6.019476,-1337.812000,1,10.000000,1.760214,1
6.020776,-2.359230,17.927910,5.315816,-1338.204000,1,10.000000,2.080364,1
6.116017,-3.222568,16.049390,6.166566,241.637200,0,10.000000,1.897084,1
6.123953,-2.739707,17.508010,5.752875,-1310.603000,1,10.000000,1.894018,1
6.129027,-3.000941,16.998370,5.919672,-1291.994000,1,10.000000,1.870973,1
6.216487,-2.362434,17.677000,5.467543,-1334.300000,1,10.000000,1.894045,1
6.359013,-2.854150,17.324040,5.820559,224.363100,0,10.000000,1.647456,1
6.146542,-2.614102,19.333160,-8.552157,-764.273900,1,10.000000,1.893205,1
6.297009,-1.941390,16.887090,4.666816,-1344.914000,1,10.000000,2.005201,0
6.468150,-1.957133,17.574760,4.967872,-1354.985000,1,10.000000,1.853142,0
6.362757,-2.935200,18.559390,-8.899057,-762.747500,1,10.000000,1.638525,1
6.101469,-3.172376,19.677070,6.303914,-1312.147000,1,10.000000,1.906340,1
6.356741,-1.849882,17.930250,5.010396,-1375.000000,1,10.000000,2.005759,0
6.299929,-2.929530,18.472130,-8.891184,762.747500,0,10.000000,1.701531,1
6.212042,-3.140620,17.384270,-9.077887,761.224200,0,10.000000,1.793479,1
6.221335,-3.315125,18.650160,6.262144,-1291.142000,1,10.000000,1.806365,1
6.300952,-3.023411,21.453160,-9.432376,-766.569100,1,10.000000,1.699209,1
5.291500,-2.693771,18.455500,6.171594,-1348.747000,1,10.000000,2.725756,1
5.478127,-2.627148,14.505040,5.326759,231.376000,0,10.000000,2.549286,1
5.526323,-2.560363,17.715210,5.629659,-1333.547000,1,10.000000,2.512441,1
5.553694,-2.748852,17.435690,-8.640240,762.747500,0,10.000000,2.459164,1
5.541326,-3.243929,17.916190,-9.398160,-763.510300,1,10.000000,2.470745,1
5.459501,-2.776745,19.982010,6.537134,-1368.003000,1,10.000000,2.550290,1
5.291181,-2.729173,16.832900,5.841762,208.206700,0,10.000000,2.722324,1
5.535772,-2.391887,18.876630,5.854195,-1369.660000,1,10.000000,2.538153,0
5.393056,-2.834311,15.178280,5.451838,237.835500,0,10.000000,2.612204,1
5.275255,-2.612056,14.646250,5.124184,232.704800,0,10.000000,2.752224,1
5.290168,-2.322599,19.101950,6.100368,-1390.993000,1,10.000000,2.793217,0
5.274907,-2.245012,15.926840,5.287552,189.651400,0,10.000000,2.827744,0
5.274535,-2.413969,14.685940,4.847470,224.101400,0,10.000000,2.787757,0
5.356407,-2.487774,19.837790,6.466703,-1395.045000,1,10.000000,2.692760,0
5.358180,-2.142537,16.509630,5.278368,175.391500,0,10.000000,2.777491,0
5.351365,-2.212399,18.600630,5.891849,-1388.575000,1,10.000000,2.763256,0
5.760701,-2.582374,19.334400,-8.567040,-765.038200,1,10.000000,2.277910,1
5.789499,-2.996808,17.515650,6.042139,223.219100,0,10.000000,2.210503,1
5.654759,-3.233282,19.773070,-9.655608,-765.803200,1,10.000000,2.356815,1
5.594261,-2.836402,17.251540,5.975309,-1314.114000,1,10.000000,2.411295,1
5.778885,-2.627951,17.042690,5.629326,-1316.137000,1,10.000000,2.252060,1
5.842710,-3.215088,16.580400,6.251497,236.013300,0,10.000000,2.167985,1
5.785116,-2.788548,17.538530,5.756940,-1311.706000,1,10.000000,2.224954,1
5.919219,-3.258128,17.943370,-9.347569,762.747500,0,10.000000,2.096731,1
5.917676,-2.490779,21.529470,-8.662868,-767.335700,1,10.000000,2.143683,1
5.818627,-2.606383,21.364380,-8.855542,-767.335700,1,10.000000,2.216602,1
5.611460,-3.255839,16.593690,-9.229451,761.224200,0,10.000000,2.402202,1
5.894081,-3.262484,18.735670,6.404134,-1303.853000,1,10.000000,2.122215,1
5.625250,-2.253408,16.412530,5.031222,195.237000,0,10.000000,2.489345,0
5.684752,-2.350965,16.938480,5.483472,189.864400,0,10.000000,2.404500,0
5.911747,-2.824869,17.200510,5.903883,-1314.153000,1,10.000000,2.095584,1
5.802279,-3.190498,20.648840,-9.701873,-766.569100,1,10.000000,2.205962,1
5.442442,-3.303428,20.068470,-9.884018,-766.569100,1,10.000000,2.575494,1
5.340902,-2.966810,17.629860,-9.002274,763.510300,0,10.000000,2.659305,1
5.521616,-2.784507,21.589000,-9.271816,-768.103100,1,10.000000,2.487734,1
5.563150,-2.641923,20.167650,6.504147,-1365.996000,1,10.000000,2.463018,1
5.438530,-1.916138,17.645610,5.386867,-1392.140000,1,10.000000,2.781346,0
5.492172,-3.085868,20.148670,-9.533113,-766.569100,1,10.000000,2.509297,1
5.367554,-2.005829,16.534350,5.234435,163.294600,0,10.000000,2.813921,0
5.521733,-2.488251,16.699030,5.553579,-1325.658000,1,10.000000,2.530552,1
5.579626,-3.003851,18.876790,6.264318,-1324.736000,1,10.000000,2.420377,1
5.467352,-2.722780,17.601350,5.933535,-1327.268000,1,10.000000,2.547775,1
5.186263,-2.410751,15.378720,4.986348,214.030200,0,10.000000,2.874775,0
5.211660,-2.531469,18.962790,6.014110,-1367.995000,1,10.000000,2.827430,0
5.541099,-2.163345,18.312680,5.832818,-1382.883000,1,10.000000,2.597342,0
5.503710,-2.942726,17.122180,5.823417,-1301.373000,1,10.000000,2.496947,1
5.465819,-3.215351,14.792810,6.143732,242.798700,0,10.000000,2.543314,1
5.208793,-2.355735,19.603050,6.444686,-1404.772000,1,10.000000,2.864597,0
6.224882,-2.979537,18.367900,-8.960637,762.747500,0,10.000000,1.775236,1
6.119669,-2.334825,15.366910,4.635728,225.173500,0,10.000000,1.994518,1
6.078019,-2.437441,15.289690,5.023723,224.473300,0,10.000000,2.002620,1
6.024811,-3.222118,19.541610,6.539804,-1316.032000,1,10.000000,1.987638,1
5.996032,-2.240090,14.834490,4.692170,219.709100,0,10.000000,2.143211,0
6.242881,-3.277039,18.681850,6.318151,-1295.854000,1,10.000000,1.778825,1
5.992519,-2.275913,14.468120,4.347232,231.879200,0,10.000000,2.134076,0
5.942525,-3.186829,21.570890,-9.822952,-767.335700,1,10.000000,2.065940,1
5.938177,-2.516711,15.511630,4.979508,228.926400,0,10.000000,2.117707,1
6.106247,-3.143834,18.723220,-9.255167,-763.510300,1,10.000000,1.899207,1
5.933595,-2.289483,16.374400,4.898855,205.512800,0,10.000000,2.185146,0
6.178426,-2.228235,17.147890,5.310182,-1320.556000,1,10.000000,1.978321,0
6.187295,-3.014763,17.820680,-8.956958,761.985500,0,10.000000,1.812765,1
6.147479,-3.050501,17.023310,5.852700,237.600900,0,10.000000,1.853209,1
6.191519,-3.174991,19.202020,6.222781,-1304.562000,1,10.000000,1.816928,1
5.966571,-2.479873,21.610960,-8.644691,-767.335700,1,10.000000,2.098897,1
6.259599,-3.052967,19.939320,6.186994,-1318.258000,1,10.000000,1.741207,1
5.911420,-3.225992,17.152580,6.282475,-1291.326000,1,10.000000,2.100771,1
5.813423,-3.242767,20.524980,6.682066,-1329.534000,1,10.000000,2.200013,1
5.782774,-3.074794,19.179110,6.456385,-1324.962000,1,10.000000,2.218487,1
5.866525,-2.914304,20.752470,-9.256397,-766.569100,1,10.000000,2.135195,1
5.753341,-2.689286,14.469810,5.219055,239.143300,0,10.000000,2.268043,1
5.897707,-2.520012,15.871190,5.033594,225.167400,0,10.000000,2.156391,1
5.738187,-2.632701,14.829570,5.333915,240.885900,0,10.000000,2.291442,1
5.958936,-2.106823,16.875260,4.993073,182.637700,0,10.000000,2.227938,0
5.872143,-2.737177,15.387130,5.530770,237.700800,0,10.000000,2.144027,1
5.727129,-2.595055,18.181620,-8.471194,763.510300,0,10.000000,2.308663,1
5.886134,-1.954894,17.254600,5.305179,-1368.094000,1,10.000000,2.358109,0
5.695599,-2.633672,18.508510,5.885381,-1339.864000,1,10.000000,2.333337,1
5.685288,-3.119877,19.026790,6.385943,-1319.041000,1,10.000000,2.317814,1
5.750949,-2.821963,19.791890,6.360117,-1349.452000,1,10.000000,2.256087,1
5.923243,-3.294764,17.169000,6.186957,-1283.290000,1,10.000000,2.097572,1
6.015515,-2.784392,15.168190,5.429337,238.202400,0,10.000000,1.996163,1
5.938781,-2.794116,15.470150,5.458169,236.545300,0,10.000000,2.071476,1
6.123287,-3.077878,17.734180,-9.042249,761.985500,0,10.000000,1.878328,1
5.972539,-2.971205,16.330230,5.910154,232.015400,0,10.000000,2.027665,1
6.010027,-3.150434,15.513840,5.911132,246.374500,0,10.000000,1.995651,1
6.122369,-2.796235,20.391210,6.412175,-1340.078000,1,10.000000,1.888655,1
6.048670,-2.842431,18.441950,6.043220,-1320.574000,1,10.000000,1.957682,1
5.964818,-3.059335,15.472640,5.717441,246.676800,0,10.000000,2.036047,1
6.006989,-2.706331,19.707560,-8.754856,-765.038200,1,10.000000,2.014531,1
6.149117,-2.840733,18.058530,5.682388,-1305.458000,1,10.000000,1.857722,1
5.892749,-2.792479,18.793490,5.919444,-1326.852000,1,10.000000,2.117444,1
6.126823,-1.977055,16.652080,4.841388,178.751000,0,10.000000,2.134294,0
5.991005,-2.137258,14.468150,4.508477,218.447700,0,10.000000,2.186409,0
6.079430,-2.570363,15.277560,5.130050,231.455200,0,10.000000,1.968039,1
6.271976,-1.961385,17.309660,4.962127,-1354.506000,1,10.000000,2.016132,0
6.270936,-2.710826,21.404740,-8.928206,-766.569100,1,10.000000,1.753078,1
6.065022,-2.820578,15.228940,5.385262,241.895900,0,10.000000,1.943278,1
6.370884,-1.884016,18.462750,5.300986,-1384.229000,1,10.000000,1.974700,0
5.938780,-2.620100,18.876970,5.905943,-1341.585000,1,10.000000,2.095937,1
6.268667,-2.401396,20.009130,6.092254,-1373.765000,1,10.000000,1.831896,1
6.142025,-2.051624,15.804500,4.808750,212.094200,0,10.000000,2.086022,0
5.974876,-2.231349,14.809090,4.702535,218.844800,0,10.000000,2.166091,0
5.989408,-2.415303,18.979670,5.696314,-1355.704000,1,10.000000,2.093884,1
6.182884,-2.222200,15.855560,4.595036,213.512200,0,10.000000,1.976584,0
6.188429,-1.998459,15.874230,4.640007,193.988700,0,10.000000,2.069994,0
6.227136,-2.583862,16.722310,5.278241,221.340700,0,10.000000,1.821049,1
6.309782,-2.429281,18.880200,5.565347,-1343.998000,1,10.000000,1.783973,1
6.285791,-2.023284,14.475910,4.330183,211.273100,0,10.000000,1.972939,0
6.031789,-2.576873,19.745140,-8.558705,-765.038200,1,10.000000,2.013180,1
6.149665,-3.249312,16.995200,6.205248,239.904500,0,10.000000,1.867056,1
6.149132,-3.304549,17.482740,6.173368,-1282.146000,1,10.000000,1.875756,1
6.144250,-2.660690,19.789830,6.200614,-1359.759000,1,10.000000,1.886515,1
6.083721,-3.154712,16.921840,6.018105,239.664900,0,10.000000,1.922515,1
6.052586,-3.003871,19.006730,6.177943,-1316.733000,1,10.000000,1.947418,1
6.270977,-2.355809,15.154720,4.809675,225.738800,0,10.000000,1.845129,1
6.193315,-3.112744,17.559840,6.125025,231.440100,0,10.000000,1.810199,1
6.346134,-2.720850,17.335070,5.431978,-1298.854000,1,10.000000,1.677259,1
6.127454,-2.595686,18.585890,5.844315,-1335.662000,1,10.000000,1.915698,1
6.372155,-3.250614,20.260850,-9.579530,-765.038200,1,10.000000,1.647023,1
6.341784,-2.315457,18.939650,5.485178,-1353.103000,1,10.000000,1.793957,1
5.611611,-2.503951,14.701120,4.939881,231.478300,0,10.000000,2.439358,1
5.770254,-3.081231,18.002520,6.291897,-1309.607000,1,10.000000,2.231225,1
5.781446,-2.715233,19.365830,-8.768343,-765.038200,1,10.000000,2.236756,1
5.773637,-3.057791,16.518120,5.842849,238.428100,0,10.000000,2.227113,1
5.563838,-2.382169,14.284840,4.774240,228.696400,0,10.000000,2.513285,0
5.679226,-3.185913,17.342860,6.077219,-1290.800000,1,10.000000,2.328208,1
5.617593,-2.742413,20.257950,6.328982,-1363.469000,1,10.000000,2.396291,1
5.656712,-2.554004,18.612820,-8.463778,-764.273900,1,10.000000,2.385353,1
5.943081,-3.317417,19.413910,6.390901,-1303.504000,1,10.000000,2.081266,1
5.935431,-3.286878,18.229720,6.303684,-1294.637000,1,10.000000,2.084405,1
5.854342,-2.720719,19.476290,-8.776655,-765.038200,1,10.000000,2.163757,1
5.686890,-3.252186,17.338090,6.297025,233.707700,0,10.000000,2.326817,1
5.849068,-2.988791,16.167770,5.887013,233.958400,0,10.000000,2.150961,1
5.800310,-2.213763,16.199030,4.998487,197.205200,0,10.000000,2.335980,0
5.590394,-2.839704,18.321150,6.132382,-1328.818000,1,10.000000,2.414932,1
5.677300,-2.941378,17.882350,6.181341,-1317.696000,1,10.000000,2.323439,1
5.949458,-2.879621,21.582440,-9.310938,-767.335700,1,10.000000,2.054072,1
6.202104,-2.584521,16.248160,5.216514,225.742800,0,10.000000,1.845279,1
6.159131,-2.039904,16.683090,4.988710,-1340.209000,1,10.000000,2.076195,0
6.226490,-2.033190,16.771720,4.997545,-1340.945000,1,10.000000,2.019916,0
6.251072,-3.144361,18.709600,6.199057,-1301.804000,1,10.000000,1.754876,1
6.253670,-2.139708,15.159920,4.565996,214.413900,0,10.000000,1.946734,0
6.083806,-2.474308,15.296690,4.978760,228.230000,0,10.000000,1.986996,1
6.267501,-2.471418,14.394960,4.850167,236.701400,0,10.000000,1.811340,1
6.192164,-2.781161,18.322460,-8.685114,762.747500,0,10.000000,1.821033,1
6.364299,-1.966538,14.247670,3.887434,221.243200,0,10.000000,1.934829,0
6.347349,-2.555197,18.922600,5.637257,-1334.183000,1,10.000000,1.711463,1
6.355980,-2.963056,18.549980,-8.937747,762.747500,0,10.000000,1.644435,1
6.451217,-1.924276,17.551880,5.012274,-1358.679000,1,10.000000,1.885712,0
6.231715,-2.838498,18.377390,-8.764750,762.747500,0,10.000000,1.775645,1
6.012294,-2.452096,19.608550,6.013034,-1367.139000,1,10.000000,2.061838,1
5.742997,-2.844417,17.464030,5.963858,-1313.153000,1,10.000000,2.262359,1
5.881424,-2.515486,15.046350,4.928070,232.465100,0,10.000000,2.173274,1
5.761981,-3.073663,17.990950,6.305508,-1302.765000,1,10.000000,2.239230,1
5.882629,-2.979842,16.665400,5.948185,229.583300,0,10.000000,2.117466,1
5.901371,-2.746268,16.720040,5.677611,220.437500,0,10.000000,2.113911,1
5.901834,-2.490764,16.761350,5.209190,212.018400,0,10.000000,2.159079,1
5.915316,-2.609378,17.232180,5.655122,-1318.297000,1,10.000000,2.120965,1
5.815920,-3.062461,16.863060,-8.975045,761.224200,0,10.000000,2.184973,1
5.848370,-2.960267,20.723190,-9.330531,-766.569100,1,10.000000,2.151997,1
5.808737,-2.017613,16.222050,5.018041,179.796700,0,10.000000,2.401399,0
5.937241,-1.932887,14.096830,3.981548,214.183100,0,10.000000,2.322435,0
5.969458,-2.786622,19.072740,-8.805864,-764.273900,1,10.000000,2.041723,1
5.797213,-2.151886,18.700730,5.850182,-1384.333000,1,10.000000,2.360417,0
6.030366,-1.866244,19.087840,5.606081,-1411.146000,1,10.000000,2.272633,0
5.922612,-2.730229,16.307990,5.358267,230.526500,0,10.000000,2.094831,1
5.646163,-2.641804,16.858360,5.610086,-1314.527000,1,10.000000,2.380935,1
5.953396,-2.328400,19.529170,5.953395,-1377.948000,1,10.000000,2.153981,0
5.718797,-2.738471,15.600360,5.575246,227.494000,0,10.000000,2.296146,1
5.851100,-2.538046,14.993280,5.168699,228.222800,0,10.000000,2.197993,1
5.690442,-2.553566,15.592180,5.256198,222.423800,0,10.000000,2.352310,1
5.759597,-3.033012,19.936880,-9.342685,-765.803200,1,10.000000,2.240646,1
5.778043,-3.082083,17.484030,6.225548,223.753800,0,10.000000,2.223472,1
5.667284,-2.768103,17.593450,-8.666978,762.747500,0,10.000000,2.344215,1
5.695923,-2.401759,16.483090,5.329465,201.969400,0,10.000000,2.380475,0
5.717336,-2.478501,15.234380,5.027094,224.950700,0,10.000000,2.341478,1
5.864562,-2.838503,19.336740,6.228714,-1337.663000,1,10.000000,2.141536,1
5.706202,-2.231192,17.490540,5.258243,-1349.189000,1,10.000000,2.419210,0
5.652366,-2.512683,19.661460,6.303200,-1370.881000,1,10.000000,2.397679,1
5.992154,-2.942048,18.344110,6.192318,-1301.357000,1,10.000000,2.008682,1
5.854320,-2.258031,19.374360,6.063347,-1387.134000,1,10.000000,2.270344,0
5.669747,-3.183549,15.916490,5.937444,245.683200,0,10.000000,2.337471,1
5.909513,-2.663249,20.075300,6.062632,-1356.234000,1,10.000000,2.117437,1
5.885862,-2.637593,18.796790,5.879440,-1339.367000,1,10.000000,2.144975,1
5.770516,-2.507622,19.864170,6.052571,-1371.212000,1,10.000000,2.283207,1
5.850807,-2.704701,18.358300,-8.627832,763.510300,0,10.000000,2.169385,1
5.634281,-2.584284,19.004750,6.069521,-1356.044000,1,10.000000,2.401967,1
5.630446,-2.745501,18.043500,-8.686117,763.510300,0,10.000000,2.383182,1
5.853466,-2.835878,16.655300,5.556518,230.585200,0,10.000000,2.152800,1
5.607416,-3.302456,16.588380,-9.290789,761.224200,0,10.000000,2.411626,1
5.515260,-2.488085,18.404800,-8.366838,764.273900,0,10.000000,2.536926,1
5.837821,-2.676063,18.710240,6.096074,-1324.314000,1,10.000000,2.186311,1
5.667536,-2.183501,16.024330,5.038305,193.885100,0,10.000000,2.471247,0
5.708261,-2.577651,20.497200,-8.713407,-766.569100,1,10.000000,2.330331,1
5.737136,-2.431925,16.090770,5.214064,210.849800,0,10.000000,2.333080,0
5.863532,-2.008481,18.248150,5.699287,-1367.110000,1,10.000000,2.355336,0
5.741769,-2.548582,15.657980,5.262589,221.889300,0,10.000000,2.302908,1
5.682858,-2.028329,15.634300,4.905332,185.719400,0,10.000000,2.512626,0
6.220401,-3.037771,20.030920,-9.257038,-765.038200,1,10.000000,1.780000,1
5.992819,-1.953635,17.922660,5.201532,-1375.953000,1,10.000000,2.263550,0
5.996441,-2.163367,19.002590,5.832785,-1382.880000,1,10.000000,2.171221,0
5.848782,-2.318382,18.766600,5.843164,-1367.973000,1,10.000000,2.256622,0
5.853304,-2.635711,21.422190,-8.904420,-767.335700,1,10.000000,2.177386,1
5.993585,-2.653358,15.156090,5.304864,232.717900,0,10.000000,2.036139,1
6.107956,-2.124491,19.172870,5.880205,-1388.165000,1,10.000000,2.084789,0
5.940055,-2.634431,19.606150,-8.645915,-765.038200,1,10.000000,2.092131,1
5.925930,-3.106841,17.007810,-9.033441,761.224200,0,10.000000,2.076820,1
6.003277,-2.004368,18.465170,5.476110,-1383.858000,1,10.000000,2.231185,0
6.084655,-2.988991,20.315500,6.383118,-1335.491000,1,10.000000,1.915377,1
6.095353,-3.090668,15.233440,5.647978,251.750400,0,10.000000,1.906804,1
6.162851,-2.614784,19.943720,-8.616147,-765.038200,1,10.000000,1.877101,1
5.899803,-2.535486,18.831150,5.769279,-1345.988000,1,10.000000,2.150953,1
5.591232,-2.543341,18.350340,6.022591,-1333.543000,1,10.000000,2.451673,1
5.571317,-2.404383,14.653380,5.047081,217.533300,0,10.000000,2.500652,0
5.609485,-2.906263,20.230410,6.336463,-1348.234000,1,10.000000,2.392352,1
5.610116,-2.793693,19.578830,6.123755,-1345.504000,1,10.000000,2.398773,1
5.727558,-2.964266,17.677170,-8.939427,762.747500,0,10.000000,2.272723,1
5.632416,-2.360057,19.643420,6.266647,-1398.611000,1,10.000000,2.452546,0
5.744434,-3.151635,14.770760,5.880209,248.214700,0,10.000000,2.260657,1
5.618661,-2.528332,16.833650,5.497910,-1321.003000,1,10.000000,2.427601,1
5.745242,-2.378363,14.505720,4.779526,228.255200,0,10.000000,2.338881,0
5.869943,-3.160288,17.110710,6.058994,-1288.505000,1,10.000000,2.136079,1
5.724339,-2.433237,19.881790,-8.405534,-765.803200,1,10.000000,2.345176,1
5.582772,-2.521804,14.279500,5.126711,226.323700,0,10.000000,2.464075,1
5.610491,-2.360578,16.847930,5.218331,196.191000,0,10.000000,2.473583,0
5.904187,-3.067312,20.813220,-9.503184,-766.569100,1,10.000000,2.096894,1
5.591255,-2.288386,21.709070,-8.416433,-768.103100,1,10.000000,2.511662,1
5.845649,-2.801364,19.321350,6.003480,-1334.659000,1,10.000000,2.163489,1
5.683274,-2.829207,19.817620,-9.024240,-765.803200,1,10.000000,2.323013,1
5.922022,-3.305639,20.022380,6.488526,-1312.484000,1,10.000000,2.100335,1
5.528234,-2.898286,18.423880,-8.970076,-764.273900,1,10.000000,2.473858,1
5.494818,-2.551090,14.936540,5.202555,226.150400,0,10.000000,2.545085,1
5.666735,-2.044768,19.105030,5.921093,-1406.751000,1,10.000000,2.521229,0
5.557864,-2.680827,17.939810,-8.593726,763.510300,0,10.000000,2.462904,1
5.683025,-2.643174,14.774490,5.038849,239.082500,0,10.000000,2.344291,1
5.713827,-2.315569,18.574390,5.602175,-1363.633000,1,10.000000,2.386427,0
5.521107,-2.594350,17.707540,5.579679,-1329.367000,1,10.000000,2.511864,1
5.710601,-3.203250,20.500970,-9.722440,-766.569100,1,10.000000,2.298404,1
5.667772,-1.926163,16.962560,5.120269,-1368.428000,1,10.000000,2.567569,0
5.688527,-2.909907,19.691200,6.218271,-1337.553000,1,10.000000,2.313228,1
5.592844,-2.511583,15.062960,5.253963,229.284900,0,10.000000,2.456207,0
5.625333,-2.174995,15.980730,4.810959,197.046400,0,10.000000,2.513896,0
5.803709,-2.523611,18.123130,5.683706,-1338.067000,1,10.000000,2.247363,1
5.509764,-2.663985,17.159040,5.657403,-1319.251000,1,10.000000,2.512803,1
5.749148,-2.292403,21.248590,-8.332240,-767.335700,1,10.000000,2.359455,1
5.656826,-3.122933,19.776300,-9.483186,-765.803200,1,10.000000,2.346396,1
5.664525,-2.507344,15.982030,5.378923,212.920500,0,10.000000,2.386871,1
5.614284,-2.852948,15.465410,5.428371,239.802000,0,10.000000,2.390244,1
5.995987,-3.152014,18.334480,6.187804,-1300.858000,1,10.000000,2.009770,1
6.016809,-3.127067,19.544780,6.374709,-1318.097000,1,10.000000,1.987257,1
6.213716,-2.265316,17.685740,5.350638,-1340.347000,1,10.000000,1.931469,0
6.149678,-2.939214,18.263450,-8.904633,762.747500,0,10.000000,1.851320,1
6.389954,-2.328719,21.596710,-8.311902,-766.569100,1,10.000000,1.744381,1
6.244750,-2.626989,20.694930,-8.708272,-765.803200,1,10.000000,1.794447,1
6.131623,-1.963125,19.230470,5.675112,-1401.199000,1,10.000000,2.136806,0
6.041482,-3.007021,18.630690,-9.059718,-763.510300,1,10.000000,1.958531,1
6.198429,-2.848604,15.782390,5.676357,236.293900,0,10.000000,1.807921,1
6.064431,-2.335549,14.526230,4.782638,227.238000,0,10.000000,2.046441,1
6.288305,-2.722277,18.983300,-8.652941,-763.510300,1,10.000000,1.734079,1
6.358669,-2.108615,18.976380,5.551320,-1374.390000,1,10.000000,1.867762,0
6.234028,-3.145561,20.051570,-9.420358,-765.038200,1,10.000000,1.771960,1
6.256188,-2.190868,21.380960,-8.089561,-766.569100,1,10.000000,1.922388,1
5.407369,-2.320461,15.267430,4.783001,214.412300,0,10.000000,2.680207,0
5.438427,-2.860908,15.656710,5.467439,237.288700,0,10.000000,2.565346,1
5.421876,-2.825009,18.267470,-8.862315,764.273900,0,10.000000,2.584055,1
5.729077,-2.215139,19.190810,5.887568,-1388.218000,1,10.000000,2.402727,0
5.534792,-2.645992,18.433520,-8.599054,764.273900,0,10.000000,2.490496,1
5.466940,-3.301448,14.793400,6.036241,251.842500,0,10.000000,2.550934,1
5.636464,-2.510754,19.146170,-8.458526,-765.038200,1,10.000000,2.413642,1
5.525095,-2.048627,15.860330,4.747214,186.587700,0,10.000000,2.651465,0
5.716527,-1.851708,15.295680,4.596836,181.832200,0,10.000000,2.555939,0
5.631799,-2.761460,16.355750,5.657082,222.158000,0,10.000000,2.380184,1
5.708064,-3.302019,15.524480,6.064564,250.219300,0,10.000000,2.311750,1
5.686353,-2.373844,16.940700,5.451695,192.519400,0,10.000000,2.396880,0
5.436143,-3.263061,16.361820,-9.238808,761.224200,0,10.000000,2.577317,1
5.733800,-2.297864,19.896570,-8.194014,-765.803200,1,10.000000,2.372479,1
5.600608,-2.521749,15.085710,4.972636,229.500700,0,10.000000,2.446590,1
5.717926,-2.842798,15.584370,5.732084,246.007500,0,10.000000,2.287482,1
5.564056,-1.941693,14.344390,4.327858,202.675800,0,10.000000,2.655906,0
6.031819,-2.995785,15.972570,5.834756,237.585900,0,10.000000,1.968185,1
5.948263,-2.506066,19.041570,-8.393281,-764.273900,1,10.000000,2.110355,1
6.299986,-3.174024,17.972970,-9.172175,-761.985500,1,10.000000,1.708898,1
6.293497,-2.643935,16.365330,5.140341,232.113200,0,10.000000,1.743255,1
6.263553,-1.903829,16.390550,4.829504,-1347.174000,1,10.000000,2.053494,0
6.117103,-2.736005,17.011570,5.691482,219.275300,0,10.000000,1.901314,1
6.061514,-2.265991,14.913130,4.661459,222.269800,0,10.000000,2.072799,0
6.311676,-2.044415,14.504570,4.319906,217.594800,0,10.000000,1.939995,0
6.121835,-2.113237,17.095400,4.984406,-1340.612000,1,10.000000,2.076982,0
6.033603,-2.812021,21.021950,-9.091425,-766.569100,1,10.000000,1.975361,1
5.988552,-2.511521,16.408380,5.373426,213.380200,0,10.000000,2.069912,1
6.228832,-3.166410,15.788650,5.891266,248.044400,0,10.000000,1.778969,1
6.314166,-1.860254,14.543920,4.067567,207.039300,0,10.000000,2.034959,0
6.031169,-2.618555,16.015630,5.453176,232.886600,0,10.000000,2.005441,1
6.402227,-2.493413,19.003300,5.728115,-1341.781000,1,10.000000,1.676159,1
6.298168,-2.614913,14.773290,4.993308,241.375400,0,10.000000,1.744857,1
6.091870,-2.791357,18.519760,5.832685,-1318.817000,1,10.000000,1.919503,1
6.211390,-1.974595,14.778100,4.000316,213.381100,0,10.000000,2.061693,0
6.181745,-3.202667,17.543770,6.000132,-1283.558000,1,10.000000,1.829515,1
6.514451,-2.295668,21.116340,-8.190581,-765.803200,1,10.000000,1.644062,1
6.377830,-2.647894,16.906960,5.466604,221.457000,0,10.000000,1.659944,1
6.368586,-1.860735,16.121690,4.367033,185.200300,0,10.000000,1.989833,0
6.425498,-2.891991,17.912440,5.829130,-1301.089000,1,10.000000,1.578202,1
6.416251,-3.178752,19.542530,6.217081,-1304.083000,1,10.000000,1.593804,1
6.461721,-2.097063,18.581410,5.218619,-1361.646000,1,10.000000,1.783703,0
6.168698,-3.265277,20.420250,6.553626,-1317.961000,1,10.000000,1.850416,1
6.402092,-1.887149,15.758670,4.250082,194.154000,0,10.000000,1.947241,0
6.507421,-1.957472,16.713050,4.551188,186.386900,0,10.000000,1.820620,0
6.477174,-1.857831,19.163580,5.676090,-1405.291000,1,10.000000,1.903563,0
5.104518,-2.415688,16.606480,5.484896,190.508300,0,10.000000,2.953851,0
5.357972,-2.807199,19.172140,6.101972,-1343.678000,1,10.000000,2.649053,1
5.439338,-2.622168,17.058440,5.717143,202.769000,0,10.000000,2.588387,1
5.175016,-2.683010,18.447000,-8.719521,765.038200,0,10.000000,2.842713,1
5.220861,-2.902719,16.718120,5.880570,220.853900,0,10.000000,2.780841,1
5.279448,-2.449608,14.668470,5.060323,222.174500,0,10.000000,2.775669,0
5.160398,-2.607248,16.659950,5.738455,200.984700,0,10.000000,2.866634,1
5.218729,-2.372757,15.838240,5.368659,198.695000,0,10.000000,2.851123,0
5.193981,-2.148261,15.401230,5.084673,190.018900,0,10.000000,2.932439,0
5.408869,-3.240404,15.556010,6.177715,241.459700,0,10.000000,2.602259,1
5.372091,-2.221004,21.331200,-8.300256,-768.103100,1,10.000000,2.740938,1
5.393162,-2.071205,18.677570,5.879785,-1403.307000,1,10.000000,2.767357,0
5.365320,-2.418411,19.863930,6.340225,-1396.036000,1,10.000000,2.698107,0
5.351452,-2.676620,17.644940,-8.587716,763.510300,0,10.000000,2.668216,1
5.321289,-2.772576,17.927640,5.949601,-1329.379000,1,10.000000,2.688348,1
5.192616,-3.015151,19.050970,-9.314777,-765.803200,1,10.000000,2.807425,1
5.417273,-2.618658,20.027870,-8.779547,-766.569100,1,10.000000,2.610728,1
6.024483,-2.058775,19.664010,5.899206,-1404.926000,1,10.000000,2.188280,0
5.582062,-2.463179,15.064540,5.046129,223.360400,0,10.000000,2.476813,0
5.873814,-3.215006,15.738230,6.176210,240.825900,0,10.000000,2.137030,1
5.902852,-3.163556,16.223210,5.963751,243.472000,0,10.000000,2.103516,1
5.969949,-1.909235,17.889980,5.264959,-1381.232000,1,10.000000,2.304534,0
5.924635,-2.863622,20.072020,6.292925,-1343.815000,1,10.000000,2.079841,1
5.653304,-2.269567,17.402940,5.443908,-1348.895000,1,10.000000,2.457746,0
5.975917,-3.322184,18.289260,6.251762,-1290.268000,1,10.000000,2.049565,1
5.617109,-2.571190,17.313740,5.777024,-1331.987000,1,10.000000,2.421166,1
5.908824,-2.458874,20.170040,-8.445592,-765.803200,1,10.000000,2.160054,1
5.821476,-2.605684,18.699230,5.927787,-1343.414000,1,10.000000,2.213922,1
6.035680,-1.849515,16.990350,5.113302,-1367.086000,1,10.000000,2.276438,0
5.879180,-2.699987,19.373750,6.161881,-1347.933000,1,10.000000,2.141935,1
5.912350,-3.201535,16.690250,5.954831,244.983100,0,10.000000,2.097355,1
6.123315,-2.236461,17.572320,5.147918,-1339.227000,1,10.000000,2.026065,0
6.149648,-2.357598,17.584170,5.474259,-1334.861000,1,10.000000,1.958694,1
6.092665,-2.525470,20.457290,-8.549648,-765.803200,1,10.000000,1.965478,1
6.275295,-2.227610,19.425100,5.735446,-1374.756000,1,10.000000,1.889760,0
6.230525,-2.153918,19.369040,5.611661,-1380.185000,1,10.000000,1.961351,0
6.066159,-2.941341,18.147450,-8.907587,-762.747500,1,10.000000,1.934731,1
6.444049,-2.885803,21.006340,-9.112671,-765.803200,1,10.000000,1.560136,1
6.275631,-2.514071,16.799320,5.105978,-1302.568000,1,10.000000,1.791528,1
6.352229,-2.103884,16.491260,4.820022,195.530900,0,10.000000,1.875680,0
6.259381,-1.976162,14.116080,4.106528,218.805300,0,10.000000,2.019406,0
6.312469,-2.048375,16.896350,4.747546,186.560100,0,10.000000,1.937357,0
6.311421,-3.264639,19.575620,-9.508832,-764.273900,1,10.000000,1.709191,1
6.292658,-3.126474,17.963060,-9.107919,-761.985500,1,10.000000,1.712020,1
6.241809,-2.284926,19.979810,6.021325,-1383.624000,1,10.000000,1.898043,1
6.088166,-3.233577,20.450270,-9.656069,-765.803200,1,10.000000,1.926050,1
6.327426,-2.704132,15.567200,5.243413,237.862300,0,10.000000,1.698541,1
6.219562,-2.682122,18.173040,5.631494,-1317.082000,1,10.000000,1.808592,1
6.132440,-2.591216,19.170390,5.949708,-1345.249000,1,10.000000,1.911776,1
6.281664,-2.957462,16.294310,5.868100,229.164200,0,10.000000,1.718863,1
6.279091,-1.924799,16.420320,4.593076,-1338.023000,1,10.000000,2.029183,0
6.238349,-2.157283,18.799440,5.479749,-1368.422000,1,10.000000,1.952840,0
6.219653,-2.653002,15.435270,5.305707,232.647400,0,10.000000,1.813848,1
6.262938,-2.834484,19.959210,6.234993,-1338.190000,1,10.000000,1.744929,1
6.087154,-3.066266,18.176610,-9.081095,-762.747500,1,10.000000,1.913994,1
6.156300,-2.405071,20.556730,-8.361524,-765.803200,1,10.000000,1.937311,1
6.450996,-1.882975,19.123580,5.654630,-1398.729000,1,10.000000,1.909753,0
5.779226,-3.159518,20.483630,6.507877,-1330.822000,1,10.000000,2.226496,1
6.023736,-1.854510,19.077790,5.623860,-1412.625000,1,10.000000,2.284244,0
5.784188,-2.831601,18.067280,5.773503,-1313.858000,1,10.000000,2.222202,1
5.698495,-2.075318,15.250060,4.778634,198.218600,0,10.000000,2.480314,0
5.782380,-2.837308,15.682020,5.448552,238.110900,0,10.000000,2.223580,1
5.744308,-2.370114,16.561160,5.118494,-1320.209000,1,10.000000,2.341987,0
5.812120,-2.671197,19.282620,5.933717,-1344.676000,1,10.000000,2.212448,1
5.744140,-2.971066,16.478250,5.960045,228.587500,0,10.000000,2.256046,1
5.714479,-3.202007,15.975340,5.913158,247.724600,0,10.000000,2.294431,1
5.723251,-2.664287,14.447710,4.971155,243.985700,0,10.000000,2.301367,1
5.837417,-2.110689,20.705520,-7.960240,-766.569100,1,10.000000,2.338299,1
6.295135,-2.951973,18.465470,-8.922354,-762.747500,1,10.000000,1.705542,1
6.096158,-3.139355,18.481790,6.206419,-1302.423000,1,10.000000,1.908935,1
5.990969,-2.477225,15.182940,4.975130,228.533300,0,10.000000,2.075933,1
6.171291,-2.267649,19.869630,6.048320,-1385.879000,1,10.000000,1.969902,0
6.055292,-3.038421,19.010830,6.125594,-1312.337000,1,10.000000,1.945087,1
6.104974,-2.739861,14.898130,5.160022,244.085300,0,10.000000,1.912798,1
6.214484,-1.878140,18.775770,5.661738,-1399.321000,1,10.000000,2.108705,0
6.220817,-2.927104,15.407180,5.547807,244.201800,0,10.000000,1.780676,1
5.995452,-2.485279,15.188410,4.965310,229.353700,0,10.000000,2.069577,1
6.084286,-2.244403,17.032840,5.043390,-1329.749000,1,10.000000,2.059341,0
6.358314,-1.838467,17.427140,5.125553,-1363.267000,1,10.000000,2.011042,0
6.018246,-2.392565,16.918660,5.341890,200.931400,0,10.000000,2.072758,1
6.319910,-2.854760,17.285630,5.531001,-1291.248000,1,10.000000,1.686356,1
6.125401,-2.963495,17.495640,5.729820,232.736600,0,10.000000,1.874955,1
6.169229,-2.599049,18.114550,5.481937,-1320.430000,1,10.000000,1.874162,1
6.208631,-2.346798,19.311830,5.800109,-1364.376000,1,10.000000,1.906745,1
6.353617,-2.402968,20.154510,5.836881,-1368.214000,1,10.000000,1.751292,1
6.250566,-2.020763,15.551380,4.537202,201.784700,0,10.000000,2.004850,0
6.141889,-3.202408,15.274930,5.819733,253.297800,0,10.000000,1.869103,1
6.176572,-1.920460,15.483650,4.209458,197.527800,0,10.000000,2.119031,0
6.332847,-2.024118,17.875030,5.209034,-1360.085000,1,10.000000,1.931772,0
6.307809,-3.293122,19.983790,6.428862,-1306.698000,1,10.000000,1.717391,1
6.364657,-3.199571,21.555900,-9.716506,-766.569100,1,10.000000,1.647475,1
6.142686,-2.289814,17.587090,5.316613,-1337.508000,1,10.000000,1.988461,0
6.082792,-2.247720,15.718310,4.805932,211.740500,0,10.000000,2.059517,0
6.303747,-2.305938,15.981960,4.984051,212.701700,0,10.000000,1.832757,1
6.046007,-2.612881,20.295460,6.143872,-1363.035000,1,10.000000,1.991972,1
6.232792,-3.055258,19.460000,-9.200918,-764.273900,1,10.000000,1.768071,1
5.667836,-2.216705,16.939710,5.175356,-1341.515000,1,10.000000,2.460191,0
5.630913,-2.875942,18.044170,-8.872462,763.510300,0,10.000000,2.372333,1
5.775799,-2.612583,19.859640,6.144353,-1363.075000,1,10.000000,2.257690,1
5.712783,-2.623060,17.449070,5.715868,-1324.145000,1,10.000000,2.318069,1
5.665727,-2.952794,19.011400,6.343514,-1331.400000,1,10.000000,2.334750,1
5.521758,-3.275607,17.621370,6.320258,232.516500,0,10.000000,2.493520,1
5.793145,-2.951300,19.210490,6.345850,-1331.596000,1,10.000000,2.207393,1
5.543572,-2.596905,16.729360,5.402670,212.457800,0,10.000000,2.489281,1
5.782186,-3.020450,19.827640,6.332377,-1331.231000,1,10.000000,2.217909,1
5.596677,-2.056724,16.852570,5.163749,169.182800,0,10.000000,2.581808,0
5.713191,-2.959296,16.923130,5.735651,232.247300,0,10.000000,2.287172,1
5.720361,-2.323206,19.165040,5.961511,-1378.626000,1,10.000000,2.377983,0
5.834060,-2.382632,20.053230,-8.326464,-765.803200,1,10.000000,2.252208,1
5.860923,-2.633654,19.996930,6.110367,-1360.230000,1,10.000000,2.170221,1
5.650532,-2.365482,19.055930,5.895454,-1373.107000,1,10.000000,2.433642,0
6.099592,-3.225769,16.927540,6.237062,237.227800,0,10.000000,1.913772,1
6.348608,-3.220028,18.038670,-9.234344,761.985500,0,10.000000,1.665985,1
6.252703,-2.422558,18.796270,5.575235,-1344.824000,1,10.000000,1.840241,1
6.028512,-2.837663,16.420040,5.775711,224.747900,0,10.000000,1.978160,1
6.188045,-2.061853,14.373570,4.064138,223.085200,0,10.000000,2.040417,0
6.184904,-3.169833,16.153470,5.918746,246.494300,0,10.000000,1.823024,1
6.250031,-2.725517,16.283080,5.578920,223.594800,0,10.000000,1.771364,1
6.304380,-1.994638,17.342080,5.144674,-1353.962000,1,10.000000,1.971263,0
6.232596,-2.405702,20.049400,-8.299356,-765.038200,1,10.000000,1.864647,1
6.294701,-2.082945,14.851480,4.333581,217.213500,0,10.000000,1.936242,0
6.288589,-3.050248,18.228640,5.965796,-1297.391000,1,10.000000,1.712148,1
6.273446,-2.675143,16.325920,5.374256,228.427400,0,10.000000,1.756850,1
6.250066,-2.722736,15.472380,5.220674,239.765900,0,10.000000,1.771763,1
6.266753,-3.278191,18.166460,6.259874,-1290.187000,1,10.000000,1.755430,1
6.185423,-2.855058,17.103900,5.530599,-1291.214000,1,10.000000,1.820356,1
6.250425,-1.856646,14.482380,3.850847,209.290900,0,10.000000,2.090041,0
5.782430,-2.027606,18.128970,5.670452,-1384.323000,1,10.000000,2.421398,0
5.618935,-3.179399,16.762090,6.032450,239.221100,0,10.000000,2.387814,1
5.827841,-2.108555,15.034510,4.429886,210.715000,0,10.000000,2.347967,0
5.722760,-2.725481,15.606760,5.578832,223.531800,0,10.000000,2.293727,1
5.781889,-2.168195,15.343270,4.894997,202.437700,0,10.000000,2.368948,0
5.646941,-2.348464,18.460780,5.797583,-1364.165000,1,10.000000,2.441595,0
5.547134,-2.721804,17.924490,-8.652265,-763.510300,1,10.000000,2.468591,1
5.515239,-2.535151,18.404770,-8.436053,764.273900,0,10.000000,2.527869,1
5.743355,-2.640611,15.660020,5.144604,231.756800,0,10.000000,2.285084,1
5.665653,-2.650074,19.668330,6.356015,-1346.379000,1,10.000000,2.360429,1
5.612157,-3.179925,17.043460,-9.180150,761.985500,0,10.000000,2.394612,1
5.712590,-2.882293,16.450490,5.782526,227.553300,0,10.000000,2.290436,1
5.767638,-1.870515,14.973210,4.491304,189.846300,0,10.000000,2.501834,0
5.857983,-2.123611,16.738840,4.970387,-1339.444000,1,10.000000,2.314367,0
5.711382,-3.063780,17.404060,5.946464,231.252700,0,10.000000,2.289507,1
5.687238,-2.590386,19.716790,6.180153,-1366.072000,1,10.000000,2.348756,1
5.559533,-2.286099,15.462950,4.827136,210.732400,0,10.000000,2.542742,0
5.744336,-3.315557,17.420150,6.206493,-1285.696000,1,10.000000,2.277629,1
5.840542,-1.934591,15.846870,4.804641,181.048300,0,10.000000,2.407977,0
5.881240,-1.937120,19.451320,5.866727,-1417.926000,1,10.000000,2.370413,0
5.798411,-2.950480,15.276730,5.553758,244.461600,0,10.000000,2.202146,1
5.629471,-2.482709,19.135570,-8.416034,-765.038200,1,10.000000,2.426314,1
5.715478,-2.308896,19.787930,6.122469,-1392.840000,1,10.000000,2.386769,0
5.825539,-1.849383,13.980760,3.855264,208.924500,0,10.000000,2.460122,0
5.994442,-2.374391,21.657410,-8.468887,-767.335700,1,10.000000,2.100869,1
5.835095,-3.293102,15.273400,6.048049,250.849000,0,10.000000,2.184656,1
5.938565,-1.917904,18.380950,5.384269,-1391.924000,1,10.000000,2.328186,0
5.926556,-2.884280,20.197750,-9.110291,-765.803200,1,10.000000,2.076671,1
5.678209,-2.275115,17.438440,5.436675,-1348.272000,1,10.000000,2.432318,0
5.793658,-2.120518,16.651910,4.974567,-1339.792000,1,10.000000,2.375170,0
5.847552,-3.332882,19.465990,-9.704177,-765.038200,1,10.000000,2.178037,1
6.080684,-2.426555,16.542810,5.221131,210.259500,0,10.000000,2.003151,1
6.147801,-2.531890,18.629140,5.671533,-1337.049000,1,10.000000,1.910437,1
6.309422,-2.024240,16.892340,4.779302,-1338.531000,1,10.000000,1.951964,0
6.235593,-3.079961,17.633850,5.864814,237.345800,0,10.000000,1.766218,1
6.075099,-2.688313,18.678720,-8.604421,-763.510300,1,10.000000,1.949972,1
5.934214,-3.213851,20.042040,6.636573,-1324.940000,1,10.000000,2.076826,1
6.094086,-2.750350,15.281200,5.186897,242.593700,0,10.000000,1.922195,1
6.006811,-2.337560,14.846830,4.576120,229.385500,0,10.000000,2.100388,1
6.200813,-3.188629,17.369500,-9.141056,761.224200,0,10.000000,1.809048,1
6.088870,-2.784142,16.973410,5.626431,224.726400,0,10.000000,1.923282,1
6.154659,-1.975100,15.843340,4.442595,194.654700,0,10.000000,2.110854,0
6.085215,-3.032513,14.826020,5.691121,247.385500,0,10.000000,1.915061,1
6.020799,-2.182482,21.001290,-8.076035,-766.569100,1,10.000000,2.141395,1
6.177453,-2.485349,18.139240,5.385380,-1328.198000,1,10.000000,1.893817,1
6.151443,-2.554053,17.085510,5.386347,213.065700,0,10.000000,1.901587,1
6.120135,-2.528483,18.044370,5.583055,-1328.878000,1,10.000000,1.938097,1
6.170782,-2.882195,17.558670,5.842736,223.264800,0,10.000000,1.833008,1
5.523984,-1.915074,17.241790,5.478605,-1383.302000,1,10.000000,2.703279,0
5.515232,-1.922099,20.858730,-7.715066,-767.335700,1,10.000000,2.708495,1
5.513114,-1.891324,18.876130,5.938284,-1423.886000,1,10.000000,2.722823,0
5.253138,-2.919304,17.018250,-8.876981,762.747500,0,10.000000,2.748047,1
5.158401,-3.283397,18.790730,6.524400,-1315.502000,1,10.000000,2.855696,1
5.541963,-3.189331,20.073960,6.759398,-1336.698000,1,10.000000,2.465318,1
5.309831,-3.141635,18.102700,-9.327944,-764.273900,1,10.000000,2.693895,1
5.207580,-2.129244,18.980750,6.172042,-1412.728000,1,10.000000,2.925034,0
5.152826,-2.511352,18.988800,-8.527590,-765.803200,1,10.000000,2.888802,1
5.460664,-2.944345,19.469800,-9.204143,-765.803200,1,10.000000,2.539946,1
5.255249,-2.841171,17.275150,6.045074,207.818200,0,10.000000,2.749343,1
5.187279,-2.398992,19.567200,6.372591,-1398.742000,1,10.000000,2.876215,0
5.400026,-2.230930,16.096850,5.301346,191.114400,0,10.000000,2.711334,0
5.198804,-2.288022,19.598810,6.309348,-1409.220000,1,10.000000,2.890262,0
5.218479,-2.680530,14.965410,5.366246,229.098100,0,10.000000,2.799807,1
5.376674,-2.274368,15.228050,4.842087,209.485600,0,10.000000,2.721834,0
5.220988,-2.380564,18.384770,5.871889,-1371.138000,1,10.000000,2.847211,0
5.962165,-2.477730,15.953820,5.087801,220.638400,0,10.000000,2.103696,1
5.932325,-2.790625,15.462040,5.462529,236.179900,0,10.000000,2.078248,1
5.953540,-2.832088,18.302050,6.058432,-1321.850000,1,10.000000,2.053337,1
5.792803,-2.576467,14.533460,5.075859,235.229000,0,10.000000,2.247465,1
6.073694,-2.486356,16.993590,5.215145,-1312.450000,1,10.000000,1.993611,1
5.828853,-3.228812,15.265800,6.128386,244.089800,0,10.000000,2.183171,1
6.153284,-2.370699,19.929230,-8.246322,-765.038200,1,10.000000,1.950994,1
6.142232,-2.823112,19.171490,5.873030,-1322.962000,1,10.000000,1.866170,1
6.052209,-2.007771,18.537130,5.471106,-1383.441000,1,10.000000,2.185957,0
6.106787,-3.313038,16.937260,6.119131,247.150000,0,10.000000,1.918918,1
5.889537,-3.226641,17.902140,-9.303839,762.747500,0,10.000000,2.122597,1
5.835469,-2.244791,16.245290,4.957659,200.609400,0,10.000000,2.292495,0
5.947955,-2.455793,16.823680,5.256447,-1315.901000,1,10.000000,2.122982,1
5.947228,-3.290196,19.040050,-9.546416,-764.273900,1,10.000000,2.073182,1
5.967607,-2.372692,19.647900,-8.249340,-765.038200,1,10.000000,2.127002,1
5.792339,-2.494612,17.074870,5.544744,-1324.919000,1,10.000000,2.264770,1
5.999042,-3.089402,18.910390,6.352460,-1315.462000,1,10.000000,2.002955,1
5.835025,-2.360558,21.391720,-8.445832,-767.335700,1,10.000000,2.257432,1
5.748152,-2.869410,17.471380,5.928154,216.862300,0,10.000000,2.255631,1
5.821477,-2.743683,19.919740,6.204416,-1352.263000,1,10.000000,2.193549,1
5.811852,-1.912529,18.745970,5.751772,-1407.585000,1,10.000000,2.443477,0
5.828139,-2.184543,15.807310,4.957333,199.876200,0,10.000000,2.319903,0
5.808153,-3.162567,17.789110,-9.214846,762.747500,0,10.000000,2.197868,1
5.521042,-2.520080,15.793240,5.362166,214.321900,0,10.000000,2.524986,1
5.713981,-2.846653,15.579970,5.725959,236.095600,0,10.000000,2.291156,1
5.669974,-2.257258,19.086320,6.064554,-1387.235000,1,10.000000,2.445544,0
5.631860,-2.380247,19.640530,6.258016,-1388.394000,1,10.000000,2.447893,0
5.699597,-2.523910,18.675890,-8.419522,-764.273900,1,10.000000,2.349152,1
5.775453,-2.063865,14.970490,4.484354,206.182500,0,10.000000,2.413495,0
5.772361,-3.010356,20.600590,-9.411321,-766.569100,1,10.000000,2.227663,1
5.870353,-3.118347,21.450590,-9.708816,-767.335700,1,10.000000,2.132933,1
5.812535,-3.133115,17.314240,-9.116894,761.985500,0,10.000000,2.191512,1
5.877650,-1.928651,18.845660,5.727345,-1405.550000,1,10.000000,2.377427,0
5.812553,-3.145391,20.665420,-9.629119,-766.569100,1,10.000000,2.192274,1
5.704874,-3.237179,15.108920,6.117788,244.981500,0,10.000000,2.307348,1
5.735706,-1.963675,17.045670,5.292982,-1367.078000,1,10.000000,2.490180,0
6.033965,-2.324986,20.365570,-8.236392,-765.803200,1,10.000000,2.078687,1
5.926390,-2.411619,20.849030,-8.445614,-766.569100,1,10.000000,2.155470,1
5.684880,-2.722775,16.912130,5.497625,-1305.112000,1,10.000000,2.331659,1
6.015035,-1.900571,16.504990,4.942025,170.376400,0,10.000000,2.269103,0
5.624221,-3.234147,17.772060,6.381228,-1301.161000,1,10.000000,2.387289,1
5.694345,-2.675695,17.422730,5.640675,-1317.850000,1,10.000000,2.328351,1
5.710585,-2.419190,20.500950,-8.457825,-766.569100,1,10.000000,2.361940,1
5.644289,-3.271193,15.442370,6.104053,246.896900,0,10.000000,2.371269,1
5.624281,-2.696969,19.601680,6.279762,-1358.577000,1,10.000000,2.394967,1
5.755859,-2.299973,16.576770,5.213280,-1328.121000,1,10.000000,2.350789,0
5.861698,-3.072599,16.637120,5.822837,240.108400,0,10.000000,2.139534,1
5.869056,-2.100345,15.463280,4.747354,200.824300,0,10.000000,2.313071,0
5.724539,-2.914079,18.177920,-8.926944,-763.510300,1,10.000000,2.277083,1
5.857098,-2.128236,16.274740,5.104250,189.683100,0,10.000000,2.313439,0
5.729846,-2.996262,19.743220,6.371389,-1334.507000,1,10.000000,2.270157,1
5.664523,-2.901980,21.107550,-9.348204,-767.335700,1,10.000000,2.337533,1
5.873470,-2.233038,19.416420,5.859600,-1385.884000,1,10.000000,2.260610,0
5.976075,-2.816561,17.811330,5.716920,-1308.352000,1,10.000000,2.032221,1
5.976603,-2.961213,17.535960,-8.884593,761.985500,0,10.000000,2.023769,1
6.166756,-1.865660,16.276300,4.668895,176.601600,0,10.000000,2.155809,0
5.947468,-3.015124,17.982600,-9.010064,-762.747500,1,10.000000,2.052588,1
5.879877,-2.448254,16.278590,5.192579,212.644900,0,10.000000,2.190741,1
6.120085,-2.009436,18.627030,5.681453,-1390.056000,1,10.000000,2.124923,0
5.801683,-3.265515,20.002640,-9.705971,-765.803200,1,10.000000,2.214293,1
5.792507,-2.343663,14.216390,4.516150,233.628400,0,10.000000,2.302999,0
5.771622,-2.322599,18.101180,5.474674,-1352.227000,1,10.000000,2.329065,0
5.784480,-2.633446,21.307470,-8.900645,-767.335700,1,10.000000,2.245639,1
5.782582,-3.151100,19.178800,6.337158,-1314.941000,1,10.000000,2.222560,1
6.030011,-2.593403,15.216960,5.101913,233.808300,0,10.000000,2.011511,1
5.775735,-2.513709,19.860280,6.304780,-1368.801000,1,10.000000,2.276803,1
5.794252,-3.006775,15.256220,5.782836,241.185700,0,10.000000,2.205759,1
5.971874,-2.756262,18.913490,5.974052,-1330.732000,1,10.000000,2.042719,1
5.928375,-2.064566,16.833960,5.050179,-1346.090000,1,10.000000,2.273031,0
5.905947,-2.680799,21.509920,-8.979568,-767.335700,1,10.000000,2.118241,1
5.880485,-3.006999,17.406070,-8.946465,761.985500,0,10.000000,2.119527,1
6.019470,-3.146210,20.999150,-9.630440,-766.569100,1,10.000000,1.985920,1
5.876649,-2.460957,16.727320,5.249467,-1315.318000,1,10.000000,2.190705,1
5.976622,-2.879872,17.797770,5.913208,-1308.904000,1,10.000000,2.026941,1
5.937088,-3.259115,19.404540,6.481998,-1311.169000,1,10.000000,2.079121,1
5.716486,-2.949865,19.090710,6.348091,-1331.785000,1,10.000000,2.284065,1
5.800483,-2.090971,18.155520,5.577269,-1376.553000,1,10.000000,2.379960,0
5.929942,-2.219068,17.798140,5.516047,-1354.916000,1,10.000000,2.212463,0
5.734890,-2.751876,16.967650,5.735974,216.308800,0,10.000000,2.278659,1
5.704067,-2.166214,14.868750,4.595928,212.678800,0,10.000000,2.442643,0
5.716568,-2.297973,15.259730,4.742980,216.989500,0,10.000000,2.388912,0
5.847616,-3.094016,17.583420,6.208500,225.186600,0,10.000000,2.154436,1
5.727832,-2.719665,19.137260,6.131134,-1345.356000,1,10.000000,2.289396,1
5.971887,-1.977046,15.222980,4.361536,200.634300,0,10.000000,2.271493,0
6.058719,-3.269025,18.985120,6.394224,-1303.019000,1,10.000000,1.959834,1
5.995142,-2.153722,14.472850,4.489346,220.041400,0,10.000000,2.176153,0
5.901261,-2.876217,20.034320,6.272610,-1342.111000,1,10.000000,2.102386,1
5.940933,-3.172487,19.607490,-9.461154,-765.038200,1,10.000000,2.066279,1
6.033644,-2.083566,16.517980,4.931261,-1335.424000,1,10.000000,2.169426,0
5.951355,-3.262496,17.716000,6.282009,-1291.403000,1,10.000000,2.065393,1
5.876055,-3.178559,16.641210,5.985879,242.373500,0,10.000000,2.131438,1
5.951920,-2.802628,15.899600,5.493040,234.382900,0,10.000000,2.057568,1
5.829299,-2.923851,20.692420,-9.271796,-766.569100,1,10.000000,2.172036,1
6.045393,-2.206342,17.963080,5.534227,-1356.433000,1,10.000000,2.109592,0
5.860847,-2.450085,15.021350,5.007813,225.802600,0,10.000000,2.208706,1
6.013876,-3.150792,15.934210,5.943158,244.442500,0,10.000000,1.991840,1
5.836262,-2.879762,20.056670,-9.103230,-765.803200,1,10.000000,2.167076,1
5.819070,-3.319345,18.312970,-9.505896,763.510300,0,10.000000,2.204186,1
6.195659,-3.302878,20.463740,6.492980,-1312.859000,1,10.000000,1.829585,1
5.802052,-3.216489,19.193550,6.548601,-1316.772000,1,10.000000,2.208584,1
5.910561,-2.077647,15.925020,4.853660,192.729000,0,10.000000,2.283964,0
6.061514,-3.121130,19.790180,-9.383340,-765.038200,1,10.000000,1.942266,1
6.046715,-2.010082,17.988550,5.342879,-1371.997000,1,10.000000,2.189808,0
6.179048,-1.874416,14.390830,3.828635,211.133700,0,10.000000,2.140749,0
6.131604,-3.130930,17.989110,6.155766,-1297.402000,1,10.000000,1.872978,1
6.108097,-2.328305,19.159500,5.828129,-1366.717000,1,10.000000,2.007603,0
6.039977,-2.624856,16.934910,5.290466,221.079600,0,10.000000,1.995601,1
6.049918,-3.146724,18.413790,6.195584,-1301.512000,1,10.000000,1.955594,1
5.823575,-2.375318,19.949750,6.265967,-1389.058000,1,10.000000,2.264299,0
6.141676,-2.180656,21.196260,-8.073091,-766.569100,1,10.000000,2.030934,1
5.807287,-3.102331,21.345490,-9.682123,-767.335700,1,10.000000,2.195100,1
6.052326,-3.177726,18.417330,6.149992,-1297.680000,1,10.000000,1.955766,1
5.992589,-2.838340,18.560850,-8.818745,-763.510300,1,10.000000,2.013910,1
5.785551,-2.414070,15.320230,5.107713,218.215100,0,10.000000,2.290655,0
5.941849,-2.425639,18.894860,5.935713,-1359.908000,1,10.000000,2.136791,1
5.829140,-3.135135,19.251550,6.362103,-1317.037000,1,10.000000,2.175062,1
5.724184,-1.896716,18.065690,5.415428,-1394.516000,1,10.000000,2.529145,0
5.458626,-2.305011,15.320880,5.051867,207.801200,0,10.000000,2.634690,0
5.756399,-1.893271,15.345520,4.544882,186.151400,0,10.000000,2.501719,0
5.386256,-3.100791,18.767070,-9.352522,-765.038200,1,10.000000,2.615686,1
5.427419,-2.152464,17.596700,5.705146,-1379.163000,1,10.000000,2.708596,0
5.550924,-2.430737,17.244200,5.463398,-1334.717000,1,10.000000,2.514365,0
5.723413,-1.949235,16.568370,4.978545,-1355.872000,1,10.000000,2.507380,0
5.427142,-2.559067,15.669680,5.310868,218.612100,0,10.000000,2.610368,1
5.399713,-2.329273,16.555180,5.261809,-1332.933000,1,10.000000,2.685399,0
5.390786,-3.021191,15.563780,5.844274,237.547200,0,10.000000,2.609300,1
5.614460,-2.867265,15.042810,5.657318,235.774800,0,10.000000,2.389230,1
5.522134,-2.903333,16.657770,5.813378,225.727400,0,10.000000,2.479751,1
5.416616,-2.206651,16.130590,5.094407,189.968400,0,10.000000,2.702457,0
5.607756,-2.479098,16.351340,5.490545,213.111600,0,10.000000,2.448300,1
5.474325,-3.303075,17.551620,6.279863,-1292.633000,1,10.000000,2.543794,1
5.605981,-1.875090,17.370030,5.313739,-1385.291000,1,10.000000,2.645137,0
5.546704,-2.334791,16.294130,5.166228,199.777700,0,10.000000,2.541882,0
5.737856,-1.858949,16.587880,5.100554,-1366.026000,1,10.000000,2.533633,0
5.479798,-3.305747,16.089980,6.128983,246.321000,0,10.000000,2.538681,1
5.374749,-2.257377,19.250370,5.965377,-1395.478000,1,10.000000,2.728266,0
5.529953,-2.981462,17.144870,6.064060,221.378300,0,10.000000,2.470117,1
5.246748,-3.150834,19.752830,-9.637897,-766.569100,1,10.000000,2.757380,1
5.518662,-2.925148,17.883810,-8.942756,763.510300,0,10.000000,2.482466,1
5.581857,-2.066043,17.312900,5.494171,-1368.861000,1,10.000000,2.592237,0
5.327095,-2.623803,18.677420,-8.629812,-765.038200,1,10.000000,2.699249,1
5.506371,-3.174149,18.391730,-9.375758,764.273900,0,10.000000,2.499703,1
5.389314,-2.509042,18.771690,-8.455931,-765.038200,1,10.000000,2.656449,1
5.401720,-1.876458,21.382280,-7.706211,-768.103100,1,10.000000,2.830796,1
5.286245,-2.266997,19.744550,6.344389,-1412.148000,1,10.000000,2.811007,0
5.355330,-3.312313,19.108360,6.477761,-1311.578000,1,10.000000,2.663047,1
5.376679,-2.945718,18.559760,6.354571,-1332.329000,1,10.000000,2.623882,1
5.493594,-3.088329,17.848000,-9.175873,763.510300,0,10.000000,2.507962,1
5.520600,-2.520158,17.187930,5.594639,-1329.855000,1,10.000000,2.525405,1
5.325617,-2.660448,16.413150,5.584191,213.136400,0,10.000000,2.695853,1
5.520020,-3.317210,20.035980,6.557994,-1319.095000,1,10.000000,2.500185,1
5.278276,-2.759352,16.814470,5.798647,211.819700,0,10.000000,2.732342,1
5.234727,-2.235765,17.848480,5.723090,-1373.725000,1,10.000000,2.868935,0
5.476026,-2.131924,15.772810,5.109827,197.431600,0,10.000000,2.669082,0
6.307110,-2.601206,16.827540,5.255421,-1299.199000,1,10.000000,1.739228,1
6.227504,-2.699991,20.667980,-8.822338,-765.803200,1,10.000000,1.797706,1
6.363783,-3.286569,20.734900,6.519284,-1315.072000,1,10.000000,1.661122,1
5.997160,-2.492441,17.372380,5.286976,-1319.214000,1,10.000000,2.066152,1
6.314719,-2.932443,19.418610,5.991868,-1317.031000,1,10.000000,1.686635,1
6.132653,-2.904233,19.897960,-9.054708,-765.038200,1,10.000000,1.869801,1
6.243601,-3.077043,17.153200,5.816833,-1283.358000,1,10.000000,1.758088,1
6.109322,-2.828132,19.121630,5.865423,-1322.325000,1,10.000000,1.898474,1
6.062150,-3.206874,18.660220,-9.345223,-763.510300,1,10.000000,1.948861,1
6.222254,-2.408478,17.194350,5.320385,202.728000,0,10.000000,1.873574,1
6.119452,-2.256805,19.800760,5.822465,-1382.784000,1,10.000000,2.022079,0
6.256514,-2.645030,17.706060,5.605607,-1314.151000,1,10.000000,1.779255,1
6.315216,-2.574328,18.862010,5.875723,-1338.291000,1,10.000000,1.737727,1
6.162037,-2.243094,17.137910,5.045159,194.074800,0,10.000000,1.987715,0
5.894706,-3.146413,18.752310,6.266079,-1308.201000,1,10.000000,2.110379,1
5.212531,-2.359437,16.773270,5.315519,-1338.179000,1,10.000000,2.860123,0
5.177408,-2.543409,18.450630,-8.508002,765.038200,0,10.000000,2.859283,1
5.217999,-2.206387,16.304120,5.419665,176.400400,0,10.000000,2.892983,0
5.285807,-1.975240,15.146880,4.528407,188.280700,0,10.000000,2.901203,0
5.403460,-2.498484,17.534520,5.720657,-1341.158000,1,10.000000,2.644530,0
5.447404,-2.158428,16.633560,5.256297,177.231700,0,10.000000,2.687748,0
5.185310,-2.757213,18.289570,6.072467,-1340.440000,1,10.000000,2.825142,1
5.432631,-2.124840,14.545230,4.408623,212.484500,0,10.000000,2.712432,0
5.396816,-3.324765,18.230620,-9.597253,-764.273900,1,10.000000,2.623364,1
5.381233,-2.092536,19.260830,6.231249,-1417.669000,1,10.000000,2.771539,0
5.413631,-3.219532,19.858660,6.720791,-1332.792000,1,10.000000,2.595669,1
5.259119,-2.680233,16.800980,5.634192,-1317.307000,1,10.000000,2.759471,1
5.489731,-3.309655,18.705540,6.403028,-1304.525000,1,10.000000,2.529295,1
5.182036,-2.898173,14.877160,5.658661,236.421700,0,10.000000,2.819803,1
5.390468,-2.705822,16.503220,5.521172,218.412100,0,10.000000,2.626062,1
5.220999,-2.758872,17.775690,5.970365,-1331.119000,1,10.000000,2.789442,1
5.471312,-2.206530,14.557450,4.788929,212.399300,0,10.000000,2.650256,0
5.586539,-2.034843,15.521230,4.676115,191.743800,0,10.000000,2.599292,0
5.582600,-2.539276,18.937150,5.876815,-1355.747000,1,10.000000,2.460912,1
5.556426,-2.005519,16.342710,4.902484,-1349.543000,1,10.000000,2.638190,0
5.523375,-2.591810,16.701310,5.409746,-1313.629000,1,10.000000,2.510038,1
5.522678,-2.202128,16.738110,5.195602,-1343.203000,1,10.000000,2.602638,0
5.547889,-1.956928,20.913160,-7.773115,-767.335700,1,10.000000,2.664741,1
5.386353,-2.688914,17.694800,-8.605279,763.510300,0,10.000000,2.632096,1
5.697423,-3.267959,15.937140,6.141590,244.499100,0,10.000000,2.318117,1
5.580365,-2.766461,15.421930,5.539244,230.511000,0,10.000000,2.430879,1
5.863173,-2.041869,21.438630,-7.914682,-767.335700,1,10.000000,2.341803,1
5.629582,-2.102066,16.419650,5.223700,176.544200,0,10.000000,2.534791,0
5.501441,-2.283581,14.989630,4.760758,215.507200,0,10.000000,2.599241,0
5.553317,-2.396047,19.513850,6.232533,-1386.262000,1,10.000000,2.520123,0
5.557970,-3.097145,17.939970,-9.188468,763.510300,0,10.000000,2.443962,1
5.394383,-3.175365,15.990300,5.990195,242.010700,0,10.000000,2.611511,1
5.554587,-2.946636,16.689670,6.030386,215.924100,0,10.000000,2.445995,1
5.979363,-2.970402,15.491360,5.835935,248.303400,0,10.000000,2.020853,1
5.953029,-1.944432,16.423410,4.884314,-1347.270000,1,10.000000,2.303110,0
5.909092,-2.678536,19.434140,5.922250,-1343.716000,1,10.000000,2.115475,1
5.837856,-3.025916,18.879210,-9.157767,-764.273900,1,10.000000,2.162299,1
6.014982,-2.985695,16.844260,5.940275,230.247400,0,10.000000,1.985070,1
6.081559,-3.168346,16.458350,5.957448,244.001900,0,10.000000,1.925813,1
5.985129,-1.987303,18.997230,5.864108,-1401.234000,1,10.000000,2.255052,0
5.768705,-2.738504,16.091420,5.628513,223.790700,0,10.000000,2.246566,1
5.872733,-2.833411,16.666780,5.849624,239.642500,0,10.000000,2.133780,1
6.067533,-2.513083,15.660730,5.256597,232.066800,0,10.000000,1.992867,1
5.921517,-3.253721,20.705140,6.663810,-1327.998000,1,10.000000,2.093911,1
6.147542,-2.055200,16.679340,4.738565,187.307400,0,10.000000,2.079483,0
5.823225,-2.533341,19.429130,-8.492748,-765.038200,1,10.000000,2.226235,1
5.965249,-2.256007,16.416060,4.942902,201.840000,0,10.000000,2.166503,0
5.814064,-2.811424,15.722860,5.481763,235.327900,0,10.000000,2.194055,1
5.913379,-2.668552,18.447690,-8.576191,763.510300,0,10.000000,2.112781,1
5.253803,-2.756759,18.020310,-8.761947,-764.273900,1,10.000000,2.756948,1
5.506810,-2.943593,19.383490,6.456339,-1341.640000,1,10.000000,2.493828,1
5.582673,-2.669871,17.784740,5.735219,-1326.529000,1,10.000000,2.439766,1
5.300166,-2.879292,16.831410,5.914037,-1308.974000,1,10.000000,2.702531,1
5.614178,-2.226882,21.023640,-8.223039,-767.335700,1,10.000000,2.507959,1
5.268970,-3.090653,18.984730,6.521989,-1331.242000,1,10.000000,2.732534,1
5.436527,-2.132695,17.620290,5.515908,-1371.437000,1,10.000000,2.706217,0
5.497254,-2.161882,16.239560,5.154906,184.924000,0,10.000000,2.639352,0
5.479468,-3.122902,15.665440,6.017176,238.981700,0,10.000000,2.523526,1
5.431377,-2.684713,17.562250,5.713393,-1324.701000,1,10.000000,2.587901,1
5.388762,-2.974343,19.193090,6.406743,-1337.475000,1,10.000000,2.611365,1
5.389739,-1.972451,15.682150,4.848110,178.211600,0,10.000000,2.805231,0
5.267576,-3.260107,18.358300,6.481466,-1311.099000,1,10.000000,2.744776,1
5.448272,-3.283179,20.619360,6.715279,-1333.096000,1,10.000000,2.567393,1
5.350737,-2.895626,16.690190,-8.795961,761.985500,0,10.000000,2.651319,1
5.584326,-2.937241,19.067170,-9.104719,-765.038200,1,10.000000,2.416489,1
5.475952,-2.581732,16.635440,5.423744,210.695400,0,10.000000,2.558469,1
6.176619,-1.919983,16.728680,4.694983,175.193300,0,10.000000,2.119235,0
6.149692,-3.294397,16.532230,6.106804,247.425900,0,10.000000,1.873582,1
6.095327,-2.538318,14.533110,5.090546,246.516000,0,10.000000,1.959829,1
6.033085,-2.236246,17.957520,5.251022,-1348.586000,1,10.000000,2.109994,0
5.868278,-3.201277,16.177710,5.914118,247.643800,0,10.000000,2.141203,1
6.060560,-3.216955,18.139670,-9.290385,-762.747500,1,10.000000,1.951537,1
6.067906,-2.377256,16.538780,5.030420,210.351700,0,10.000000,2.029974,1
6.079241,-2.100102,16.141270,4.824870,195.127100,0,10.000000,2.121116,0
5.946413,-2.260815,18.926790,5.685136,-1370.557000,1,10.000000,2.182570,0
6.015617,-2.850098,18.393340,6.031947,-1319.628000,1,10.000000,1.990037,1
6.153059,-2.459455,18.091450,5.681355,-1337.107000,1,10.000000,1.924417,1
5.862007,-2.959064,14.569950,5.476760,249.403300,0,10.000000,2.138385,1
6.184721,-2.703041,18.109880,5.883428,-1312.780000,1,10.000000,1.839408,1
5.913636,-2.422635,18.297640,5.575119,-1344.814000,1,10.000000,2.164778,1
6.115042,-2.093819,17.086210,5.010647,-1342.797000,1,10.000000,2.091466,0
5.989695,-2.886021,18.355220,5.979117,-1315.197000,1,10.000000,2.013533,1
6.029276,-3.293080,18.096230,-9.396114,762.747500,0,10.000000,1.992398,1
6.027350,-2.231139,17.426900,5.398106,-1344.309000,1,10.000000,2.117190,0
5.952894,-2.551472,14.728730,5.106159,232.694900,0,10.000000,2.095667,1
6.166264,-3.106638,17.522270,6.133505,-1294.768000,1,10.000000,1.836834,1
5.933943,-2.718021,20.861210,-8.939811,-766.569100,1,10.000000,2.085211,1
6.104811,-2.184564,15.350340,4.806095,206.810200,0,10.000000,2.063171,0
6.136060,-1.877940,14.340950,3.824425,211.483100,0,10.000000,2.175613,0
6.166337,-2.655113,20.572410,-8.752217,-765.803200,1,10.000000,1.865815,1
6.313060,-1.975944,19.505370,5.655689,-1399.581000,1,10.000000,1.973437,0
6.268121,-2.573564,18.792760,5.876846,-1338.385000,1,10.000000,1.783607,1
6.204755,-2.155242,19.329990,5.609656,-1380.018000,1,10.000000,1.984066,0
6.252028,-2.814703,18.742300,6.072504,-1324.462000,1,10.000000,1.757766,1
6.388171,-3.069633,19.688490,-9.222058,-764.273900,1,10.000000,1.613333,1
6.421517,-2.716918,19.018340,5.666032,-1320.737000,1,10.000000,1.603666,1
6.199151,-3.074822,17.583230,5.871949,236.746700,0,10.000000,1.802403,1
6.200637,-2.660823,20.626000,-8.761138,-765.803200,1,10.000000,1.831051,1
6.411917,-2.903528,20.191990,6.127112,-1329.141000,1,10.000000,1.591011,1
6.216744,-3.103143,20.025380,-9.356088,-765.038200,1,10.000000,1.786236,1
6.385177,-2.706597,16.916630,5.389363,-1294.525000,1,10.000000,1.641262,1
6.361765,-2.672964,20.245100,-8.704299,-765.038200,1,10.000000,1.670559,1
6.303147,-3.131673,15.477230,5.906355,246.017000,0,10.000000,1.701954,1
6.389695,-2.909891,16.894030,5.692658,234.330500,0,10.000000,1.612824,1
6.469743,-1.963490,19.151150,5.536224,-1388.866000,1,10.000000,1.848253,0
5.510278,-3.103143,18.954970,-9.356087,-765.038200,1,10.000000,2.491858,1
5.569293,-2.289695,16.790710,5.316779,-1337.521000,1,10.000000,2.532365,0
5.513891,-2.940352,17.380410,-8.906213,762.747500,0,10.000000,2.486825,1
5.529613,-2.998127,18.214340,6.186647,-1317.464000,1,10.000000,2.470388,1
5.862579,-1.852361,18.822820,5.842937,-1415.179000,1,10.000000,2.426035,0
5.521844,-2.194738,17.733850,5.662706,-1367.920000,1,10.000000,2.605706,0
5.699360,-2.296850,15.642210,4.813351,211.881700,0,10.000000,2.405694,0
5.553753,-3.121565,20.922930,-9.714180,-767.335700,1,10.000000,2.449265,1
5.549311,-3.256520,19.608300,-9.691916,-765.803200,1,10.000000,2.464078,1
5.478396,-2.547932,16.176010,5.394418,212.386000,0,10.000000,2.561806,1
5.582477,-2.691694,18.503650,-8.666264,764.273900,0,10.000000,2.437103,1
5.574251,-3.258354,17.177170,6.288213,-1292.572000,1,10.000000,2.439468,1
5.618012,-2.479237,19.715650,-8.477409,-765.803200,1,10.000000,2.438250,1
5.434230,-2.754222,18.285640,-8.758216,-764.273900,1,10.000000,2.577515,1
5.854857,-2.093252,20.733650,-7.932117,-766.569100,1,10.000000,2.328911,1
5.800745,-2.109385,15.001320,4.428846,210.801500,0,10.000000,2.372745,0
5.569471,-2.974545,19.484560,6.406417,-1337.448000,1,10.000000,2.430662,1
5.679929,-3.058246,17.884920,6.021013,-1302.791000,1,10.000000,2.320802,1
6.058052,-2.134684,21.061380,-7.998943,-766.569100,1,10.000000,2.126014,1
5.856861,-2.110463,19.390470,6.051125,-1401.869000,1,10.000000,2.320414,0
5.634675,-3.140867,19.143460,-9.413245,-765.038200,1,10.000000,2.369516,1
5.759902,-2.661126,14.880040,5.018426,240.790500,0,10.000000,2.265585,1
5.680223,-3.104853,20.318630,6.598984,-1338.480000,1,10.000000,2.322145,1
5.916430,-2.997525,19.570350,-9.196060,-765.038200,1,10.000000,2.083571,1
5.696852,-2.668628,17.952660,5.737047,-1326.682000,1,10.000000,2.326864,1
5.870088,-2.360893,21.450160,-8.446391,-767.335700,1,10.000000,2.223732,1
5.802403,-3.180913,20.522260,6.472219,-1327.825000,1,10.000000,2.205031,1
5.630083,-2.443146,16.862550,5.355442,200.561300,0,10.000000,2.434460,0
6.299044,-2.931596,15.112070,5.511220,246.512800,0,10.000000,1.702331,1
6.022082,-3.259272,16.822790,6.191789,241.036900,0,10.000000,1.994839,1
6.302290,-2.062454,14.872490,4.124073,218.859500,0,10.000000,1.939384,0
6.074496,-3.085215,20.283970,6.530761,-1331.979000,1,10.000000,1.927388,1
6.125941,-2.455133,15.746750,5.056541,222.490600,0,10.000000,1.951660,1
6.137202,-3.292561,16.515800,6.109218,247.222700,0,10.000000,1.885632,1
6.015418,-2.772249,21.692370,-9.131984,-767.335700,1,10.000000,1.997608,1
6.360057,-2.032326,18.978420,5.663511,-1383.744000,1,10.000000,1.904155,0
6.053849,-2.471807,16.966770,5.234807,209.878100,0,10.000000,2.016554,1
6.157139,-3.245073,19.348740,-9.480059,-764.273900,1,10.000000,1.859085,1
6.275893,-1.926262,16.859300,4.686723,175.880100,0,10.000000,2.031123,0
6.381521,-2.799806,20.145640,6.281709,-1340.424000,1,10.000000,1.630813,1
6.383000,-2.688889,18.961700,5.707253,-1324.187000,1,10.000000,1.646657,1
6.090798,-2.142870,16.581250,5.091768,-1333.021000,1,10.000000,2.092779,0
6.372063,-2.825993,20.129710,6.248259,-1339.303000,1,10.000000,1.637210,1
6.301093,-2.953064,14.729900,5.458862,250.147200,0,10.000000,1.699555,1
5.177921,-2.592928,17.189520,5.848371,192.546600,0,10.000000,2.851287,0
5.437411,-2.835615,16.079560,5.840240,225.078500,0,10.000000,2.567856,1
5.213914,-2.240667,19.624000,6.388273,-1415.814000,1,10.000000,2.887708,0
5.495982,-2.954572,16.157780,5.684852,235.746600,0,10.000000,2.504430,1
5.561402,-2.746661,20.935670,-9.089338,-767.335700,1,10.000000,2.451722,1
5.417664,-2.159729,14.136780,4.537298,216.804500,0,10.000000,2.715605,0
5.432083,-2.271528,15.714520,4.922479,203.542900,0,10.000000,2.669245,0
5.395468,-2.728055,16.995760,5.565875,215.432500,0,10.000000,2.618691,1
5.299580,-2.827279,16.349970,5.906547,215.377200,0,10.000000,2.705938,1
5.367909,-2.170643,17.519380,5.460102,-1366.784000,1,10.000000,2.759662,0
5.541078,-3.309916,20.071070,6.570152,-1320.118000,1,10.000000,2.478375,1
5.441862,-2.333324,16.152450,5.168213,199.612100,0,10.000000,2.643583,0
5.375721,-2.031668,15.652290,4.999547,181.337200,0,10.000000,2.797232,0
5.457953,-2.060019,15.344750,4.876258,190.846500,0,10.000000,2.710271,0
5.237358,-2.235207,20.395610,-8.236913,-767.335700,1,10.000000,2.866549,1
5.231744,-2.975515,14.951660,5.560817,244.629300,0,10.000000,2.768364,1
5.197843,-2.987451,14.483420,5.804287,239.384600,0,10.000000,2.802186,1
5.950983,-1.838241,16.876720,5.125126,-1363.827000,1,10.000000,2.355453,0
5.856878,-2.919066,16.645480,5.732832,231.721800,0,10.000000,2.144649,1
5.600098,-2.737458,19.687660,-8.880880,-765.803200,1,10.000000,2.414220,1
5.635668,-2.690964,18.993260,6.175981,-1349.114000,1,10.000000,2.384443,1
5.603222,-2.707114,19.567710,6.263400,-1357.206000,1,10.000000,2.414607,1
5.720610,-2.528373,16.975240,5.497853,204.497400,0,10.000000,2.327670,1
5.762790,-2.052563,16.610200,5.066399,-1347.442000,1,10.000000,2.429556,0
5.861702,-2.168686,15.862380,4.736942,202.451300,0,10.000000,2.294210,0
5.656441,-2.913769,17.103310,-8.820479,761.985500,0,10.000000,2.345145,1
5.615208,-2.632805,17.309680,5.701947,-1322.980000,1,10.000000,2.412896,1
5.564907,-3.000025,16.236050,5.920912,231.873400,0,10.000000,2.435093,1
5.610307,-2.460985,16.835080,5.330666,202.631100,0,10.000000,2.449728,1
5.896389,-2.766926,18.232280,5.868614,-1321.828000,1,10.000000,2.116483,1
5.597264,-2.965267,20.318170,-9.338595,-766.569100,1,10.000000,2.402987,1
5.520797,-2.829553,15.345030,5.458299,237.294200,0,10.000000,2.485055,1
5.592822,-2.686157,19.550940,6.297200,-1360.039000,1,10.000000,2.427551,1
5.394439,-2.543869,18.052230,6.021967,-1334.397000,1,10.000000,2.645185,0
5.451012,-2.629827,20.082280,-8.797562,-766.569100,1,10.000000,2.575727,1
5.406219,-2.058090,14.895080,4.565184,200.215100,0,10.000000,2.759510,0
5.524962,-3.018972,15.741220,5.847293,237.293700,0,10.000000,2.475110,1
5.336834,-2.128027,14.404210,4.639351,209.061800,0,10.000000,2.802283,0
5.588869,-3.094149,19.670120,-9.438212,-765.803200,1,10.000000,2.412969,1
5.505988,-3.221248,16.899990,-9.235992,761.985500,0,10.000000,2.503806,1
5.513416,-2.753860,20.084320,6.309903,-1361.870000,1,10.000000,2.498737,1
5.270060,-2.481461,17.877000,5.851134,-1352.834000,1,10.000000,2.778751,0
5.330111,-2.719234,15.111700,5.317085,233.213700,0,10.000000,2.684611,1
5.352029,-2.642537,14.360810,5.038290,239.129200,0,10.000000,2.671990,1
5.391381,-2.637487,21.364460,-9.018333,-768.103100,1,10.000000,2.633687,1
5.313154,-3.109830,15.026030,5.994749,240.106200,0,10.000000,2.689090,1
5.609001,-1.952878,15.970740,4.873200,176.103700,0,10.000000,2.610237,0
5.538647,-1.978273,17.781890,5.514485,-1387.055000,1,10.000000,2.664992,0
5.546262,-2.378438,16.746130,5.445314,193.052500,0,10.000000,2.531239,0
5.503462,-3.333553,20.166890,-9.932606,-766.569100,1,10.000000,2.518721,1
5.634599,-3.264915,17.263390,6.278839,235.237600,0,10.000000,2.380189,1
5.664777,-2.944831,20.427070,-9.305634,-766.569100,1,10.000000,2.335875,1
5.507573,-3.052564,17.112900,5.962488,229.907200,0,10.000000,2.492982,1
5.437698,-2.453015,19.327370,6.140648,-1378.578000,1,10.000000,2.620035,0
5.518870,-2.439543,14.229330,4.705784,234.410100,0,10.000000,2.543643,0
5.554739,-2.172333,14.303370,4.522961,217.998700,0,10.000000,2.581537,0
5.703295,-3.156288,17.904050,6.181519,-1300.330000,1,10.000000,2.302017,1
5.548991,-2.946226,20.915000,-9.421947,-767.335700,1,10.000000,2.451599,1
5.470083,-2.705181,16.151220,5.453152,223.344400,0,10.000000,2.547037,1
5.427237,-2.324552,14.486770,4.897251,219.187500,0,10.000000,2.659951,0
5.649786,-1.978762,16.468870,4.938643,171.419100,0,10.000000,2.562505,0
5.702073,-1.927811,16.104270,4.684683,176.049600,0,10.000000,2.535756,0
5.722896,-3.126086,19.879530,-9.488113,-765.803200,1,10.000000,2.280592,1
5.583836,-3.104778,15.380620,6.001943,239.501500,0,10.000000,2.418435,1
5.474838,-2.107564,17.160020,5.434855,-1363.915000,1,10.000000,2.678224,0
6.228241,-3.200507,18.676030,6.116490,-1294.864000,1,10.000000,1.783068,1
6.134308,-2.460451,14.986480,4.684384,236.196200,0,10.000000,1.942143,1
6.269128,-2.201687,17.282630,5.101115,-1334.562000,1,10.000000,1.906101,0
6.263109,-3.032090,15.443760,5.719839,245.716400,0,10.000000,1.737187,1
6.209909,-2.511884,19.426340,-8.401837,-764.273900,1,10.000000,1.855446,1
6.245206,-2.712692,19.945660,6.142030,-1346.269000,1,10.000000,1.778159,1
6.077318,-2.619326,18.512160,5.809550,-1332.751000,1,10.000000,1.960005,1
6.232817,-2.093349,15.529740,4.448682,209.150800,0,10.000000,1.986190,0
6.129275,-2.663375,19.307770,-8.624618,-764.273900,1,10.000000,1.900771,1
6.022604,-2.495754,16.924550,5.202445,212.581900,0,10.000000,2.040676,1
6.310398,-1.852849,16.471250,4.469499,177.450200,0,10.000000,2.042232,0
6.218375,-2.750530,16.697150,5.331557,232.762600,0,10.000000,1.799006,1
6.065610,-2.809930,20.299400,6.379524,-1351.080000,1,10.000000,1.943705,1
5.964724,-2.865344,14.710890,5.295525,248.657600,0,10.000000,2.039726,1
5.949219,-2.419000,15.525760,5.101695,218.718000,0,10.000000,2.131494,1
5.908869,-2.601243,17.742600,5.478801,-1320.167000,1,10.000000,2.128811,1
5.837914,-3.186470,18.102020,6.137131,-1296.599000,1,10.000000,2.170113,1
6.045729,-2.004746,16.992550,5.131016,-1352.824000,1,10.000000,2.193104,0
5.978255,-1.873399,16.457640,4.969912,168.506200,0,10.000000,2.314451,0
5.982728,-2.215635,14.444180,4.665508,235.414000,0,10.000000,2.164397,0
5.954854,-2.428205,18.927320,5.676765,-1354.071000,1,10.000000,2.123575,1
5.883648,-3.133126,21.472760,-9.733448,-767.335700,1,10.000000,2.120534,1
6.066886,-1.857097,18.028470,5.339442,-1387.430000,1,10.000000,2.245697,0
5.809613,-3.175692,17.310300,-9.174430,761.985500,0,10.000000,2.197422,1
5.727694,-3.260583,21.212840,-9.945877,-767.335700,1,10.000000,2.287199,1
6.131625,-1.951758,18.109850,5.426200,-1378.937000,1,10.000000,2.142344,0
5.773210,-3.208429,17.461400,6.359534,228.448400,0,10.000000,2.236524,1
5.766528,-2.853333,19.343230,-8.977586,-765.038200,1,10.000000,2.238282,1
5.428609,-2.362648,16.595320,5.215455,-1329.064000,1,10.000000,2.649201,0
5.804800,-1.878178,18.184240,5.442690,-1396.785000,1,10.000000,2.465236,0
5.454580,-2.628926,14.475460,5.328496,234.361200,0,10.000000,2.572326,1
5.562111,-2.928776,18.278300,5.997425,-1317.497000,1,10.000000,2.438929,1
5.661368,-2.792874,16.395710,5.614631,225.715400,0,10.000000,2.347786,1
5.460512,-3.298885,19.469560,-9.758112,-765.803200,1,10.000000,2.557016,1
5.498051,-2.108586,14.613650,4.665457,206.887200,0,10.000000,2.656006,0
5.519893,-2.642774,18.826020,5.978130,-1348.393000,1,10.000000,2.505702,1
5.729806,-2.680828,16.974530,5.555886,-1309.989000,1,10.000000,2.292520,1
5.443304,-2.375478,18.853500,-8.253561,-765.038200,1,10.000000,2.631867,1
5.465096,-2.601967,17.108640,5.477767,206.940100,0,10.000000,2.565964,1
5.473091,-3.228050,14.802000,6.127894,244.131200,0,10.000000,2.537179,1
5.786519,-3.209200,19.803830,6.644073,-1325.571000,1,10.000000,2.223346,1
5.821290,-1.969330,16.690860,5.160134,160.711900,0,10.000000,2.410199,0
5.778617,-3.107217,20.482620,6.595044,-1338.149000,1,10.000000,2.223969,1
5.742342,-1.947146,15.732180,4.564425,185.286400,0,10.000000,2.491089,0
5.512740,-3.070329,17.106360,6.229749,-1305.978000,1,10.000000,2.488254,1
6.002506,-2.385852,15.605400,4.884157,221.039400,0,10.000000,2.089775,1
6.090308,-2.107645,16.155460,4.815200,195.932600,0,10.000000,2.107895,0
6.180257,-2.853064,14.959260,5.603750,254.162700,0,10.000000,1.825666,1
5.993007,-3.245863,18.885550,6.429317,-1305.971000,1,10.000000,2.021997,1
5.990019,-2.753301,17.321990,5.733997,216.474500,0,10.000000,2.025064,1
6.196158,-2.141040,16.731810,4.855637,193.324700,0,10.000000,1.997913,0
5.950406,-2.706481,21.584020,-9.022371,-767.335700,1,10.000000,2.070505,1
6.178783,-2.679136,19.240610,5.816496,-1334.097000,1,10.000000,1.849266,1
5.933654,-2.437050,14.369550,4.664190,237.124200,0,10.000000,2.141658,1
6.281781,-2.017017,18.324360,5.332971,-1371.172000,1,10.000000,1.979528,0
6.185145,-2.277275,19.891270,6.033278,-1384.622000,1,10.000000,1.953466,0
5.929267,-2.992830,17.471990,-8.927319,761.985500,0,10.000000,2.070745,1
6.113242,-2.367621,21.150390,-8.374648,-766.569100,1,10.000000,1.989914,1
6.103515,-2.733903,19.112830,6.008197,-1334.289000,1,10.000000,1.915062,1
6.038993,-2.570369,17.928490,5.522907,-1323.856000,1,10.000000,2.007518,1
6.059045,-2.835328,18.655790,-8.814443,-763.510300,1,10.000000,1.947928,1
5.727866,-1.844868,13.867570,3.859898,208.540100,0,10.000000,2.548907,0
5.640662,-2.666539,21.067780,-8.955802,-767.335700,1,10.000000,2.382786,1
5.478282,-2.591677,16.163790,5.589906,206.021600,0,10.000000,2.554562,1
5.453199,-3.042477,20.085810,-9.463128,-766.569100,1,10.000000,2.547155,1
5.515193,-2.328382,16.715570,5.263048,-1333.037000,1,10.000000,2.573973,0
5.549778,-3.312669,15.318150,6.050653,251.389700,0,10.000000,2.470091,1
5.498001,-2.030667,14.640300,4.295172,206.151300,0,10.000000,2.683208,0
5.464485,-2.021585,15.769080,5.012815,180.232100,0,10.000000,2.717744,0
5.310067,-2.445358,19.771840,6.295315,-1392.279000,1,10.000000,2.746519,0
5.578775,-1.991002,18.392820,5.632874,-1397.681000,1,10.000000,2.623053,0
5.469416,-2.273357,18.192500,5.912490,-1365.923000,1,10.000000,2.632843,0
5.378277,-2.892941,21.341870,-9.458771,-768.103100,1,10.000000,2.623908,1
5.560234,-2.904894,19.484280,6.226357,-1338.231000,1,10.000000,2.441619,1
5.525587,-2.857274,17.153440,5.945490,215.408100,0,10.000000,2.478526,1
5.519644,-2.532082,19.446480,6.274192,-1373.944000,1,10.000000,2.524107,1
5.551261,-2.490039,16.740040,5.551096,-1325.451000,1,10.000000,2.501276,1
5.699430,-3.249402,16.858150,6.249960,236.904700,0,10.000000,2.314049,1
5.656460,-2.942234,17.851600,6.182300,-1316.273000,1,10.000000,2.344252,1
5.661959,-3.289536,19.602920,6.514499,-1314.669000,1,10.000000,2.355901,1
5.504745,-2.089822,17.202750,5.460201,-1366.028000,1,10.000000,2.656072,0
5.486683,-3.038722,17.838120,-9.105006,763.510300,0,10.000000,2.513615,1
5.485938,-3.318199,21.527480,-10.191980,-768.103100,1,10.000000,2.534119,1
5.368980,-2.614571,15.178020,5.177694,228.989300,0,10.000000,2.659102,1
5.721394,-2.899282,17.960660,5.959616,-1313.561000,1,10.000000,2.280831,1
5.385545,-2.566671,19.884690,6.352108,-1381.234000,1,10.000000,2.650122,1
5.731332,-2.869928,18.534690,6.086586,-1324.976000,1,10.000000,2.272394,1
5.402542,-3.335622,15.891020,-9.285178,760.463700,0,10.000000,2.619051,1
5.384469,-2.962106,15.149920,5.578278,243.164600,0,10.000000,2.615805,1
5.624757,-2.768852,15.071120,5.488991,233.962400,0,10.000000,2.386464,1
5.410277,-2.670835,20.016580,-8.863704,-766.569100,1,10.000000,2.610559,1
5.453959,-2.032658,15.340220,4.912079,195.082300,0,10.000000,2.723614,0
5.388268,-2.814598,17.697530,-8.784828,763.510300,0,10.000000,2.618305,1
5.286792,-2.055972,19.817420,-7.871987,-766.569100,1,10.000000,2.872749,1
5.471080,-2.786659,19.486070,-8.957757,-765.803200,1,10.000000,2.537903,1
5.283970,-3.105578,18.399720,6.408286,-1320.919000,1,10.000000,2.718081,1
5.363378,-1.995715,18.066460,5.625732,-1397.086000,1,10.000000,2.821412,0
5.293567,-2.516847,15.939370,5.173940,214.963400,0,10.000000,2.749221,1
5.257009,-3.255142,17.232040,6.350353,-1298.563000,1,10.000000,2.754832,1
5.370306,-3.191098,16.416770,6.016201,240.586900,0,10.000000,2.636628,1
5.205540,-2.745424,17.216330,5.900233,204.070300,0,10.000000,2.806032,1
5.215118,-2.876986,17.963410,-8.938753,-764.273900,1,10.000000,2.787598,1
5.374083,-3.300897,15.854010,-9.240624,760.463700,0,10.000000,2.643100,1
5.167186,-2.624952,15.741900,5.561571,214.268000,0,10.000000,2.857533,0
5.496767,-2.074842,15.394510,4.857255,192.429500,0,10.000000,2.668725,0
5.540603,-3.069326,17.160090,5.938541,-1295.103000,1,10.000000,2.460374,1
5.443640,-2.933215,18.679050,6.080726,-1325.250000,1,10.000000,2.557232,1
5.377166,-2.446969,18.052030,5.648334,-1351.695000,1,10.000000,2.680504,0
5.338999,-2.630768,15.139360,5.156898,230.728600,0,10.000000,2.686495,1
5.502016,-2.601284,18.215200,5.934453,-1343.972000,1,10.000000,2.529605,1
5.518503,-1.929730,18.301490,5.725712,-1405.414000,1,10.000000,2.702463,0
5.480805,-2.751652,17.829730,-8.694903,763.510300,0,10.000000,2.531406,1
5.338037,-2.051067,20.563410,-7.930011,-767.335700,1,10.000000,2.826043,1
5.592049,-2.768534,18.337880,5.955725,-1329.892000,1,10.000000,2.419051,1
5.301050,-2.342034,15.529760,5.076765,206.483500,0,10.000000,2.777994,0
5.330045,-2.107013,14.799280,4.503914,205.313700,0,10.000000,2.815330,0
5.493534,-3.221333,19.521160,-9.636937,-765.803200,1,10.000000,2.516219,1
5.414256,-2.164223,15.288730,4.742664,201.974700,0,10.000000,2.717461,0
5.319388,-3.317065,16.330320,6.155984,244.811400,0,10.000000,2.699298,1
5.560856,-3.166154,16.681420,6.050846,237.675000,0,10.000000,2.444797,1
5.302788,-3.127045,18.429120,6.374746,-1318.100000,1,10.000000,2.700203,1
5.299417,-3.333937,17.082530,-9.452861,762.747500,0,10.000000,2.721150,1
5.526905,-2.974895,15.758780,5.607126,241.505200,0,10.000000,2.473222,1
6.124438,-3.296996,16.961110,6.140810,245.326000,0,10.000000,1.898931,1
5.944147,-2.787727,14.686610,5.387782,240.926500,0,10.000000,2.066783,1
5.975928,-2.084345,15.596860,4.767354,199.158300,0,10.000000,2.221552,0
6.162355,-2.509173,18.104730,5.610331,-1331.167000,1,10.000000,1.902064,1
6.153962,-2.540526,16.626030,5.335262,216.571900,0,10.000000,1.902360,1
6.226162,-2.303909,20.665880,-8.203459,-765.803200,1,10.000000,1.905530,1
5.973122,-2.204083,15.581220,4.860479,207.192200,0,10.000000,2.177549,0
6.053381,-3.077363,21.053850,-9.519396,-766.569100,1,10.000000,1.948155,1
5.995608,-2.352789,14.457650,4.506335,234.446900,0,10.000000,2.106292,1
5.942819,-2.229755,14.409670,4.400699,227.425500,0,10.000000,2.196650,0
5.987395,-2.911660,17.303970,5.801814,-1298.798000,1,10.000000,2.014543,1
6.081632,-2.480144,21.099420,-8.556137,-766.569100,1,10.000000,1.987558,1
5.876563,-2.485659,19.509950,-8.420503,-765.038200,1,10.000000,2.184841,1
5.941096,-2.990824,17.732220,6.050688,-1304.520000,1,10.000000,2.058924,1
6.021962,-2.721905,18.602810,-8.652409,763.510300,0,10.000000,1.997492,1
5.817836,-3.098227,17.540870,6.202486,-1301.328000,1,10.000000,2.184374,1
5.877069,-1.986904,16.764630,5.155127,169.138900,0,10.000000,2.352275,0
5.701688,-2.839181,16.907150,5.902478,-1307.242000,1,10.000000,2.303932,1
5.762630,-2.961919,17.492070,5.795998,-1299.073000,1,10.000000,2.237694,1
5.783146,-2.565544,15.303330,5.185390,227.586000,0,10.000000,2.259025,1
5.832359,-2.472351,16.655740,5.481929,200.613400,0,10.000000,2.230937,1
5.950825,-3.327930,21.584720,-10.058120,-767.335700,1,10.000000,2.075248,1
5.728446,-2.289645,17.011750,5.316848,-1337.527000,1,10.000000,2.380034,0
5.782495,-2.254867,14.952140,4.732641,217.092700,0,10.000000,2.339349,0
5.856489,-2.016663,17.716790,5.333477,-1371.214000,1,10.000000,2.358303,0
6.005575,-2.526305,17.880760,5.585857,-1329.120000,1,10.000000,2.049907,1
5.878457,-2.883765,18.938920,-8.948722,-764.273900,1,10.000000,2.124725,1
6.125411,-1.917280,17.598170,5.132607,-1369.455000,1,10.000000,2.164802,0
5.823700,-3.231397,18.065400,6.385273,-1301.501000,1,10.000000,2.188567,1
5.518078,-3.220935,18.749840,6.541656,-1316.188000,1,10.000000,2.491736,1
5.207080,-2.726480,20.345140,-9.055704,-767.335700,1,10.000000,2.806282,1
5.264953,-2.798498,18.401180,6.280033,-1342.763000,1,10.000000,2.742460,1
5.371608,-2.528223,14.780900,5.230880,223.781500,0,10.000000,2.670397,0
5.329396,-2.540206,14.717090,5.214326,225.166000,0,10.000000,2.709896,0
5.335572,-3.302118,18.140550,-9.563949,-764.273900,1,10.000000,2.681502,1
5.493041,-1.965667,16.708640,5.290216,-1366.847000,1,10.000000,2.711953,0
5.427107,-2.282711,14.882510,5.003761,210.638400,0,10.000000,2.671007,0
5.314149,-2.711008,18.657810,-8.761942,-765.038200,1,10.000000,2.701354,1
5.499831,-2.870607,17.360880,-8.809345,762.747500,0,10.000000,2.503515,1
5.228539,-2.902521,16.250000,5.814504,225.632900,0,10.000000,2.773175,1
5.261813,-2.490540,19.691420,6.220011,-1385.982000,1,10.000000,2.785178,0
5.443761,-1.979585,14.197000,4.281933,206.493600,0,10.000000,2.752382,0
5.268740,-2.834970,17.526780,-8.813931,763.510300,0,10.000000,2.736241,1
5.424572,-3.175756,18.619420,6.298633,-1311.703000,1,10.000000,2.581418,1
5.514917,-2.939154,17.138200,5.828520,225.220000,0,10.000000,2.485828,1
5.289058,-2.242805,16.413630,5.139106,187.003400,0,10.000000,2.814703,0
5.775193,-2.687728,18.067860,5.708958,-1324.330000,1,10.000000,2.246615,1
6.095105,-3.041396,16.053710,5.776280,242.495800,0,10.000000,1.905345,1
5.935436,-3.299841,17.965890,-9.405505,762.747500,0,10.000000,2.086223,1
5.758831,-2.522574,18.057130,5.685232,-1338.195000,1,10.000000,2.291457,1
5.816115,-2.916569,16.139320,5.683871,235.067600,0,10.000000,2.185478,1
6.206591,-3.330557,21.300960,-9.927774,-766.569100,1,10.000000,1.823619,1
5.970371,-2.655625,20.160550,6.349074,-1355.712000,1,10.000000,2.058637,1
5.949276,-3.001629,17.985120,-8.991322,-762.747500,1,10.000000,2.050724,1
6.017519,-1.936068,14.913460,4.114664,204.642200,0,10.000000,2.249930,0
6.084798,-2.814250,15.653500,5.433096,238.646400,0,10.000000,1.924188,1
5.947723,-3.194962,17.712180,6.363320,-1303.166000,1,10.000000,2.061516,1
5.776637,-2.785302,19.963500,-8.955637,-765.803200,1,10.000000,2.233705,1
6.111497,-3.300669,17.430470,6.178757,242.895400,0,10.000000,1.912288,1
6.061071,-1.891564,15.342790,4.244698,194.601100,0,10.000000,2.233400,0
5.954564,-2.727375,20.134390,6.230721,-1354.468000,1,10.000000,2.063524,1
5.992828,-2.976011,18.045600,-8.955740,-762.747500,1,10.000000,2.007315,1
5.863339,-2.762593,16.668640,5.655551,222.286300,0,10.000000,2.149809,1
6.386170,-3.294221,18.591910,-9.397700,-762.747500,1,10.000000,1.640431,1
6.065767,-2.491057,16.969760,5.471276,-1318.013000,1,10.000000,2.000070,1
6.307167,-2.134165,15.608560,4.635781,209.359100,0,10.000000,1.901408,0
6.058305,-2.837861,18.654730,-8.818061,-763.510300,1,10.000000,1.948453,1
6.192163,-2.031630,15.491600,4.294970,206.168100,0,10.000000,2.050858,0
6.160471,-2.019962,19.262890,5.814625,-1397.109000,1,10.000000,2.084308,0
6.343726,-1.844917,15.303190,4.223457,195.607000,0,10.000000,2.019272,0
6.220991,-2.370189,17.205330,5.118393,203.770300,0,10.000000,1.887203,1
6.426955,-2.871307,20.215480,6.177457,-1333.364000,1,10.000000,1.578300,1
6.135785,-2.837906,14.920120,5.328666,245.880400,0,10.000000,1.871249,1
6.213346,-3.193782,19.235100,6.194307,-1302.169000,1,10.000000,1.797132,1
6.288217,-2.141956,15.585450,4.626280,210.150600,0,10.000000,1.914796,0
6.223643,-2.131004,16.326400,4.785252,198.427200,0,10.000000,1.977523,0
6.294560,-2.068910,16.417330,4.864861,191.796000,0,10.000000,1.943053,0
6.284554,-3.283591,16.265460,6.088332,248.219500,0,10.000000,1.738729,1
6.154068,-2.879812,18.269550,-8.822129,-762.747500,1,10.000000,1.849840,1
6.004614,-2.799901,15.552820,5.450981,237.147600,0,10.000000,2.005394,1
5.987134,-2.917351,17.550190,-8.825319,761.985500,0,10.000000,2.014562,1
5.948613,-2.515207,16.824570,5.176157,-1309.193000,1,10.000000,2.107893,1
6.128131,-1.873449,15.424570,4.266790,192.766400,0,10.000000,2.184722,0
6.115079,-2.313775,18.062620,5.380753,-1343.624000,1,10.000000,2.005949,1
6.121293,-2.354310,15.753890,4.923586,217.748400,0,10.000000,1.986569,1
6.250334,-2.549864,19.980490,5.860271,-1354.363000,1,10.000000,1.806642,1
5.913339,-2.720373,16.281640,5.653057,238.831500,0,10.000000,2.105314,1
5.890315,-2.427027,17.729040,5.468697,-1335.159000,1,10.000000,2.186109,1
6.069292,-2.314569,17.997210,5.379619,-1343.529000,1,10.000000,2.048768,1
6.010154,-2.625028,19.592050,6.005858,-1350.715000,1,10.000000,2.024868,1
6.190316,-1.843454,19.330180,5.640612,-1414.020000,1,10.000000,2.147686,0
6.156834,-2.298474,17.118630,5.215306,195.681400,0,10.000000,1.972157,1
6.338173,-3.043257,15.535720,5.706257,246.856900,0,10.000000,1.662390,1
6.133066,-2.999266,18.761530,-9.048640,-763.510300,1,10.000000,1.866934,1
6.162559,-2.320265,17.614690,5.274321,-1333.978000,1,10.000000,1.959140,1
6.272570,-2.197007,21.407380,-8.099463,-766.569100,1,10.000000,1.904944,1
6.294302,-2.617661,17.772040,5.373843,-1310.627000,1,10.000000,1.748025,1
6.329199,-2.167665,19.518540,5.590833,-1378.448000,1,10.000000,1.866643,0
6.099780,-2.355220,17.527490,5.225772,-1329.926000,1,10.000000,2.006634,1
6.067288,-2.950587,15.616580,5.553995,244.441800,0,10.000000,1.933344,1
6.253992,-2.521356,16.770850,5.096391,-1301.767000,1,10.000000,1.810426,1
6.334300,-2.119419,15.268510,4.351310,216.495500,0,10.000000,1.884139,0
6.114592,-2.308003,14.978500,4.611796,226.410700,0,10.000000,2.008389,1
6.383855,-2.985422,17.342730,5.940644,-1293.755000,1,10.000000,1.616211,1
6.237207,-2.663667,14.700290,4.936481,246.128100,0,10.000000,1.794591,1
6.186894,-3.169417,18.615220,6.162211,-1298.707000,1,10.000000,1.821004,1
6.283695,-2.642346,19.399570,5.872239,-1338.764000,1,10.000000,1.753174,1
6.184703,-2.843109,18.835300,-8.825559,-763.510300,1,10.000000,1.822064,1
6.038927,-2.107653,14.915370,4.365051,215.352200,0,10.000000,2.154552,0
5.810416,-2.276159,21.350700,-8.305166,-767.335700,1,10.000000,2.306128,1
5.754156,-2.839113,15.236050,5.401566,241.288600,0,10.000000,2.251599,1
6.035273,-2.886268,19.169520,-8.952402,-764.273900,1,10.000000,1.968016,1
5.942309,-2.760578,18.868580,5.967780,-1330.902000,1,10.000000,2.071573,1
5.873156,-2.242144,15.456260,4.812903,211.159300,0,10.000000,2.257834,0
5.867847,-2.086985,17.217510,5.355523,-1356.537000,1,10.000000,2.319412,0
5.827484,-3.097717,15.694570,6.011142,238.728300,0,10.000000,2.174712,1
6.064923,-2.767986,18.145730,-8.666816,762.747500,0,10.000000,1.948937,1
5.827198,-2.113540,19.355750,5.813635,-1397.791000,1,10.000000,2.346675,0
6.028082,-2.258361,19.645860,6.062831,-1387.091000,1,10.000000,2.106772,0
5.745429,-2.322686,20.557160,-8.302172,-766.569100,1,10.000000,2.354112,1
5.894081,-2.328826,15.077790,4.895501,219.333600,0,10.000000,2.210288,0
5.935232,-1.955208,14.094180,3.956162,216.291400,0,10.000000,2.314056,0
5.964998,-3.006822,20.257820,-9.301762,-765.803200,1,10.000000,2.035014,1
5.960468,-3.326105,18.000660,-9.441982,762.747500,0,10.000000,2.065439,1
5.863107,-2.009045,16.745760,5.125205,171.631300,0,10.000000,2.355484,0
6.073409,-2.511135,19.808200,-8.459104,-765.038200,1,10.000000,1.987648,1
6.235031,-3.182436,15.796410,5.871234,249.728000,0,10.000000,1.774373,1
5.991887,-3.037561,18.914750,6.126897,-1312.446000,1,10.000000,2.008464,1
5.985667,-3.260877,20.944640,-9.815387,-766.569100,1,10.000000,2.031156,1
6.309407,-1.951445,16.447980,4.783035,182.846400,0,10.000000,1.989365,0
6.258000,-2.194051,19.398890,5.786295,-1379.000000,1,10.000000,1.919406,0
6.238961,-2.913503,18.721780,5.938702,-1311.807000,1,10.000000,1.763162,1
6.173647,-3.111434,18.595740,6.247480,-1305.874000,1,10.000000,1.829749,1
6.303841,-2.902023,20.157340,-9.051360,-765.038200,1,10.000000,1.698986,1
6.125955,-3.279384,21.170900,-9.845237,-766.569100,1,10.000000,1.894756,1
5.948937,-2.657912,21.581580,-8.941422,-767.335700,1,10.000000,2.079395,1
6.044394,-2.647840,16.927310,5.530641,-1307.114000,1,10.000000,1.987060,1
6.209214,-2.606699,16.698720,5.248194,223.853700,0,10.000000,1.833467,1
6.279212,-2.476594,18.822400,5.752849,-1343.850000,1,10.000000,1.798628,1
5.927696,-3.239117,17.469870,-9.260139,761.985500,0,10.000000,2.086054,1
5.928255,-3.184855,18.234870,6.139510,-1296.799000,1,10.000000,2.079976,1
6.228748,-2.034276,14.784670,4.156419,216.170400,0,10.000000,2.017413,0
6.036649,-2.974399,19.590960,6.309756,-1328.566000,1,10.000000,1.963518,1
6.106736,-2.819186,19.729300,5.975634,-1332.325000,1,10.000000,1.901878,1
5.899050,-1.994932,18.311900,5.489987,-1385.014000,1,10.000000,2.328981,0
6.019268,-3.234508,16.360630,6.185605,240.795900,0,10.000000,1.994566,1
5.840865,-2.740762,16.638280,5.685053,219.814000,0,10.000000,2.174642,1
5.979370,-2.698479,16.382670,5.400044,227.029200,0,10.000000,2.043003,1
6.092672,-1.839130,17.552690,5.241149,-1378.487000,1,10.000000,2.232828,0
6.009048,-2.580484,18.411770,5.866670,-1337.533000,1,10.000000,2.034670,1
5.924036,-2.027996,16.385260,4.774360,184.328700,0,10.000000,2.292252,0
5.960676,-2.941674,19.059820,-9.033882,-764.273900,1,10.000000,2.040158,1
5.817638,-3.295769,20.673620,-9.871665,-766.569100,1,10.000000,2.202313,1
6.020425,-2.055770,16.512080,4.737815,-1335.079000,1,10.000000,2.193236,0
5.844022,-2.135264,14.306500,4.269238,222.567700,0,10.000000,2.322931,0
6.076625,-2.106929,17.034300,4.992931,-1341.322000,1,10.000000,2.120601,0
5.987013,-2.034645,15.229720,4.520224,203.197600,0,10.000000,2.232493,0
6.046181,-2.162024,18.505130,5.721369,-1357.888000,1,10.000000,2.125938,0
6.132070,-2.106422,17.109230,4.993615,-1341.379000,1,10.000000,2.070663,0
6.150407,-1.948860,14.706780,4.030151,210.903500,0,10.000000,2.127414,0
5.999729,-3.311082,20.312090,-9.777170,-765.803200,1,10.000000,2.024316,1
6.253646,-2.954275,18.728630,6.173910,-1315.630000,1,10.000000,1.746953,1
6.222032,-2.304698,16.741580,5.125892,202.383100,0,10.000000,1.909087,1
6.240154,-2.117856,18.253330,5.420152,-1362.689000,1,10.000000,1.968562,0
6.270240,-2.133031,16.829290,4.866175,-1330.002000,1,10.000000,1.934866,0
5.984781,-2.217148,15.595790,4.844148,208.554000,0,10.000000,2.161935,0
6.089000,-2.131157,16.590810,4.868641,-1330.207000,1,10.000000,2.099240,0
6.182473,-2.206099,17.642370,5.433335,-1330.446000,1,10.000000,1.983352,0
6.120090,-2.788471,15.697880,5.465349,235.943500,0,10.000000,1.891774,1
6.078204,-2.905068,19.232660,-8.980049,-764.273900,1,10.000000,1.924140,1
6.110654,-2.044264,16.630810,4.752955,186.109900,0,10.000000,2.117324,0
6.112607,-2.965533,19.867590,-9.147587,-765.038200,1,10.000000,1.887708,1
6.021333,-2.682516,15.588330,5.314492,232.670900,0,10.000000,2.003976,1
6.098283,-2.895289,17.971590,5.891658,-1306.357000,1,10.000000,1.904597,1
6.036080,-2.752287,19.751640,-8.824487,-765.038200,1,10.000000,1.979480,1
5.911860,-2.771672,17.213440,5.708479,218.612900,0,10.000000,2.100586,1
6.131016,-1.972011,18.108980,5.397266,-1376.527000,1,10.000000,2.133040,0
5.911756,-2.304382,17.266360,5.296380,-1335.819000,1,10.000000,2.201056,0
6.279262,-3.227547,20.598570,6.614481,-1323.081000,1,10.000000,1.735718,1
6.014041,-2.861258,17.340970,5.871815,220.825500,0,10.000000,1.990799,1
6.247893,-1.839853,14.823080,4.157449,200.331400,0,10.000000,2.101385,0
6.031466,-2.448363,15.232630,5.010363,225.589500,0,10.000000,2.044365,1
5.898436,-2.992775,18.206260,6.117293,-1310.875000,1,10.000000,2.101576,1
6.000706,-3.130212,17.106200,-9.064192,761.224200,0,10.000000,2.003530,1
6.119852,-2.907856,18.002390,5.873230,-1305.551000,1,10.000000,1.882405,1
6.158953,-2.194844,18.682680,5.424512,-1363.816000,1,10.000000,2.009411,0
5.943639,-2.165275,18.934360,5.594453,-1378.750000,1,10.000000,2.219321,0
6.047304,-3.054285,19.187220,-9.199488,-764.273900,1,10.000000,1.953451,1
5.904602,-2.644413,15.044610,5.315419,231.834400,0,10.000000,2.125355,1
6.038573,-2.752210,15.211010,5.184358,242.806200,0,10.000000,1.977017,1
5.994348,-2.764875,15.540010,5.494764,233.478600,0,10.000000,2.019387,1
6.139822,-2.688980,14.950700,5.221671,238.924400,0,10.000000,1.886000,1
5.972524,-2.443033,18.371390,5.802204,-1347.978000,1,10.000000,2.102587,1
6.283972,-2.787525,17.237030,5.622162,225.091800,0,10.000000,1.729132,1
6.255511,-1.932317,15.957990,4.723415,205.354600,0,10.000000,2.045284,0
5.988328,-3.007329,15.101780,5.749461,243.229100,0,10.000000,2.011685,1
5.990242,-2.229021,16.905760,5.064177,-1331.482000,1,10.000000,2.152565,0
6.124117,-2.989043,14.503850,5.717913,244.362500,0,10.000000,1.875915,1
6.255089,-2.657191,18.223790,5.667109,-1320.063000,1,10.000000,1.778267,1
6.348740,-3.055396,20.857410,-9.377661,-765.803200,1,10.000000,1.652189,1
6.292824,-1.888453,14.875400,4.100961,205.022700,0,10.000000,2.037151,0
5.958235,-2.746130,18.323240,5.899195,-1324.391000,1,10.000000,2.057487,1
6.333673,-2.072157,18.398490,5.254200,-1364.610000,1,10.000000,1.907233,0
6.282705,-2.027312,16.413750,4.685770,190.940300,0,10.000000,1.973632,0
5.236629,-2.476865,16.795210,5.397501,-1329.211000,1,10.000000,2.812453,0
5.282009,-2.853843,15.435330,5.766252,228.157200,0,10.000000,2.721918,1
5.415966,-1.847230,14.930850,4.383901,183.799500,0,10.000000,2.829507,0
5.338886,-2.363364,16.013300,5.127618,203.000400,0,10.000000,2.736208,0
5.249534,-2.667933,15.421630,5.440132,223.673200,0,10.000000,2.770439,1
5.564595,-1.948317,18.956570,5.849232,-1416.468000,1,10.000000,2.652778,0
5.442715,-3.251984,15.600750,6.162498,242.740100,0,10.000000,2.569670,1
5.263053,-2.923000,18.396890,6.096687,-1326.588000,1,10.000000,2.738030,1
5.364338,-2.961039,16.708570,-8.884356,761.985500,0,10.000000,2.635950,1
5.457407,-2.024376,18.197650,5.807937,-1396.551000,1,10.000000,2.723348,0
5.512469,-1.905522,16.746850,5.148939,-1370.814000,1,10.000000,2.717663,0
5.414651,-2.040803,16.599760,5.185861,167.340900,0,10.000000,2.757551,0
5.497802,-3.064154,20.829680,-9.618494,-767.335700,1,10.000000,2.503020,1
5.163998,-3.138475,19.458250,6.542948,-1333.770000,1,10.000000,2.839381,1
5.354363,-2.077813,21.300630,-8.053375,-768.103100,1,10.000000,2.801754,1
5.162350,-2.211264,16.226120,5.427158,186.613300,0,10.000000,2.945227,0
5.248340,-2.530990,14.246900,4.905297,234.367800,0,10.000000,2.791345,0
5.449724,-1.926054,17.146800,5.240933,-1379.232000,1,10.000000,2.767177,0
5.457457,-3.207294,16.834410,-9.217135,761.985500,0,10.000000,2.550979,1
5.179698,-2.377566,16.249600,5.194736,198.160300,0,10.000000,2.888170,0
5.356050,-2.568596,16.941150,5.773666,190.261900,0,10.000000,2.678914,0
5.372146,-2.162838,18.068460,5.598147,-1379.058000,1,10.000000,2.757980,0
5.284833,-3.104788,16.600850,-9.078580,761.985500,0,10.000000,2.717188,1
5.195598,-2.953499,18.478190,-9.129354,765.038200,0,10.000000,2.804787,1
5.171448,-2.481498,14.529290,5.019844,225.556500,0,10.000000,2.875683,0
5.219766,-2.169804,16.795630,5.345940,-1356.501000,1,10.000000,2.901539,0
5.169061,-2.752261,18.867450,6.190580,-1351.104000,1,10.000000,2.841758,1
5.335042,-3.155879,18.689460,-9.435990,-765.038200,1,10.000000,2.669513,1
5.180197,-2.829003,19.645490,-9.118814,-766.569100,1,10.000000,2.824983,1
5.237343,-3.105932,19.580490,6.597185,-1338.329000,1,10.000000,2.764687,1
5.265723,-2.948850,17.814510,6.261308,-1323.733000,1,10.000000,2.734756,1
5.360128,-2.753101,16.931400,5.807578,211.071200,0,10.000000,2.651393,1
5.326539,-2.173420,18.561840,5.952753,-1393.659000,1,10.000000,2.798326,0
5.469280,-2.130095,19.402840,6.170670,-1412.613000,1,10.000000,2.676056,0
5.322109,-2.998018,19.736880,6.474895,-1343.964000,1,10.000000,2.677892,1
5.512124,-3.335061,20.180850,-9.935039,-766.569100,1,10.000000,2.510337,1
5.394191,-3.276686,17.214160,-9.373344,762.747500,0,10.000000,2.620457,1
5.283600,-2.439461,16.862310,5.450936,193.345600,0,10.000000,2.773632,0
5.897193,-3.043489,17.163840,5.915468,-1292.403000,1,10.000000,2.103257,1
5.840499,-2.968911,15.331680,5.530953,246.374700,0,10.000000,2.159725,1
5.671947,-2.073209,14.831000,4.695991,199.779300,0,10.000000,2.505747,0
5.675338,-2.386550,16.455270,5.350019,200.252300,0,10.000000,2.404241,0
5.851861,-2.820112,16.200840,5.521135,232.789000,0,10.000000,2.155658,1
5.800024,-3.170757,20.518300,6.489144,-1329.248000,1,10.000000,2.206594,1
5.872706,-1.981856,18.273160,5.509216,-1386.616000,1,10.000000,2.358388,0
5.767877,-2.784266,17.733170,-8.689426,762.747500,0,10.000000,2.242524,1
5.793356,-2.454341,15.737400,5.117785,218.133300,0,10.000000,2.273108,1
5.827805,-3.278454,17.539390,6.259499,236.865000,0,10.000000,2.189970,1
5.834034,-2.867177,15.323790,5.658122,235.707300,0,10.000000,2.170035,1
5.652713,-3.183635,17.573220,-9.244108,762.747500,0,10.000000,2.354459,1
5.667621,-2.874939,14.723180,5.316890,247.625500,0,10.000000,2.335729,1
5.674710,-2.392891,17.421040,5.517464,-1339.234000,1,10.000000,2.403238,0
5.687032,-2.122954,16.507820,4.971274,-1339.518000,1,10.000000,2.473667,0
5.798294,-2.819304,19.233200,6.258712,-1340.180000,1,10.000000,2.209109,1
5.620711,-2.767284,20.355990,-9.019268,-766.569100,1,10.000000,2.390643,1
5.667336,-2.827798,18.451960,5.865930,-1322.367000,1,10.000000,2.339011,1
5.179598,-2.937524,17.163900,5.903379,219.704100,0,10.000000,2.821094,1
5.497228,-2.062460,17.203570,5.268052,-1365.764000,1,10.000000,2.672611,0
5.242825,-2.633725,16.298160,5.621305,210.029300,0,10.000000,2.781398,1
5.184615,-3.195914,19.477450,6.766944,-1325.900000,1,10.000000,2.822194,1
5.232405,-2.755289,14.982940,5.270412,237.120900,0,10.000000,2.778393,1
5.463802,-2.473122,19.369470,6.108218,-1375.866000,1,10.000000,2.590347,0
5.460410,-1.974852,16.202330,5.169654,173.399200,0,10.000000,2.738695,0
5.459636,-2.561892,19.349700,6.226113,-1369.919000,1,10.000000,2.577865,1
5.155254,-2.977263,18.213780,6.305282,-1328.190000,1,10.000000,2.844836,1
5.326447,-3.307996,15.446860,6.088725,248.947000,0,10.000000,2.691235,1
5.294684,-2.351371,15.942220,5.383927,193.655900,0,10.000000,2.781987,0
5.254781,-3.191382,16.256320,6.015807,240.620000,0,10.000000,2.751882,1
5.299134,-1.973639,16.439320,5.279144,-1365.925000,1,10.000000,2.889307,0
5.203249,-2.742867,20.338750,-9.083014,-767.335700,1,10.000000,2.808547,1
5.390893,-3.142496,20.536050,6.645268,-1343.137000,1,10.000000,2.612995,1
5.149197,-2.746832,19.595490,-8.986280,-766.569100,1,10.000000,2.862022,1
6.073076,-3.017786,19.037770,6.156858,-1314.962000,1,10.000000,1.927006,1
6.200221,-1.964094,17.212700,4.958466,-1354.202000,1,10.000000,2.076610,0
6.015605,-2.572410,14.437730,5.041843,237.316300,0,10.000000,2.029940,1
5.832819,-3.110190,17.562280,6.185395,-1299.892000,1,10.000000,2.169981,1
6.073812,-2.035155,17.515260,5.193705,-1358.808000,1,10.000000,2.154327,0
6.016243,-2.469556,15.609630,5.038511,223.996900,0,10.000000,2.053451,1
5.831199,-2.980413,17.072180,6.003075,-1299.759000,1,10.000000,2.168890,1
5.958463,-2.546166,15.935800,5.265686,221.630300,0,10.000000,2.091373,1
5.800136,-3.170046,17.013750,6.045439,238.129400,0,10.000000,2.206427,1
6.153441,-3.272177,19.128640,6.389447,-1302.617000,1,10.000000,1.866510,1
5.851757,-3.000875,15.328760,5.790272,240.561300,0,10.000000,2.148244,1
5.765575,-2.491918,17.037700,5.548486,200.263000,0,10.000000,2.291462,1
5.843760,-2.647355,17.636180,5.681161,-1321.240000,1,10.000000,2.184886,1
5.871911,-2.565395,17.185390,5.446435,-1316.698000,1,10.000000,2.172014,1
6.018962,-2.924139,17.593200,-8.834494,761.985500,0,10.000000,1.982490,1
5.838758,-2.429923,14.605210,4.980611,227.317100,0,10.000000,2.235164,1
6.102888,-2.189234,15.347410,4.812290,215.956100,0,10.000000,2.063099,0
6.192449,-2.140478,17.668340,5.281227,-1350.342000,1,10.000000,2.001504,0
6.043705,-2.593975,19.035940,5.945528,-1344.899000,1,10.000000,1.997986,1
6.197173,-2.952439,17.091830,5.971161,223.788300,0,10.000000,1.803454,1
6.078309,-2.324797,14.543390,4.796394,233.228100,0,10.000000,2.036860,1
6.083512,-2.299258,19.122260,5.872139,-1370.394000,1,10.000000,2.040580,0
5.959902,-2.405309,18.924070,5.944366,-1369.481000,1,10.000000,2.125008,1
6.075247,-3.072606,20.285180,6.551097,-1333.689000,1,10.000000,1.926122,1
6.204310,-2.037181,16.742540,4.992293,181.941400,0,10.000000,2.037528,0
6.032986,-2.368743,16.938580,5.374082,-1325.729000,1,10.000000,2.065825,1
6.123055,-2.230570,14.257910,4.596143,228.529400,0,10.000000,2.028533,0
5.995060,-2.193056,16.912270,5.112778,-1335.535000,1,10.000000,2.161236,0
6.178699,-2.869094,18.633170,6.004010,-1317.285000,1,10.000000,1.825999,1
5.971032,-2.190425,15.590750,4.634753,210.203800,0,10.000000,2.184519,0
6.023843,-2.762596,19.599780,6.064055,-1339.735000,1,10.000000,1.990366,1
6.136392,-2.283779,15.773650,5.006413,212.947100,0,10.000000,1.996499,0
5.701383,-2.776387,17.418910,5.774311,213.858900,0,10.000000,2.309469,1
5.679516,-3.286145,19.211400,-9.633365,-765.038200,1,10.000000,2.338060,1
5.688353,-2.108853,15.640140,4.813651,196.061600,0,10.000000,2.477469,0
5.765645,-3.319382,17.250880,-9.368607,761.985500,0,10.000000,2.257066,1
5.761501,-2.063063,15.340570,4.559251,200.708800,0,10.000000,2.426670,0
5.591245,-1.954815,17.337880,5.421832,-1378.573000,1,10.000000,2.625741,0
5.797585,-1.858169,16.679530,4.882870,-1363.636000,1,10.000000,2.480808,0
5.813382,-2.014657,17.153550,5.222175,-1361.179000,1,10.000000,2.398374,0
5.736529,-2.494066,16.997350,5.545502,200.512500,0,10.000000,2.319325,1
5.549447,-2.433975,16.285150,5.285931,205.606700,0,10.000000,2.515073,0
5.762253,-3.157400,19.941030,-9.537041,-765.803200,1,10.000000,2.243275,1
5.628803,-1.970062,18.457190,5.891415,-1382.535000,1,10.000000,2.585217,0
5.819020,-1.995215,15.819280,4.726920,187.516000,0,10.000000,2.401305,0
5.785419,-1.887450,15.381800,4.552158,185.546400,0,10.000000,2.478334,0
5.536445,-2.611153,20.894080,-8.863492,-767.335700,1,10.000000,2.494054,1
5.671301,-2.619752,14.760150,5.067366,236.697600,0,10.000000,2.359540,1
5.486758,-3.226028,19.980540,6.709966,-1331.881000,1,10.000000,2.523385,1
6.236333,-2.848691,18.909050,-8.833532,-763.510300,1,10.000000,1.770146,1
6.070169,-2.569301,19.803300,-8.547233,-765.038200,1,10.000000,1.977309,1
6.280812,-2.359152,20.040750,5.905344,-1373.933000,1,10.000000,1.834746,1
6.294458,-2.789414,17.251240,5.619307,225.323500,0,10.000000,1.718493,1
6.120178,-3.285680,16.493400,6.118273,246.461000,0,10.000000,1.901406,1
6.284118,-3.271653,15.842120,6.075363,248.550900,0,10.000000,1.737252,1
6.311901,-2.614742,17.288810,5.575368,213.113000,0,10.000000,1.731503,1
6.111588,-2.604713,19.750540,6.037600,-1353.372000,1,10.000000,1.929340,1
6.189309,-3.328182,18.318490,-9.444867,762.747500,0,10.000000,1.840192,1
6.290892,-1.927347,14.861520,4.281549,205.768100,0,10.000000,2.017829,0
6.091516,-2.904679,14.480990,5.514603,245.471400,0,10.000000,1.910863,1
6.085584,-2.219223,14.227010,4.363189,229.793300,0,10.000000,2.067511,0
6.003816,-3.284853,20.973910,-9.854057,-766.569100,1,10.000000,2.016406,1
5.454118,-2.830326,14.844080,5.410631,240.528900,0,10.000000,2.551530,1
5.609835,-3.054449,14.619090,5.690294,248.197200,0,10.000000,2.390785,1
5.787264,-1.879821,19.304480,5.956258,-1425.383000,1,10.000000,2.480122,0
5.447335,-2.620763,19.987670,6.261957,-1373.687000,1,10.000000,2.580682,1
5.597893,-3.168752,16.732860,6.047237,237.978300,0,10.000000,2.408027,1
5.584513,-2.090424,15.118840,4.524952,203.563100,0,10.000000,2.581067,0
5.573415,-2.556814,17.784460,5.634879,-1333.984000,1,10.000000,2.466724,1
5.445369,-2.933534,17.038840,5.836548,224.546600,0,10.000000,2.555495,1
5.616138,-1.962705,16.890840,5.069516,-1364.205000,1,10.000000,2.599765,0
5.489435,-2.325165,14.961720,4.959625,214.740400,0,10.000000,2.599680,0
5.703235,-2.100309,17.000570,5.103213,-1351.270000,1,10.000000,2.466693,0
5.608910,-2.917713,16.778290,5.793405,227.402800,0,10.000000,2.392505,1
5.485093,-2.480313,19.507970,-8.479091,-765.803200,1,10.000000,2.568041,1
5.416606,-2.826677,18.072060,5.867628,-1322.510000,1,10.000000,2.589201,1
5.496465,-2.800364,18.775750,6.005042,-1334.790000,1,10.000000,2.511482,1
5.724924,-3.311354,17.392420,6.212497,240.819400,0,10.000000,2.296283,1
5.544643,-3.220881,17.134870,6.341746,229.945000,0,10.000000,2.465272,1
5.677750,-3.041259,19.208720,-9.262322,-765.038200,1,10.000000,2.322617,1
5.497151,-3.299549,17.067030,6.229362,-1287.620000,1,10.000000,2.520710,1
5.855100,-2.797507,17.638510,5.744142,-1310.634000,1,10.000000,2.154437,1
5.594500,-2.641294,18.355330,5.873832,-1338.897000,1,10.000000,2.432098,1
5.790927,-3.153289,18.032920,6.185928,-1300.700000,1,10.000000,2.214385,1
5.518896,-2.501327,16.708130,5.274636,-1318.183000,1,10.000000,2.530722,1
5.797496,-3.121769,20.514080,6.570790,-1336.110000,1,10.000000,2.205867,1
5.782221,-2.344425,14.564610,4.565716,230.253100,0,10.000000,2.312644,0
5.707736,-3.225785,21.179570,-9.887879,-767.335700,1,10.000000,2.303357,1
5.871838,-1.859898,15.500750,4.368080,185.113400,0,10.000000,2.414313,0
5.673075,-2.544096,17.405760,5.560440,-1326.995000,1,10.000000,2.371166,1
5.897775,-3.216703,18.425400,-9.359264,763.510300,0,10.000000,2.113364,1
5.745642,-2.698755,15.242030,5.293986,234.387600,0,10.000000,2.274397,1
5.610116,-3.178245,16.281830,5.986303,242.337900,0,10.000000,2.396521,1
5.568357,-2.798615,17.954800,-8.761994,-763.510300,1,10.000000,2.439968,1
5.660293,-2.354020,17.412930,5.323260,-1338.825000,1,10.000000,2.427245,0
5.767337,-2.071908,17.089600,5.142659,-1354.556000,1,10.000000,2.417879,0
5.600616,-2.937045,18.924330,6.074741,-1324.747000,1,10.000000,2.400209,1
5.673839,-2.599468,18.105490,-8.477498,763.510300,0,10.000000,2.360393,1
5.567153,-2.361309,15.460260,4.979735,213.821600,0,10.000000,2.515287,0
6.037323,-3.027381,16.415480,5.836238,238.222000,0,10.000000,1.962868,1
6.020812,-3.267492,17.304510,6.224834,-1286.477000,1,10.000000,1.997183,1
5.858024,-2.716575,14.986740,5.227336,239.208200,0,10.000000,2.160646,1
5.886518,-2.617854,15.433020,5.120072,233.048600,0,10.000000,2.147753,1
5.905015,-2.787558,17.709810,5.758354,-1311.825000,1,10.000000,2.105729,1
6.099369,-1.874763,16.616790,4.972349,-1350.696000,1,10.000000,2.208745,0
6.032838,-3.197519,17.322480,6.310433,229.949700,0,10.000000,1.977054,1
6.008542,-3.108598,18.583640,-9.204830,-763.510300,1,10.000000,1.994417,1
5.772522,-2.388560,19.879940,5.993979,-1382.105000,1,10.000000,2.309874,0
5.766114,-2.378318,19.947060,-8.319722,-765.803200,1,10.000000,2.318779,1
5.749001,-3.016321,17.457710,6.014989,225.517100,0,10.000000,2.251058,1
6.096250,-3.049191,18.497160,6.034328,-1303.909000,1,10.000000,1.904385,1
6.002422,-2.763875,19.121210,-8.772412,-764.273900,1,10.000000,2.011485,1
5.902410,-3.215031,19.990750,6.634668,-1324.780000,1,10.000000,2.108583,1
5.964855,-2.430745,14.406720,4.671629,236.503400,0,10.000000,2.113260,1
5.851241,-3.021272,17.100030,5.946325,230.501400,0,10.000000,2.148864,1
5.978184,-2.603023,17.319500,5.663949,-1319.036000,1,10.000000,2.060420,1
6.033255,-2.249929,16.951630,5.280907,-1333.765000,1,10.000000,2.104921,0
5.794554,-3.230718,16.401830,-9.151649,760.463700,0,10.000000,2.217481,1
5.799684,-2.069025,17.134530,5.146664,-1354.889000,1,10.000000,2.389165,0
5.776874,-3.208123,17.466630,6.359970,228.411600,0,10.000000,2.232847,1
5.621588,-2.739043,15.067660,5.531769,240.722300,0,10.000000,2.392685,1
5.648755,-2.508834,21.081270,-8.692960,-767.335700,1,10.000000,2.401999,1
5.617678,-3.305047,18.025260,-9.485472,-763.510300,1,10.000000,2.401772,1
5.821149,-1.877206,14.308760,4.110379,204.240500,0,10.000000,2.451134,0
5.436611,-2.400618,16.132670,5.331008,201.840600,0,10.000000,2.632532,0
5.712823,-2.594628,17.449130,5.756486,-1327.546000,1,10.000000,2.322823,1
5.622637,-2.550491,18.398370,6.018326,-1339.386000,1,10.000000,2.419486,1
5.765472,-2.204484,19.946060,-8.048107,-765.803200,1,10.000000,2.371911,1
5.653519,-2.828516,19.006990,6.244319,-1338.972000,1,10.000000,2.352739,1
5.627892,-2.628961,18.039850,-8.519632,763.510300,0,10.000000,2.400951,1
5.811444,-2.865027,17.793680,-8.801595,762.747500,0,10.000000,2.192714,1
5.630068,-2.806000,18.395480,5.898958,-1325.135000,1,10.000000,2.377859,1
5.747722,-2.852290,21.246220,-9.265387,-767.335700,1,10.000000,2.257117,1
6.109248,-2.227443,20.483200,-8.083981,-765.803200,1,10.000000,2.042495,1
6.198853,-2.574805,17.639470,5.433365,-1315.604000,1,10.000000,1.850654,1
5.960197,-2.623309,16.357440,5.498954,218.748800,0,10.000000,2.074293,1
6.022879,-2.710503,14.430650,5.160092,243.322000,0,10.000000,1.998203,1
6.104533,-2.206547,19.166370,5.767360,-1377.420000,1,10.000000,2.054839,0
6.005752,-2.763263,14.776480,5.131836,246.444800,0,10.000000,2.008250,1
6.072573,-2.966220,17.920050,6.085835,-1307.471000,1,10.000000,1.927723,1
5.972242,-3.063668,15.481950,5.712029,247.131100,0,10.000000,2.028757,1
6.061172,-2.456540,14.507200,4.905538,232.831900,0,10.000000,2.013555,1
6.151903,-2.105865,18.138820,5.206046,-1360.599000,1,10.000000,2.053032,0
6.220417,-3.251166,20.030950,-9.580364,-765.038200,1,10.000000,1.797220,1
6.210772,-2.184003,16.739110,5.037644,-1328.509000,1,10.000000,1.966517,0
6.130538,-2.630165,17.531100,5.626251,-1315.880000,1,10.000000,1.905693,1
6.257772,-3.201367,17.634440,6.314075,-1289.640000,1,10.000000,1.753826,1
6.258396,-3.103362,17.916760,-9.076687,761.985500,0,10.000000,1.744669,1
5.738601,-3.198094,17.692510,-9.264190,762.747500,0,10.000000,2.270059,1
5.841764,-3.136381,18.884960,-9.320217,-764.273900,1,10.000000,2.162541,1
5.744479,-2.799582,18.008890,5.820591,-1317.804000,1,10.000000,2.264408,1
5.516414,-2.227113,17.219420,5.264069,-1349.674000,1,10.000000,2.601068,0
5.782044,-2.553632,15.301980,5.200282,226.340500,0,10.000000,2.262426,1
5.536316,-2.424829,16.732320,5.380883,198.435700,0,10.000000,2.529933,0
5.787767,-1.887404,14.625380,4.395440,197.057500,0,10.000000,2.476256,0
5.562697,-2.508306,16.289930,5.447968,207.907500,0,10.000000,2.486405,1
5.824350,-2.001914,15.030570,4.559986,199.888700,0,10.000000,2.393664,0
5.885877,-1.856381,14.385880,4.134955,202.199500,0,10.000000,2.403619,0
5.783111,-2.506614,17.562950,5.613986,-1331.473000,1,10.000000,2.271129,1
5.696021,-2.336241,14.843380,4.632902,225.409100,0,10.000000,2.397686,0
5.714590,-2.440920,16.508320,5.276546,206.390800,0,10.000000,2.352800,0
5.801180,-2.847145,19.872900,6.319500,-1346.045000,1,10.000000,2.204127,1
5.800242,-2.731632,17.072350,5.485324,221.413100,0,10.000000,2.216067,1
5.824052,-2.751681,14.944630,5.184472,242.796700,0,10.000000,2.190071,1
5.808489,-2.714473,15.320920,5.274383,236.028700,0,10.000000,2.210033,1
5.889965,-1.879402,15.921360,4.651958,178.031200,0,10.000000,2.389139,0
5.841733,-3.214622,17.559280,6.350687,-1297.828000,1,10.000000,2.168912,1
5.708035,-3.212628,16.870100,6.301035,232.607500,0,10.000000,2.301806,1
5.943403,-2.609208,16.804400,5.311614,-1304.660000,1,10.000000,2.093396,1
5.859974,-2.279126,17.194430,5.331457,-1338.746000,1,10.000000,2.258178,0
5.690299,-2.492104,15.605280,5.069373,222.178100,0,10.000000,2.364884,1
5.801647,-2.412854,14.961990,4.792587,227.923300,0,10.000000,2.275412,1
5.888132,-2.445886,18.260130,5.540928,-1341.958000,1,10.000000,2.183353,1
5.655213,-3.035041,18.078880,-9.099748,-763.510300,1,10.000000,2.345048,1
5.799243,-3.275506,15.642020,6.098602,247.355400,0,10.000000,2.217934,1
5.770452,-2.767976,16.543120,5.648277,222.895800,0,10.000000,2.241588,1
5.677417,-2.776427,18.467230,5.943766,-1328.890000,1,10.000000,2.333318,1
5.971975,-2.741516,17.296930,5.750364,215.103000,0,10.000000,2.044431,1
6.051312,-2.512379,19.193120,-8.402565,-764.273900,1,10.000000,2.008770,1
6.117970,-2.417966,20.496840,-8.381673,-765.803200,1,10.000000,1.969975,1
6.066256,-2.333823,18.522080,5.705727,-1355.726000,1,10.000000,2.045277,1
5.855695,-2.242274,19.377840,6.076716,-1389.154000,1,10.000000,2.274245,0
5.847267,-2.322699,15.423780,4.712190,219.557000,0,10.000000,2.256767,0
5.832950,-2.955851,16.599240,5.974621,229.267200,0,10.000000,2.167500,1
5.989152,-2.840312,16.381480,5.494555,235.016300,0,10.000000,2.017179,1
6.009425,-2.038133,16.486110,4.991041,182.045800,0,10.000000,2.210787,0
6.030124,-3.229942,15.523140,6.127394,244.173300,0,10.000000,1.983251,1
6.006383,-3.196913,18.349760,6.121776,-1295.308000,1,10.000000,2.003318,1
5.939418,-2.869196,15.057210,5.617766,238.333500,0,10.000000,2.064730,1
6.076200,-2.691986,17.968240,5.617403,-1315.902000,1,10.000000,1.948301,1
6.023263,-2.963252,17.338950,6.026910,223.735100,0,10.000000,1.977079,1
5.766160,-2.778617,19.830510,6.148072,-1347.542000,1,10.000000,2.244783,1
5.903815,-2.716271,16.737340,5.438166,224.598900,0,10.000000,2.115300,1
6.346133,-3.151767,19.065910,-9.266499,-763.510300,1,10.000000,1.660816,1
6.312093,-2.748633,16.375470,5.280038,236.315000,0,10.000000,1.706522,1
6.369844,-2.891796,20.890390,-9.122034,-765.803200,1,10.000000,1.633743,1
6.286282,-2.345201,18.294710,5.585592,-1344.926000,1,10.000000,1.834555,1
6.212578,-2.589750,15.052870,5.062417,236.353200,0,10.000000,1.833898,1
6.228374,-2.928338,20.548060,6.481522,-1336.708000,1,10.000000,1.773075,1
6.056415,-2.681919,19.055200,5.812281,-1333.744000,1,10.000000,1.969441,1
6.174221,-3.023962,17.803010,-8.969388,761.985500,0,10.000000,1.825937,1
6.288849,-1.920114,14.162720,3.938708,216.985100,0,10.000000,2.023411,0
6.140680,-2.670094,18.605340,5.734892,-1326.501000,1,10.000000,1.888362,1
6.390265,-2.833040,18.403030,5.693379,-1306.380000,1,10.000000,1.618371,1
6.055315,-2.497357,17.453150,5.280149,-1318.643000,1,10.000000,2.008594,1
6.051484,-3.197549,20.392950,-9.599773,-765.803200,1,10.000000,1.958505,1
6.199952,-2.886783,20.624940,-9.114202,-765.803200,1,10.000000,1.803605,1
5.600391,-2.741391,14.655340,5.195134,241.904100,0,10.000000,2.413504,1
5.577886,-3.215508,14.546280,6.117906,244.212600,0,10.000000,2.431683,1
5.633200,-2.881826,18.047440,-8.880868,763.510300,0,10.000000,2.369748,1
5.595344,-2.536587,17.816710,5.664623,-1336.471000,1,10.000000,2.448902,1
5.715817,-1.905889,15.688020,4.832992,178.488100,0,10.000000,2.532700,0
5.668737,-2.689694,18.454080,6.075179,-1339.902000,1,10.000000,2.351824,1
5.370671,-3.237129,16.717130,-9.257454,761.985500,0,10.000000,2.640000,1
5.593281,-2.566092,18.366730,5.722904,-1342.110000,1,10.000000,2.445521,1
5.495465,-2.858688,15.312310,5.420921,240.426400,0,10.000000,2.508519,1
5.354537,-2.289756,18.593450,6.013776,-1382.993000,1,10.000000,2.739146,0
5.511337,-2.714676,15.766840,5.378732,228.813200,0,10.000000,2.504966,1
5.529641,-2.073730,16.749240,5.358329,-1361.964000,1,10.000000,2.638304,0
5.657831,-3.209293,17.821480,6.417779,-1304.236000,1,10.000000,2.351502,1
5.397676,-2.102881,18.684620,5.830291,-1399.180000,1,10.000000,2.752620,0
5.361897,-2.849982,15.123600,5.728641,241.471300,0,10.000000,2.642365,1
5.508063,-2.676462,17.868670,-8.587489,763.510300,0,10.000000,2.512852,1
5.501239,-1.892488,17.737830,5.421647,-1395.034000,1,10.000000,2.733202,0
5.341441,-2.852938,15.513930,5.767494,228.053000,0,10.000000,2.662623,1
5.324214,-3.008252,17.606030,-9.061477,763.510300,0,10.000000,2.675799,1
6.453870,-2.700763,20.271700,6.160669,-1347.831000,1,10.000000,1.574821,1
6.444931,-2.870975,18.466790,5.925917,-1309.971000,1,10.000000,1.560412,1
6.413403,-3.070409,17.880810,5.878079,-1289.263000,1,10.000000,1.588158,1
6.325769,-1.959432,16.045900,4.688792,189.929100,0,10.000000,1.971251,0
6.407557,-2.968274,17.374760,5.963819,-1295.700000,1,10.000000,1.592759,1
6.251524,-2.213824,18.806910,5.634638,-1365.578000,1,10.000000,1.917092,0
6.158995,-3.164007,19.766950,6.316990,-1313.246000,1,10.000000,1.848296,1
6.255059,-3.220965,20.559540,6.625097,-1323.974000,1,10.000000,1.758876,1
6.111338,-2.405466,19.865670,-8.298999,-765.038200,1,10.000000,1.980029,1
6.157983,-2.186245,17.620470,5.217662,-1345.042000,1,10.000000,2.013759,0
6.323018,-2.569619,14.444440,5.011144,239.127100,0,10.000000,1.731328,1
6.353998,-2.223384,16.927570,4.985827,-1324.188000,1,10.000000,1.820015,0
6.418492,-2.727823,20.966400,-8.865826,-765.803200,1,10.000000,1.604758,1
5.357954,-2.727496,15.147660,5.306532,234.097000,0,10.000000,2.656062,1
5.550468,-3.205448,18.456580,-9.421786,764.273900,0,10.000000,2.458132,1
5.791015,-2.134611,20.630680,-7.998825,-766.569100,1,10.000000,2.372449,1
5.380444,-3.168802,18.550460,6.309498,-1312.616000,1,10.000000,2.624990,1
5.612368,-3.044835,17.262610,5.973528,-1298.041000,1,10.000000,2.388053,1
5.389295,-2.539229,16.515090,5.482775,205.758400,0,10.000000,2.651054,0
5.563841,-2.587966,16.291480,5.340319,216.910400,0,10.000000,2.470758,1
5.567869,-2.666647,18.482170,-8.629430,764.273900,0,10.000000,2.454870,1
5.306837,-2.413947,18.506270,6.072643,-1372.125000,1,10.000000,2.756191,0
5.359412,-2.874558,17.656310,-8.870485,763.510300,0,10.000000,2.643566,1
5.579059,-3.196730,17.185310,6.365044,-1300.434000,1,10.000000,2.428921,1
5.593434,-2.225800,17.317420,5.506431,-1354.114000,1,10.000000,2.528032,0
5.532638,-3.119907,19.410000,6.474805,-1327.276000,1,10.000000,2.470274,1
5.393479,-3.042884,20.655810,-9.583044,-767.335700,1,10.000000,2.606874,1
5.404690,-3.248337,16.448790,6.251440,236.780200,0,10.000000,2.607164,1
5.424063,-1.948800,15.312930,4.786425,182.564200,0,10.000000,2.782170,0
5.311502,-3.294166,18.105160,-9.552254,-764.273900,1,10.000000,2.704543,1
5.560612,-1.993260,17.294120,5.366911,-1373.999000,1,10.000000,2.638966,0
5.512810,-2.153252,17.732470,5.485679,-1368.916000,1,10.000000,2.627375,0
5.452555,-2.374718,20.754260,-8.469432,-767.335700,1,10.000000,2.623062,1
5.953032,-2.716962,17.284560,5.505700,-1305.788000,1,10.000000,2.066443,1
5.808285,-3.184090,16.853020,-9.135085,761.224200,0,10.000000,2.199433,1
6.126606,-3.115291,21.171950,-9.580571,-766.569100,1,10.000000,1.876939,1
5.958840,-2.614101,15.923430,5.448202,225.188100,0,10.000000,2.077318,1
5.948763,-1.985962,14.806890,4.503751,205.363000,0,10.000000,2.288197,0
5.987642,-2.294660,14.824030,4.627167,225.129100,0,10.000000,2.132391,0
5.903848,-3.096415,14.588980,5.922559,243.896900,0,10.000000,2.098368,1
5.740657,-2.491145,17.003080,5.549560,-1325.322000,1,10.000000,2.315937,1
5.896197,-3.176125,17.911390,-9.233677,-762.747500,1,10.000000,2.111163,1
5.989560,-2.747141,16.839210,5.676432,220.536400,0,10.000000,2.026279,1
6.034725,-3.022011,18.979660,6.150457,-1314.425000,1,10.000000,1.965398,1
5.870610,-2.682853,18.760380,6.091755,-1330.359000,1,10.000000,2.152878,1
5.826062,-2.429535,20.687200,-8.474509,-766.569100,1,10.000000,2.247540,1
5.844875,-2.007551,16.721130,5.127226,-1352.508000,1,10.000000,2.372660,0
5.774034,-2.570161,14.898030,5.129386,231.510600,0,10.000000,2.267088,1
5.689657,-3.331161,17.148190,-9.384524,761.985500,0,10.000000,2.333957,1
5.980468,-2.792906,20.176170,6.125025,-1345.610000,1,10.000000,2.030122,1
5.782507,-2.029936,14.604170,4.456451,207.746200,0,10.000000,2.420393,0
5.898302,-3.086001,17.655820,6.219950,-1302.796000,1,10.000000,2.103457,1
5.775022,-3.035877,19.182170,6.213698,-1320.500000,1,10.000000,2.225268,1
5.863019,-2.936198,19.958020,6.468267,-1342.641000,1,10.000000,2.137933,1
5.858121,-2.112610,17.215690,5.086128,-1349.847000,1,10.000000,2.318427,0
5.720627,-2.643150,14.444770,4.996285,241.884000,0,10.000000,2.307137,1
5.881175,-2.842816,20.776100,-9.141094,-766.569100,1,10.000000,2.124648,1
5.889340,-3.317258,20.651510,6.557914,-1319.088000,1,10.000000,2.134371,1
5.821637,-2.511683,18.712720,5.805345,-1349.005000,1,10.000000,2.232425,1
5.898197,-2.645339,18.426010,-8.543029,763.510300,0,10.000000,2.131516,1
5.650106,-2.500141,15.963060,5.388401,212.127800,0,10.000000,2.402470,1
5.948807,-2.627938,16.798140,5.557536,-1309.365000,1,10.000000,2.084664,1
5.626543,-2.540935,15.510040,5.272361,221.072100,0,10.000000,2.417445,1
5.869156,-2.540040,18.784720,5.762378,-1345.411000,1,10.000000,2.179922,1
5.772305,-3.065868,18.020770,6.009803,-1301.850000,1,10.000000,2.228668,1
5.806262,-1.855243,17.656150,5.342091,-1387.650000,1,10.000000,2.474461,0
5.855397,-2.642137,17.148960,5.609623,-1314.488000,1,10.000000,2.174255,1
5.747922,-2.414639,18.601470,5.958503,-1350.555000,1,10.000000,2.326908,0
5.628975,-2.550958,15.935250,5.321536,217.719900,0,10.000000,2.413172,1
5.588630,-3.108117,15.809750,6.036698,237.340900,0,10.000000,2.413793,1
5.854378,-3.101529,18.691200,6.334086,-1313.917000,1,10.000000,2.148023,1
5.733232,-1.897455,14.930980,4.458397,192.582000,0,10.000000,2.520683,0
5.693791,-3.166254,17.363660,6.105302,-1293.160000,1,10.000000,2.312193,1
5.836131,-2.036930,18.771470,5.788916,-1394.965000,1,10.000000,2.368508,0
5.637671,-2.281187,17.904190,5.535576,-1357.310000,1,10.000000,2.469269,0
5.904642,-2.872940,20.039770,6.277894,-1342.554000,1,10.000000,2.099207,1
5.841437,-2.726057,17.129570,5.493066,220.764900,0,10.000000,2.175877,1
5.783463,-2.431029,16.601390,5.289911,205.274200,0,10.000000,2.288398,1
5.889558,-1.903266,16.792880,5.040666,-1361.042000,1,10.000000,2.378401,0
5.762570,-2.908212,20.584800,-9.246572,-766.569100,1,10.000000,2.239312,1
5.771699,-2.061538,14.590930,4.418782,210.880800,0,10.000000,2.417858,0
5.712227,-2.039955,18.025730,5.652292,-1382.809000,1,10.000000,2.481046,0
5.675164,-2.262069,16.467730,5.264502,191.575300,0,10.000000,2.439140,0
5.662159,-3.202128,16.352160,5.954030,245.050400,0,10.000000,2.346563,1
5.524141,-2.601615,16.237830,5.321873,218.453100,0,10.000000,2.507705,1
5.708298,-2.593380,15.209250,5.150527,230.501600,0,10.000000,2.327496,1
5.715089,-1.974650,18.041370,5.519813,-1387.499000,1,10.000000,2.504428,0
5.752598,-2.372930,20.568720,-8.383211,-766.569100,1,10.000000,2.333245,1
5.768865,-2.871955,18.030470,5.999803,-1316.932000,1,10.000000,2.234806,1
5.662572,-2.892205,18.089390,-8.895695,763.510300,0,10.000000,2.339912,1
5.581824,-2.601356,16.302480,5.601514,223.234100,0,10.000000,2.450814,1
5.748406,-2.231672,17.550830,5.257557,-1349.131000,1,10.000000,2.379076,0
5.510250,-2.601673,18.397430,-8.533879,-764.273900,1,10.000000,2.521412,1
5.617987,-2.405826,15.122910,4.858897,223.147700,0,10.000000,2.455001,0
5.913455,-2.157438,14.760810,4.304888,220.358600,0,10.000000,2.250240,0
6.146637,-2.419583,19.217900,5.689829,-1355.162000,1,10.000000,1.942122,1
6.076250,-2.960634,18.161460,-8.934382,-762.747500,1,10.000000,1.924153,1
6.036755,-2.134855,14.535980,4.270663,222.449200,0,10.000000,2.145416,0
6.055048,-3.173871,15.167900,5.854436,250.380900,0,10.000000,1.952709,1
6.058639,-2.600045,16.946990,5.599943,220.899700,0,10.000000,1.982132,1
6.067552,-2.331767,18.523990,5.708750,-1355.979000,1,10.000000,2.044723,1
6.018525,-2.397533,16.931720,5.081441,206.854500,0,10.000000,2.071040,1
6.042346,-2.764570,16.910550,5.652880,-1301.461000,1,10.000000,1.971760,1
5.857109,-2.636256,17.655250,5.697015,-1322.567000,1,10.000000,2.173544,1
5.991271,-2.242806,19.589590,6.077635,-1387.970000,1,10.000000,2.146703,0
5.723160,-2.427071,18.006080,5.812027,-1351.846000,1,10.000000,2.347817,0
5.478273,-3.292442,21.514270,-10.147570,-768.103100,1,10.000000,2.538627,1
5.582447,-2.699849,17.249910,5.879549,-1318.421000,1,10.000000,2.436114,1
5.617835,-3.196317,15.848180,5.920645,247.095200,0,10.000000,2.390241,1
5.589542,-2.362572,17.311860,5.311042,-1337.805000,1,10.000000,2.493315,0
5.484611,-3.102551,16.575530,6.139184,230.250000,0,10.000000,2.517479,1
5.712459,-2.333902,18.560050,5.819648,-1366.009000,1,10.000000,2.382547,0
5.839737,-1.834700,17.212190,5.031483,-1376.753000,1,10.000000,2.454518,0
5.605197,-2.808372,19.556800,6.382037,-1351.290000,1,10.000000,2.402458,1
5.611057,-3.134123,21.018430,-9.735110,-767.335700,1,10.000000,2.392705,1
5.763638,-2.730114,17.007580,5.766200,213.775900,0,10.000000,2.252589,1
5.614919,-2.421476,18.412270,5.686960,-1354.923000,1,10.000000,2.454242,0
5.560597,-2.865250,17.943720,-8.857187,763.510300,0,10.000000,2.443121,1
5.462470,-2.165790,20.100760,-8.049114,-766.569100,1,10.000000,2.671135,1
5.525889,-2.974102,18.978630,-9.160570,-765.038200,1,10.000000,2.474246,1
5.606457,-2.420634,16.362190,5.303959,204.100500,0,10.000000,2.462664,0
5.432288,-2.969913,17.005350,6.080559,-1307.028000,1,10.000000,2.567888,1
5.527562,-2.215647,20.879280,-8.204312,-767.335700,1,10.000000,2.593870,1
5.731399,-2.746762,19.142840,6.088795,-1341.808000,1,10.000000,2.282691,1
5.669294,-2.607863,16.420420,5.584664,212.334800,0,10.000000,2.363464,1
5.608240,-3.011909,20.335880,-9.413824,-766.569100,1,10.000000,2.391789,1
5.573009,-2.048124,14.720530,4.502944,204.635500,0,10.000000,2.606982,0
5.528278,-3.039146,14.906590,5.740810,244.714500,0,10.000000,2.472032,1
5.555239,-2.950919,16.689010,6.043840,236.794400,0,10.000000,2.445254,1
5.771388,-3.065993,18.244850,-9.143964,-763.510300,1,10.000000,2.229589,1
5.524529,-2.546946,18.418430,-8.453399,764.273900,0,10.000000,2.516588,1
6.007025,-2.684487,16.419060,5.418455,225.487800,0,10.000000,2.017795,1
5.823311,-2.046527,17.669400,5.290815,-1367.660000,1,10.000000,2.376360,0
5.752119,-2.146616,16.147550,4.848299,193.936000,0,10.000000,2.404419,0
5.697010,-3.070697,18.453360,6.383770,-1309.740000,1,10.000000,2.304075,1
5.909791,-2.769834,16.731420,5.645766,223.106100,0,10.000000,2.102843,1
6.054637,-3.182266,19.198010,-9.387694,-764.273900,1,10.000000,1.953883,1
5.840408,-1.934273,16.726470,4.998765,-1357.555000,1,10.000000,2.408238,0
6.016140,-2.923694,17.343890,5.785098,228.099600,0,10.000000,1.985327,1
5.800498,-2.850428,16.118770,5.770898,227.767500,0,10.000000,2.204582,1
5.786795,-2.322527,18.672680,5.836884,-1367.449000,1,10.000000,2.314572,0
5.750665,-2.870992,19.791420,6.281037,-1342.818000,1,10.000000,2.253032,1
5.815233,-2.647790,19.923240,6.087567,-1358.321000,1,10.000000,2.212975,1
6.015774,-2.859305,20.219020,6.299888,-1344.400000,1,10.000000,1.989208,1
5.845896,-2.360013,17.162290,5.470905,190.914400,0,10.000000,2.247164,0
6.100893,-1.844460,18.077050,5.357495,-1388.932000,1,10.000000,2.223034,0
5.829648,-2.347199,14.247020,4.768212,228.442000,0,10.000000,2.266401,0
6.287380,-1.828333,15.246900,4.027380,196.158900,0,10.000000,2.075059,0
5.967973,-2.897350,18.893240,6.045039,-1321.491000,1,10.000000,2.034618,1
6.017874,-2.814534,18.983070,5.886027,-1324.051000,1,10.000000,1.990784,1
5.972139,-2.236920,17.870450,5.250060,-1348.506000,1,10.000000,2.166682,0
6.079277,-2.735076,15.248070,5.475665,229.589100,0,10.000000,1.938907,1
6.216194,-2.966911,17.859730,-8.892293,761.985500,0,10.000000,1.784113,1
6.166937,-2.053307,14.711920,4.134141,218.022400,0,10.000000,2.063092,0
6.217922,-2.046363,16.319070,4.893766,189.388100,0,10.000000,2.021194,0
6.308086,-3.280629,20.645070,6.528863,-1315.878000,1,10.000000,1.715029,1
5.961200,-2.931016,17.267580,5.774928,228.952700,0,10.000000,2.039967,1
6.338658,-3.129763,19.055240,-9.235065,-763.510300,1,10.000000,1.666402,1
6.252732,-3.056720,20.079900,-9.285748,-765.038200,1,10.000000,1.748189,1
6.184350,-2.643785,15.806410,5.087802,235.747500,0,10.000000,1.850264,1
5.760112,-2.691379,18.764880,-8.665801,-764.273900,1,10.000000,2.261049,1
5.610913,-2.815738,17.515160,-8.733138,762.747500,0,10.000000,2.396183,1
5.879685,-3.293370,17.613500,6.238189,-1288.363000,1,10.000000,2.140514,1
5.631739,-3.023246,17.290280,6.004370,-1300.630000,1,10.000000,2.368376,1
5.763793,-2.606461,16.099800,5.518394,221.374200,0,10.000000,2.270572,1
5.725580,-2.056166,14.909420,4.493695,205.405200,0,10.000000,2.462480,0
5.705472,-2.348055,14.841950,4.871155,221.365700,0,10.000000,2.385349,0
5.625521,-2.247094,16.400640,5.284739,189.886200,0,10.000000,2.490987,0
5.763690,-2.641231,19.840110,6.098147,-1359.207000,1,10.000000,2.264906,1
5.745520,-2.640315,18.207900,-8.535852,763.510300,0,10.000000,2.282992,1
5.699691,-3.189369,16.402880,5.971272,243.601200,0,10.000000,2.308091,1
5.652056,-3.113248,15.468500,5.991124,240.410900,0,10.000000,2.350673,1
5.990546,-1.870031,19.016710,5.816164,-1412.949000,1,10.000000,2.305371,0
6.098700,-2.102226,15.366180,4.437856,210.051800,0,10.000000,2.102603,0
6.246066,-2.411503,21.364630,-8.445427,-766.569100,1,10.000000,1.850030,1
5.971156,-2.900980,15.096210,5.579057,241.580400,0,10.000000,2.031259,1
5.869197,-2.948543,18.178010,5.887173,-1307.484000,1,10.000000,2.131424,1
5.841555,-2.272088,18.756540,5.910407,-1368.659000,1,10.000000,2.277881,0
6.195752,-1.885380,18.759170,5.432099,-1395.904000,1,10.000000,2.120775,0
6.058544,-2.242827,14.547010,4.385979,228.651700,0,10.000000,2.083882,0
6.011414,-2.781732,16.868750,5.629688,224.453600,0,10.000000,2.000529,1
6.156909,-2.526864,18.096940,5.585058,-1329.054000,1,10.000000,1.902851,1
6.034973,-3.224459,16.840210,6.238832,237.078900,0,10.000000,1.977805,1
6.119987,-2.936569,17.729720,-8.851290,761.985500,0,10.000000,1.881083,1
5.930583,-2.343655,17.292500,5.241834,-1331.266000,1,10.000000,2.171007,0
6.181943,-2.896053,17.084760,5.763932,-1294.858000,1,10.000000,1.821026,1
5.846369,-2.665370,18.172530,5.741838,-1327.083000,1,10.000000,2.179473,1
6.075660,-2.226741,15.709390,4.832157,209.553900,0,10.000000,2.073889,0
6.080092,-3.259273,19.017500,6.408999,-1304.262000,1,10.000000,1.937336,1
5.407361,-2.192016,15.267850,4.947752,200.675000,0,10.000000,2.715625,0
5.476442,-3.178144,18.903710,-9.469726,-765.038200,1,10.000000,2.529838,1
5.336758,-2.522212,15.984610,5.429175,209.479100,0,10.000000,2.705761,0
5.683575,-3.294969,19.637780,6.505735,-1313.932000,1,10.000000,2.335130,1
5.597404,-2.648382,17.284240,5.679693,-1321.117000,1,10.000000,2.428189,1
5.473931,-2.510802,15.326930,5.045252,224.193400,0,10.000000,2.573002,1
5.352500,-2.231910,21.297420,-8.319060,-768.103100,1,10.000000,2.756667,1
5.304821,-2.765532,18.095330,-8.774850,-764.273900,1,10.000000,2.705359,1
5.405073,-3.091795,17.465490,6.276361,220.246400,0,10.000000,2.596550,1
5.501788,-2.042070,20.836320,-7.915018,-767.335700,1,10.000000,2.675574,1
5.485710,-2.216312,19.417920,6.275909,-1395.325000,1,10.000000,2.633595,0
5.535032,-2.111286,14.293240,4.356662,216.050200,0,10.000000,2.620283,0
5.545280,-2.404063,17.755940,5.602433,-1347.096000,1,10.000000,2.526022,0
5.406017,-2.665547,18.069750,5.837085,-1335.821000,1,10.000000,2.615455,1
5.393380,-2.324281,19.268420,6.097655,-1390.767000,1,10.000000,2.692780,0
5.568968,-2.554006,18.329890,5.741217,-1343.642000,1,10.000000,2.471604,1
5.454640,-1.948977,17.658350,5.557567,-1390.643000,1,10.000000,2.753817,0
5.610827,-2.164886,17.876610,5.468567,-1367.490000,1,10.000000,2.530921,0
5.548075,-2.824659,17.186440,5.988555,215.711900,0,10.000000,2.458187,1
5.493664,-2.019876,18.252580,5.814756,-1397.120000,1,10.000000,2.691164,0
5.528443,-2.805827,16.216080,5.597128,227.182100,0,10.000000,2.479172,1
5.504122,-2.896588,17.122770,5.889328,-1306.902000,1,10.000000,2.498020,1
5.684775,-2.026839,15.647170,4.686376,190.889900,0,10.000000,2.511436,0
5.500506,-2.291049,16.231700,5.225340,194.843900,0,10.000000,2.598092,0
5.411407,-2.405541,18.669660,6.085776,-1373.223000,1,10.000000,2.655973,0
5.577177,-2.888987,16.996190,-8.786990,761.985500,0,10.000000,2.425365,1
5.550352,-2.297904,21.638550,-8.432842,-768.103100,1,10.000000,2.548277,1
5.363276,-2.447778,14.784590,5.064375,221.836000,0,10.000000,2.693931,0
5.574431,-2.070686,20.281350,-7.895720,-766.569100,1,10.000000,2.597500,1
5.571045,-2.940157,19.047040,-9.109138,-765.038200,1,10.000000,2.429692,1
5.406044,-3.172744,20.562170,6.593116,-1338.754000,1,10.000000,2.599702,1
5.608208,-2.539214,19.103360,-8.501646,-765.038200,1,10.000000,2.435774,1
5.499668,-2.730447,18.381870,-8.723252,764.273900,0,10.000000,2.514820,1
5.485364,-2.358605,15.772280,5.054961,208.303400,0,10.000000,2.595145,0
5.574214,-2.825820,18.883070,6.248532,-1339.326000,1,10.000000,2.432031,1
5.689996,-2.990973,20.350020,6.486637,-1344.950000,1,10.000000,2.310022,1
5.491259,-3.324417,15.586730,-9.228656,759.704000,0,10.000000,2.529630,1
5.671846,-1.842816,16.968220,5.236029,-1378.061000,1,10.000000,2.599880,0
5.289571,-2.988796,18.423650,6.287263,-1326.677000,1,10.000000,2.710452,1
5.399417,-2.938771,16.755980,-8.854266,761.985500,0,10.000000,2.601303,1
5.597949,-2.703690,16.778960,5.786357,206.600900,0,10.000000,2.420258,1
5.443233,-3.122598,15.617520,6.017551,238.950100,0,10.000000,2.559704,1
5.592257,-2.522169,20.310100,-8.623920,-766.569100,1,10.000000,2.454699,1
5.518955,-2.897025,18.968120,-9.043786,-765.038200,1,10.000000,2.483181,1
5.450562,-2.514564,14.881070,5.256605,234.444000,0,10.000000,2.595243,0
5.623490,-2.033020,18.449290,5.794840,-1395.459000,1,10.000000,2.565706,0
5.629230,-2.994679,18.365280,6.191870,-1317.902000,1,10.000000,2.370776,1
5.400614,-2.478318,17.029470,5.395425,-1329.037000,1,10.000000,2.651219,0
5.399496,-2.404954,14.438410,5.046513,218.348500,0,10.000000,2.667715,0
5.576118,-2.115298,16.812330,5.316201,-1353.258000,1,10.000000,2.580292,0
5.634967,-2.142956,19.670080,6.149927,-1410.882000,1,10.000000,2.515533,0
5.559394,-2.134943,18.925670,6.012875,-1398.677000,1,10.000000,2.589379,0
5.597618,-2.300475,15.511770,4.808704,212.269200,0,10.000000,2.502154,0
5.746018,-2.517850,14.877480,4.924675,232.748700,0,10.000000,2.304973,1
5.801538,-3.135332,15.661060,5.962896,242.783500,0,10.000000,2.202623,1
5.700529,-2.993279,16.419320,5.930027,231.108000,0,10.000000,2.299481,1
5.760813,-2.561045,17.031080,5.452476,-1317.203000,1,10.000000,2.281806,1
5.978617,-3.147902,20.933260,-9.633169,-766.569100,1,10.000000,2.026787,1
5.769202,-2.810249,18.241730,-8.778615,-763.510300,1,10.000000,2.238853,1
5.854093,-3.171158,17.592660,6.098299,234.449300,0,10.000000,2.152722,1
5.592452,-3.267910,20.156690,6.640161,-1326.008000,1,10.000000,2.422409,1
5.834491,-3.024755,21.390830,-9.552829,-767.335700,1,10.000000,2.165650,1
5.766646,-2.843824,17.512150,5.677973,-1305.088000,1,10.000000,2.238808,1
5.609498,-2.339146,17.327880,5.594242,-1345.648000,1,10.000000,2.480167,0
5.815596,-2.802310,19.274400,6.002003,-1334.535000,1,10.000000,2.193332,1
5.764764,-2.679946,19.841840,6.035701,-1353.979000,1,10.000000,2.258033,1
5.580266,-3.057906,19.061020,-9.287546,-765.038200,1,10.000000,2.420426,1
5.918652,-2.863680,17.208490,5.868451,-1304.388000,1,10.000000,2.085807,1
5.681345,-2.418098,21.135590,-8.541732,-767.335700,1,10.000000,2.390558,1
5.927123,-2.411945,20.198630,-8.372265,-765.803200,1,10.000000,2.154676,1
5.987758,-2.890734,17.304470,5.830877,-1301.236000,1,10.000000,2.015207,1
5.927687,-3.297562,17.682080,6.232201,239.161700,0,10.000000,2.093568,1
6.107758,-1.976369,16.200660,4.526960,188.401000,0,10.000000,2.151371,0
6.004371,-2.236287,17.394990,5.390956,-1343.713000,1,10.000000,2.136772,0
5.927061,-2.978553,15.853210,5.558021,244.863800,0,10.000000,2.073050,1
5.873097,-2.863474,14.599270,5.297503,248.491900,0,10.000000,2.131280,1
6.201605,-1.875316,15.503120,4.485597,190.320900,0,10.000000,2.121117,0
5.925743,-2.928774,15.851510,5.621841,239.510400,0,10.000000,2.075480,1
5.879151,-2.379123,16.730700,5.360055,-1324.557000,1,10.000000,2.209861,0
6.150999,-2.954283,16.579960,5.634247,239.230200,0,10.000000,1.849566,1
6.177005,-1.957793,15.463180,4.595903,188.329400,0,10.000000,2.099882,0
6.093783,-2.368593,17.020740,5.374284,198.224900,0,10.000000,2.008068,1
6.022393,-2.492634,19.016890,5.834205,-1351.418000,1,10.000000,2.041654,1
6.076353,-1.977594,17.518790,5.273650,-1365.467000,1,10.000000,2.178470,0
6.041547,-3.018592,15.569100,5.768415,242.396500,0,10.000000,1.958541,1
6.101407,-3.098389,16.945730,6.094216,233.267600,0,10.000000,1.901141,1
6.050902,-2.624669,16.949670,5.290719,221.058500,0,10.000000,1.984907,1
5.913341,-2.214034,20.177100,-8.063029,-765.803200,1,10.000000,2.229774,1
6.040674,-2.933133,16.893850,5.713824,233.316400,0,10.000000,1.960467,1
6.079603,-3.153370,19.642900,6.333612,-1314.643000,1,10.000000,1.926512,1
6.236049,-3.201382,19.464780,-9.415807,-764.273900,1,10.000000,1.775409,1
5.889649,-3.122243,20.140090,-9.482108,-765.803200,1,10.000000,2.113889,1
6.022022,-2.826191,17.876960,5.703162,-1307.199000,1,10.000000,1.985600,1
5.947845,-3.011257,21.579750,-9.530332,-767.335700,1,10.000000,2.052186,1
6.060147,-3.226856,20.245160,6.615593,-1323.175000,1,10.000000,1.953073,1
5.900928,-2.982668,17.169030,5.999942,225.999500,0,10.000000,2.099144,1
6.116955,-2.443095,19.874190,-8.356011,-765.038200,1,10.000000,1.963670,1
5.929617,-2.674797,15.885120,5.374699,228.390400,0,10.000000,2.095768,1
5.904827,-3.135075,17.159160,6.094011,234.046800,0,10.000000,2.099523,1
6.153230,-2.420635,17.589020,5.387669,-1327.599000,1,10.000000,1.935517,1
5.644426,-2.805912,19.620070,6.386004,-1351.623000,1,10.000000,2.363557,1
5.455214,-2.944311,20.089060,-9.304795,-766.569100,1,10.000000,2.545396,1
5.555698,-2.282247,14.670740,4.698450,219.943700,0,10.000000,2.547504,0
5.620760,-2.078119,16.418270,5.031864,179.406500,0,10.000000,2.551597,0
5.387664,-2.795415,14.374560,5.412867,239.582500,0,10.000000,2.620335,1
5.554492,-2.622489,16.731030,5.636911,-1316.772000,1,10.000000,2.474475,1
5.372558,-2.341091,17.001880,5.341729,186.654300,0,10.000000,2.708803,0
5.697890,-2.631329,16.472620,5.281719,221.811300,0,10.000000,2.331444,1
5.616136,-3.226072,19.712720,-9.644341,-765.803200,1,10.000000,2.394560,1
5.696457,-2.491905,17.965400,5.730334,-1341.967000,1,10.000000,2.358913,1
5.506026,-2.332026,14.982530,4.951063,215.455000,0,10.000000,2.581878,0
5.490003,-2.531632,16.654960,5.493328,-1320.619000,1,10.000000,2.553322,1
5.572168,-2.127276,15.491180,4.790032,198.029000,0,10.000000,2.579926,0
5.699708,-3.110432,18.676040,-9.282056,-764.273900,1,10.000000,2.302942,1
5.433128,-2.581162,18.284020,-8.503716,-764.273900,1,10.000000,2.600819,1
5.609724,-2.416591,15.935910,4.978664,214.671500,0,10.000000,2.460444,1
5.415994,-3.200807,16.966810,6.055942,238.009400,0,10.000000,2.591797,1
5.481266,-3.000609,18.141090,6.182885,-1317.148000,1,10.000000,2.518734,1
5.500499,-3.006490,19.532040,-9.301244,-765.803200,1,10.000000,2.499510,1
5.502293,-1.886070,17.739380,5.431084,-1395.819000,1,10.000000,2.734846,0
5.224651,-2.549912,17.977440,-8.457761,-764.273900,1,10.000000,2.811608,1
5.223380,-2.715464,17.242570,5.944292,200.378200,0,10.000000,2.791161,1
5.171724,-2.193603,17.753020,5.786974,-1379.057000,1,10.000000,2.940990,0
5.122936,-2.358154,17.134840,5.669945,-1352.737000,1,10.000000,2.947790,0
5.421134,-3.081636,16.041760,5.810625,241.133900,0,10.000000,2.580158,1
5.354964,-2.698712,18.719650,-8.743312,-765.038200,1,10.000000,2.662140,1
5.144102,-3.279493,15.200900,6.125684,245.837400,0,10.000000,2.869542,1
5.243827,-3.186187,18.551260,-9.481912,-765.038200,1,10.000000,2.762454,1
5.098762,-2.317095,18.331460,-8.165102,765.038200,0,10.000000,2.980527,1
5.279957,-2.998148,16.594140,-8.934460,761.985500,0,10.000000,2.720044,1
5.399226,-2.607534,20.665380,-8.857460,-767.335700,1,10.000000,2.630220,1
5.125637,-2.568061,17.658180,5.719920,-1341.860000,1,10.000000,2.906636,0
5.254281,-2.748718,15.427660,5.333809,232.574000,0,10.000000,2.757193,1
5.439967,-2.572712,19.437450,-8.623465,-765.803200,1,10.000000,2.595447,1
5.213521,-2.997299,20.245310,6.594202,-1354.750000,1,10.000000,2.786480,1
5.320993,-3.111274,18.457570,6.399387,-1320.171000,1,10.000000,2.681316,1
5.247420,-2.091660,20.412370,-7.997667,-767.335700,1,10.000000,2.898582,1
5.360846,-1.902994,14.109910,4.149335,201.762700,0,10.000000,2.858068,0
5.624246,-2.940233,17.294380,5.826977,-1301.671000,1,10.000000,2.376506,1
5.389505,-2.171680,16.553150,5.237892,-1346.729000,1,10.000000,2.738758,0
5.605886,-3.077889,20.332080,-9.520244,-766.569100,1,10.000000,2.395380,1
5.577019,-3.146352,19.481590,6.432153,-1323.691000,1,10.000000,2.427397,1
5.398983,-2.187277,18.097350,5.796557,-1379.857000,1,10.000000,2.725033,0
5.279538,-2.321774,16.388270,5.272224,191.692800,0,10.000000,2.803731,0
5.359558,-2.331744,16.970820,5.604817,-1346.532000,1,10.000000,2.723693,0
5.384531,-2.907579,15.152280,5.648407,237.281900,0,10.000000,2.617101,1
5.560421,-1.879028,14.362060,4.181008,199.132300,0,10.000000,2.684794,0
5.364873,-3.186136,17.406370,6.137625,231.907400,0,10.000000,2.641693,1
5.320349,-2.275138,16.927230,5.436534,-1348.263000,1,10.000000,2.775960,0
5.317308,-3.248768,15.870400,6.205982,239.842700,0,10.000000,2.694202,1
5.438313,-3.189015,16.511230,6.019095,240.343700,0,10.000000,2.568651,1
5.387191,-2.734747,19.979350,-8.966789,-766.569100,1,10.000000,2.626238,1
5.569993,-2.931571,18.485290,-9.019025,-764.273900,1,10.000000,2.430971,1
5.451262,-2.461349,21.467700,-8.714645,-768.103100,1,10.000000,2.605036,1
5.931462,-2.340906,18.323860,5.695312,-1354.856000,1,10.000000,2.171003,0
5.886272,-3.027438,14.583700,5.696176,246.945200,0,10.000000,2.113906,1
5.908538,-1.951531,17.285720,5.309848,-1368.483000,1,10.000000,2.339551,0
5.824166,-2.562544,16.192090,5.306293,218.994800,0,10.000000,2.219374,1
5.931985,-2.279097,18.337000,5.538648,-1357.566000,1,10.000000,2.190066,0
6.015822,-2.503568,21.693040,-8.684183,-767.335700,1,10.000000,2.045337,1
5.931679,-1.965333,15.564620,4.454803,193.639700,0,10.000000,2.312680,0
6.108891,-2.482336,17.514530,5.561794,-1326.345000,1,10.000000,1.960681,1
5.909763,-2.632767,18.442530,-8.525069,763.510300,0,10.000000,2.122252,1
6.106373,-2.859532,18.526810,6.018074,-1318.465000,1,10.000000,1.898830,1
5.947116,-2.949008,16.311690,5.641187,238.648100,0,10.000000,2.053517,1
5.749238,-2.436875,16.555190,5.282239,206.648100,0,10.000000,2.320137,1
6.057205,-2.464650,17.967460,5.414951,-1330.669000,1,10.000000,2.015205,1
5.916882,-3.079973,20.833680,-9.523605,-766.569100,1,10.000000,2.084652,1
5.975900,-2.467150,15.559140,5.041509,223.746300,0,10.000000,2.093063,1
5.232056,-3.193406,21.089760,-9.976815,-768.103100,1,10.000000,2.774693,1
5.348737,-2.162546,14.052880,4.533600,217.112400,0,10.000000,2.780382,0
5.402483,-2.040624,14.890450,4.587023,198.397700,0,10.000000,2.769025,0
5.230574,-2.481244,16.773610,5.650229,-1334.504000,1,10.000000,2.817592,0
5.524204,-2.413886,18.858550,5.819824,-1366.788000,1,10.000000,2.544228,0
5.486642,-2.819106,19.365580,6.364724,-1349.838000,1,10.000000,2.519859,1
5.284620,-2.404653,17.911810,5.712450,-1357.052000,1,10.000000,2.779879,0
5.334296,-2.088028,19.894030,-7.923691,-766.569100,1,10.000000,2.817387,1
5.548070,-2.163764,20.913450,-8.117842,-767.335700,1,10.000000,2.590608,1
5.502702,-3.122043,16.600650,6.112112,232.525500,0,10.000000,2.500278,1
5.466747,-2.047591,16.210140,5.073118,175.970100,0,10.000000,2.706373,0
5.586051,-3.293081,18.268960,6.357776,-1299.952000,1,10.000000,2.431676,1
5.478461,-2.747642,17.617680,5.896973,-1324.204000,1,10.000000,2.534136,1
5.501378,-2.844796,17.133190,5.676583,222.048500,0,10.000000,2.503438,1
5.451392,-3.004097,17.032640,6.031725,224.093500,0,10.000000,2.548611,1
5.497035,-2.966479,17.357000,-8.942501,762.747500,0,10.000000,2.503190,1
6.211787,-3.124521,17.585490,6.108668,232.814900,0,10.000000,1.792543,1
6.209257,-3.178061,17.581980,6.034309,239.065000,0,10.000000,1.799574,1
6.052466,-2.400610,17.449190,5.414521,-1329.870000,1,10.000000,2.037684,1
6.027829,-2.846511,16.418100,5.784867,239.250100,0,10.000000,1.978135,1
5.964586,-2.182355,20.910630,-8.075831,-766.569100,1,10.000000,2.193502,1
5.898228,-2.753168,20.803600,-8.996501,-766.569100,1,10.000000,2.116217,1
6.189698,-2.741525,19.984400,-8.808180,-765.038200,1,10.000000,1.828662,1
6.075342,-2.914599,14.830330,5.530159,244.924000,0,10.000000,1.926552,1
5.881904,-2.727945,15.810830,5.581489,227.649800,0,10.000000,2.135496,1
6.043591,-2.745760,19.181760,-8.745773,-764.273900,1,10.000000,1.972859,1
6.202420,-2.087106,16.740050,4.926603,187.413300,0,10.000000,2.016102,0
6.127250,-2.522372,19.175770,5.789146,-1347.650000,1,10.000000,1.932698,1
6.248958,-1.958503,18.277470,5.416563,-1378.135000,1,10.000000,2.037367,0
5.960296,-2.442187,19.527300,6.028518,-1368.434000,1,10.000000,2.114604,1
6.262287,-1.901842,16.841400,4.718855,-1349.240000,1,10.000000,2.055626,0
6.111869,-2.356877,15.344520,4.861471,222.173900,0,10.000000,1.994654,1
6.347697,-2.815227,18.538470,-8.732429,-762.747500,1,10.000000,1.662602,1
6.117263,-3.099927,17.259570,-9.024343,761.224200,0,10.000000,1.885387,1
6.449367,-1.990153,16.211730,4.423779,196.218900,0,10.000000,1.850474,0
6.130539,-2.311099,15.380290,4.664680,222.759400,0,10.000000,1.992353,1
6.205431,-2.444541,18.166320,5.702878,-1322.782000,1,10.000000,1.878567,1
6.336991,-2.557105,19.493560,5.736522,-1343.249000,1,10.000000,1.720975,1
6.421881,-3.295724,17.363060,6.142529,-1278.790000,1,10.000000,1.605588,1
6.076705,-2.370990,21.794510,-8.463218,-767.335700,1,10.000000,2.023541,1
6.369637,-1.934656,16.101840,4.709949,186.669100,0,10.000000,1.947573,0
6.185113,-2.187212,15.448380,4.809730,212.022900,0,10.000000,1.988577,0
6.393294,-3.117089,18.362960,6.175539,-1299.063000,1,10.000000,1.610967,1
6.350984,-1.950317,14.585580,3.965253,215.536400,0,10.000000,1.954761,0
6.416101,-2.789027,19.586440,5.924674,-1327.290000,1,10.000000,1.597888,1
6.113476,-2.785281,20.378490,6.397584,-1360.065000,1,10.000000,1.898704,1
6.200511,-2.257177,18.184670,5.461606,-1350.372000,1,10.000000,1.946779,0
6.277503,-2.585668,14.391410,4.992807,240.660600,0,10.000000,1.771629,1
6.247140,-2.049525,15.176250,4.203262,213.033700,0,10.000000,1.993971,0
6.129791,-2.242665,21.177090,-8.173105,-766.569100,1,10.000000,2.017730,1
6.248299,-2.894784,18.185810,5.892486,-1307.151000,1,10.000000,1.754858,1
6.392781,-2.415210,19.590840,5.696454,-1355.716000,1,10.000000,1.710302,1
5.837339,-2.038574,16.710940,5.085302,174.955200,0,10.000000,2.366736,0
5.706914,-2.209882,19.156180,5.895782,-1388.904000,1,10.000000,2.425393,0
5.802513,-2.497548,18.121370,5.722034,-1341.273000,1,10.000000,2.254197,1
5.793812,-2.054177,16.652120,5.064218,176.711600,0,10.000000,2.400385,0
5.726338,-1.921535,17.530860,5.469375,-1382.534000,1,10.000000,2.516470,0
5.683282,-2.048406,14.496750,4.203012,213.054400,0,10.000000,2.504539,0
5.601546,-2.668019,19.578590,6.054941,-1355.590000,1,10.000000,2.421320,1
5.621437,-1.944570,17.381010,5.436468,-1379.792000,1,10.000000,2.602210,0
5.800030,-2.105629,17.636140,5.206384,-1360.627000,1,10.000000,2.374820,0
5.713356,-2.063925,16.543400,5.051044,177.808900,0,10.000000,2.470825,0
5.663570,-2.027275,14.473190,4.228134,210.966000,0,10.000000,2.530829,0
5.565609,-2.384791,18.923250,5.865284,-1370.587000,1,10.000000,2.510924,0
5.661753,-1.849592,15.639650,4.473674,177.103500,0,10.000000,2.605923,0
5.515025,-2.290194,17.723820,5.522330,-1356.204000,1,10.000000,2.584362,0
5.659390,-2.063227,15.212930,4.559047,200.725900,0,10.000000,2.521110,0
5.674088,-1.954201,15.633470,4.779500,183.140500,0,10.000000,2.550209,0
5.423976,-2.495372,18.110200,5.830057,-1351.071000,1,10.000000,2.624985,0
5.457030,-2.364274,18.173040,5.773631,-1362.164000,1,10.000000,2.621229,0
5.531384,-2.061720,15.052220,4.560790,200.580800,0,10.000000,2.640916,0
5.727355,-1.911562,16.126460,4.927563,171.579800,0,10.000000,2.519844,0
5.499094,-2.228287,16.229910,5.309771,202.843400,0,10.000000,2.617264,0
5.381678,-2.370594,18.058870,5.764056,-1361.364000,1,10.000000,2.692909,0
5.348975,-2.497312,18.572110,5.942384,-1361.231000,1,10.000000,2.698264,0
5.385061,-2.250853,15.652650,4.949684,201.274500,0,10.000000,2.720134,0
5.365285,-2.246483,16.519510,5.133997,-1338.066000,1,10.000000,2.740348,0
5.546471,-2.018989,15.888460,4.786211,183.342500,0,10.000000,2.642383,0
5.367735,-2.036570,14.103620,4.213611,212.173400,0,10.000000,2.803037,0
5.450325,-2.445079,19.347730,6.153447,-1379.648000,1,10.000000,2.609364,0
5.537669,-2.196515,19.513150,6.063541,-1403.672000,1,10.000000,2.590109,0
5.318498,-2.282503,15.552710,5.155097,199.945600,0,10.000000,2.775835,0
5.563556,-2.426713,17.769840,5.827178,-1331.132000,1,10.000000,2.502981,0
5.682275,-2.222367,17.969780,5.622075,-1364.529000,1,10.000000,2.444701,0
5.773249,-2.386828,19.235120,6.115016,-1358.962000,1,10.000000,2.309632,0
5.706908,-2.243386,18.006000,5.591164,-1361.949000,1,10.000000,2.414692,0
5.726724,-2.310511,18.022770,5.740011,-1358.591000,1,10.000000,2.375538,0
5.791099,-1.920486,18.164090,5.380472,-1391.608000,1,10.000000,2.458576,0
5.647375,-2.524225,18.448690,5.786339,-1347.415000,1,10.000000,2.400251,1
5.509343,-2.591858,18.226310,5.948735,-1345.168000,1,10.000000,2.523877,1
5.720959,-2.507953,19.784240,6.052038,-1371.167000,1,10.000000,2.331553,1
5.838624,-1.985862,16.724050,4.929049,172.217600,0,10.000000,2.387471,0
5.822819,-2.387357,19.325140,5.861275,-1370.251000,1,10.000000,2.261736,1
5.662240,-2.537463,18.471210,5.766281,-1345.738000,1,10.000000,2.383078,1
5.865801,-1.965998,14.360430,4.007239,212.806200,0,10.000000,2.371490,0
5.785094,-2.043076,17.604780,5.510334,-1375.970000,1,10.000000,2.412781,0
5.864744,-1.961239,15.877900,4.770479,183.891300,0,10.000000,2.374519,0
5.769279,-2.319182,19.241480,5.967799,-1379.151000,1,10.000000,2.332301,0
5.815958,-2.315289,19.949990,6.112156,-1391.978000,1,10.000000,2.288858,0
5.651352,-2.235822,19.069360,5.855250,-1385.521000,1,10.000000,2.469841,0
5.955108,-1.915605,16.426140,4.922245,172.022500,0,10.000000,2.314626,0
5.742196,-2.212871,18.057900,5.636039,-1365.695000,1,10.000000,2.391078,0
5.378732,-2.163767,15.243190,4.743249,201.926100,0,10.000000,2.751423,0
5.497266,-2.291285,19.435980,6.150874,-1395.213000,1,10.000000,2.601145,0
5.329010,-2.136696,15.590820,4.861352,192.848600,0,10.000000,2.807042,0
5.377971,-2.035502,17.545600,5.430324,-1380.044000,1,10.000000,2.793796,0
5.307312,-2.117174,16.920700,5.421127,-1362.770000,1,10.000000,2.833717,0
5.318505,-1.959040,15.188800,4.549176,186.554000,0,10.000000,2.876458,0
5.518241,-1.921615,15.047780,4.509441,189.097600,0,10.000000,2.705927,0
5.478933,-1.881470,16.248920,4.851383,-1361.019000,1,10.000000,2.758059,0
5.357592,-2.067905,17.004080,5.260274,-1365.116000,1,10.000000,2.801986,0
5.463805,-2.075109,15.352250,4.856913,192.458000,0,10.000000,2.699575,0
5.361876,-2.223321,16.502630,5.408965,180.279700,0,10.000000,2.750078,0
5.351973,-2.372224,16.959990,5.546989,-1341.700000,1,10.000000,2.721424,0
5.394488,-2.080937,15.676980,4.934720,186.737200,0,10.000000,2.762855,0
5.405518,-1.912609,17.083650,5.260139,-1380.831000,1,10.000000,2.813140,0
5.391900,-2.720761,19.226870,6.241387,-1355.361000,1,10.000000,2.623006,1
5.408711,-2.267581,18.101430,5.903009,-1378.363000,1,10.000000,2.692808,0
5.616123,-2.420667,17.860120,5.578014,-1345.056000,1,10.000000,2.453262,0
5.668272,-2.280504,16.470660,4.994606,198.290100,0,10.000000,2.440211,0
5.512642,-2.103471,17.214030,5.440702,-1364.402000,1,10.000000,2.643996,0
5.628829,-2.358962,17.878810,5.668759,-1352.638000,1,10.000000,2.456295,0
5.716637,-2.180168,17.495040,5.553355,-1364.893000,1,10.000000,2.426081,0
5.532807,-2.139432,15.041800,4.698274,204.912600,0,10.000000,2.612971,0
5.528962,-2.005025,16.758520,5.235551,163.201800,0,10.000000,2.663832,0
5.601574,-1.933169,15.151990,4.495008,190.297400,0,10.000000,2.624990,0
5.414834,-2.532561,18.675010,5.887307,-1356.625000,1,10.000000,2.627086,0
5.583980,-2.054647,15.517950,4.650723,193.856700,0,10.000000,2.594387,0
5.618232,-2.549036,18.992820,5.861566,-1354.472000,1,10.000000,2.424085,1
6.128764,-2.368897,19.190820,5.766624,-1361.578000,1,10.000000,1.974795,1
6.113201,-1.910887,19.202550,5.754261,-1407.792000,1,10.000000,2.178573,0
6.185256,-1.932316,16.740040,4.678757,176.542300,0,10.000000,2.105527,0
6.170438,-1.935132,18.710990,5.577928,-1392.339000,1,10.000000,2.116894,0
6.113945,-2.015610,15.384770,4.543487,201.261700,0,10.000000,2.127493,0
6.194076,-1.895226,14.758220,4.092627,205.714800,0,10.000000,2.117047,0
6.006935,-2.340118,17.398540,5.246747,-1331.676000,1,10.000000,2.099465,1
5.957961,-2.399919,19.536300,5.841647,-1368.612000,1,10.000000,2.128385,1
6.261900,-1.926051,18.856450,5.372288,-1390.927000,1,10.000000,2.043124,0
5.747675,-2.283416,19.207720,6.023683,-1383.821000,1,10.000000,2.363569,0
5.488285,-2.315006,19.421490,6.112614,-1392.016000,1,10.000000,2.603446,0
5.704857,-2.024851,15.672920,4.688925,190.677700,0,10.000000,2.493712,0
5.513423,-1.906188,17.755750,5.401497,-1393.357000,1,10.000000,2.716521,0
5.528444,-2.014791,14.665940,4.543531,201.258000,0,10.000000,2.660682,0
5.481230,-2.139819,15.374590,4.773951,199.368500,0,10.000000,2.661600,0
5.628763,-2.292171,18.445510,5.637626,-1366.592000,1,10.000000,2.474629,0
5.426158,-2.344577,18.705360,5.928117,-1375.836000,1,10.000000,2.655982,0
5.464674,-2.019389,15.364990,4.695927,190.095100,0,10.000000,2.718359,0
5.420410,-2.669035,19.929310,6.451277,-1373.717000,1,10.000000,2.600735,1
5.528484,-2.336940,19.486330,6.077238,-1389.061000,1,10.000000,2.558914,0
5.542094,-2.260064,18.886510,6.060171,-1386.869000,1,10.000000,2.566867,0
5.832242,-1.908609,19.374760,5.911277,-1421.636000,1,10.000000,2.426996,0
5.396364,-2.296667,17.549320,5.512810,-1355.409000,1,10.000000,2.696961,0
5.508127,-2.085686,19.465500,6.242297,-1418.592000,1,10.000000,2.654317,0
5.458877,-2.653681,20.006910,6.207092,-1369.094000,1,10.000000,2.564614,1
5.393859,-2.245552,18.089590,5.708261,-1372.487000,1,10.000000,2.713146,0
5.358166,-2.337116,16.485820,5.497772,191.621500,0,10.000000,2.723729,0
5.256197,-2.189877,18.451930,5.927039,-1391.512000,1,10.000000,2.860900,0
5.310047,-2.285820,17.962590,5.647251,-1367.395000,1,10.000000,2.783146,0
5.383080,-2.359493,19.251800,6.040861,-1386.021000,1,10.000000,2.694164,0
5.278584,-2.313331,17.363740,5.735863,-1358.244000,1,10.000000,2.806710,0
5.442025,-2.125546,14.556810,4.407788,212.554000,0,10.000000,2.703314,0
5.347132,-2.634680,17.980530,5.883854,-1339.736000,1,10.000000,2.677903,1
5.447026,-1.882454,14.969710,4.339882,187.455200,0,10.000000,2.786859,0
5.520655,-1.915592,16.294360,5.024008,164.315400,0,10.000000,2.706122,0
5.412222,-2.056448,18.129180,5.759343,-1392.499000,1,10.000000,2.754430,0
5.598478,-1.942683,18.422670,5.706083,-1403.779000,1,10.000000,2.623971,0
5.508507,-2.202070,15.397530,4.934864,201.749700,0,10.000000,2.616148,0
5.588091,-2.465744,17.806040,5.768806,-1345.185000,1,10.000000,2.470371,0
5.668974,-2.603647,19.058960,6.039266,-1353.512000,1,10.000000,2.364483,1
5.578536,-2.184083,15.099080,4.642487,209.559700,0,10.000000,2.555232,0
5.756572,-1.979089,18.102370,5.513285,-1386.955000,1,10.000000,2.464798,0
5.599000,-2.129453,15.525580,4.787241,198.261500,0,10.000000,2.553949,0
5.584189,-2.394878,19.563650,6.234417,-1386.420000,1,10.000000,2.490444,0
5.623171,-2.175466,16.877680,5.232634,179.204900,0,10.000000,2.515785,0
5.685926,-1.868069,14.873140,4.494199,189.605800,0,10.000000,2.576083,0
5.770155,-2.280184,19.876120,6.168779,-1396.709000,1,10.000000,2.343148,0
5.783419,-2.180141,18.679830,5.807370,-1380.759000,1,10.000000,2.363346,0
5.601475,-2.316228,18.404150,5.601176,-1363.549000,1,10.000000,2.494087,0
5.558431,-1.950221,14.349810,4.094253,206.337200,0,10.000000,2.657686,0
5.609334,-2.178016,16.858460,5.229092,-1345.995000,1,10.000000,2.528032,0
5.723100,-2.447840,18.576180,5.647014,-1351.585000,1,10.000000,2.342895,1
5.592907,-2.072336,14.744840,4.473438,207.090900,0,10.000000,2.579662,0
5.752770,-1.999282,15.329660,4.638978,194.074300,0,10.000000,2.459975,0
5.535625,-2.454384,19.485310,6.138440,-1378.393000,1,10.000000,2.524052,0
5.629764,-2.136447,15.565020,4.778275,199.008400,0,10.000000,2.522646,0
5.702780,-1.848034,14.894410,4.519396,194.737800,0,10.000000,2.569873,0
5.482474,-2.175786,15.364150,4.968562,198.939900,0,10.000000,2.649012,0
5.610163,-1.929229,15.972260,4.904316,173.514400,0,10.000000,2.618754,0
5.557192,-2.324213,16.773900,5.268837,191.975500,0,10.000000,2.534561,0
5.532434,-2.021738,14.670800,4.535061,201.962700,0,10.000000,2.654407,0
5.978127,-2.568046,20.185970,6.216187,-1369.089000,1,10.000000,2.067500,1
5.932404,-2.315108,17.801660,5.378848,-1343.465000,1,10.000000,2.178080,0
6.137377,-1.993587,16.665970,4.819636,-1341.888000,1,10.000000,2.117128,0
6.055819,-2.087816,15.708470,4.528311,203.283600,0,10.000000,2.147538,0
6.060827,-1.990412,15.319990,4.574215,198.704600,0,10.000000,2.186244,0
5.863522,-2.186887,16.282200,5.033849,194.256600,0,10.000000,2.285977,0
6.049485,-1.839862,16.125960,4.701970,173.852000,0,10.000000,2.269456,0
6.085358,-1.824535,13.945590,3.821017,211.009800,0,10.000000,2.246680,0
6.063158,-2.202319,19.103680,5.773767,-1377.955000,1,10.000000,2.094672,0
5.734170,-2.393414,19.818080,5.986148,-1381.451000,1,10.000000,2.345620,0
5.864742,-2.139081,15.866270,4.774898,199.289700,0,10.000000,2.302283,0
5.312768,-2.033985,16.940050,5.308732,-1369.152000,1,10.000000,2.855592,0
5.387170,-2.101869,14.467350,4.671551,206.379600,0,10.000000,2.762883,0
5.410393,-1.964090,18.715620,5.824588,-1414.415000,1,10.000000,2.789117,0
5.340179,-2.601914,19.809080,6.293372,-1376.317000,1,10.000000,2.689446,1
5.443035,-1.985908,14.559170,4.578208,198.372300,0,10.000000,2.750718,0
5.420576,-2.295894,16.584160,5.308168,-1336.803000,1,10.000000,2.673798,0
5.364821,-1.987375,17.526260,5.501100,-1385.940000,1,10.000000,2.823044,0
5.276507,-2.558570,17.334510,5.899496,-1323.520000,1,10.000000,2.759035,0
5.170617,-2.187773,17.751340,5.795806,-1379.794000,1,10.000000,2.943657,0
5.269500,-2.470601,19.056080,6.112284,-1376.206000,1,10.000000,2.781347,0
5.363338,-2.164092,15.211240,4.983521,197.692600,0,10.000000,2.765996,0
5.163937,-2.439293,16.215130,5.360794,200.114100,0,10.000000,2.890960,0
5.496962,-1.952751,15.406390,4.781360,182.985700,0,10.000000,2.713288,0
5.309000,-2.203651,15.985160,5.098462,189.630400,0,10.000000,2.806360,0
5.212503,-2.134849,15.854760,5.191436,181.878000,0,10.000000,2.918668,0
5.791721,-1.866513,16.660670,5.090332,-1365.175000,1,10.000000,2.482194,0
5.608274,-2.245149,15.946350,4.957189,200.648700,0,10.000000,2.508017,0
5.654187,-2.008325,16.932450,5.230968,-1361.912000,1,10.000000,2.546813,0
5.625504,-2.429232,19.630280,6.179007,-1381.786000,1,10.000000,2.442131,0
5.789833,-2.092895,15.375990,4.521963,203.811800,0,10.000000,2.389075,0
5.602055,-2.058754,19.003970,5.899239,-1404.929000,1,10.000000,2.576060,0
5.662230,-1.988880,14.843720,4.346770,201.861800,0,10.000000,2.547064,0
5.673600,-2.131083,15.621220,4.785151,198.435600,0,10.000000,2.483376,0
5.724972,-1.994016,18.055900,5.491333,-1385.126000,1,10.000000,2.487520,0
5.616121,-2.327319,17.349830,5.361404,-1342.009000,1,10.000000,2.476970,0
5.495945,-2.248626,19.445850,5.979491,-1396.656000,1,10.000000,2.614355,0
5.570730,-2.133216,18.369350,5.643029,-1382.801000,1,10.000000,2.579277,0
5.781135,-1.871581,18.710210,5.597994,-1410.473000,1,10.000000,2.489316,0
5.735121,-2.225641,17.033170,5.162945,-1340.480000,1,10.000000,2.393598,0
5.767050,-2.289732,17.065370,5.316728,-1337.517000,1,10.000000,2.343191,0
5.568948,-2.329343,17.269950,5.608246,-1346.818000,1,10.000000,2.521863,0
5.739698,-2.333049,16.554940,5.168584,199.581100,0,10.000000,2.356647,0
5.883814,-1.981960,15.504790,4.434019,195.367500,0,10.000000,2.348329,0
5.731656,-1.978718,19.217600,5.801730,-1412.511000,1,10.000000,2.487650,0
5.735576,-2.241240,17.520480,5.484374,-1352.273000,1,10.000000,2.388165,0
5.604712,-2.260872,15.929310,5.183558,197.570000,0,10.000000,2.506734,0
6.216386,-1.944127,14.784110,4.035772,210.436600,0,10.000000,2.072715,0
6.000813,-2.159887,16.931850,4.921366,188.610900,0,10.000000,2.168534,0
6.341399,-1.933816,19.548310,5.719520,-1404.898000,1,10.000000,1.971727,0
6.241750,-1.847379,19.408120,5.634665,-1413.524000,1,10.000000,2.102374,0
5.996773,-2.078139,18.444180,5.596138,-1378.126000,1,10.000000,2.205163,0
6.244110,-1.894553,17.763020,5.164174,-1372.082000,1,10.000000,2.074889,0
6.135705,-2.448807,19.801370,6.018173,-1367.569000,1,10.000000,1.944070,1
6.096091,-2.052616,18.059080,5.282116,-1366.935000,1,10.000000,2.126595,0
5.403067,-2.154714,15.688270,4.837645,194.823400,0,10.000000,2.731038,0
5.453360,-1.925864,14.586070,4.422979,195.526400,0,10.000000,2.763900,0
5.560584,-1.845182,14.731020,4.300941,189.930200,0,10.000000,2.698954,0
5.615617,-1.915612,19.036290,5.900334,-1420.725000,1,10.000000,2.619385,0
5.350924,-2.042769,18.036300,5.780070,-1394.227000,1,10.000000,2.816718,0
5.424197,-2.092988,16.601330,5.347186,-1355.842000,1,10.000000,2.730830,0
5.441823,-1.991214,16.176460,5.149303,169.624000,0,10.000000,2.749894,0
5.378732,-2.139457,16.538180,5.282645,-1350.460000,1,10.000000,2.758909,0
5.346334,-2.360713,16.481040,5.218143,-1329.289000,1,10.000000,2.729584,0
5.481528,-2.258550,16.668810,5.360035,184.363600,0,10.000000,2.625348,0
5.493729,-1.869998,15.818960,4.983080,186.080700,0,10.000000,2.749236,0
5.405023,-1.875524,14.917010,4.348496,186.739800,0,10.000000,2.828136,0
5.346179,-1.905848,16.988220,5.497051,-1373.516000,1,10.000000,2.870529,0
5.279518,-2.226272,15.945320,5.067892,192.179400,0,10.000000,2.828370,0
5.435893,-1.972408,16.629260,5.280853,-1366.067000,1,10.000000,2.762352,0
5.333614,-2.422804,18.548110,6.058803,-1370.967000,1,10.000000,2.728144,0
5.497959,-1.831943,16.737500,5.035311,-1377.071000,1,10.000000,2.761262,0
6.370014,-2.068208,16.972070,4.721450,-1333.717000,1,10.000000,1.877522,0
6.400562,-1.947982,18.494050,5.431594,-1379.387000,1,10.000000,1.914404,0
6.441314,-1.884356,19.120290,5.433606,-1396.029000,1,10.000000,1.916811,0
6.436232,-1.955168,16.183980,4.694121,189.485600,0,10.000000,1.880703,0
6.279465,-2.549818,20.012850,6.123374,-1360.553000,1,10.000000,1.778456,1
6.260214,-1.961625,18.843020,5.538966,-1389.094000,1,10.000000,2.026099,0
6.105809,-2.189706,19.779450,5.927305,-1391.535000,1,10.000000,2.060227,0
6.382513,-1.988358,16.988520,4.826517,-1342.460000,1,10.000000,1.907796,0
6.335043,-2.224519,18.388890,5.267777,-1349.984000,1,10.000000,1.836696,1
6.152318,-2.185917,18.116570,5.562629,-1352.508000,1,10.000000,2.019074,0
6.134430,-1.884429,16.673160,4.741766,171.304200,0,10.000000,2.173672,0
6.135170,-1.860459,18.670080,5.468748,-1398.954000,1,10.000000,2.185439,0
6.048708,-2.402453,19.069520,5.715784,-1357.331000,1,10.000000,2.040735,1
6.147464,-2.219978,19.844540,5.880007,-1387.587000,1,10.000000,2.010055,0
6.142275,-2.276829,18.101480,5.433532,-1348.029000,1,10.000000,1.993519,0
6.041574,-2.336811,17.957620,5.347844,-1340.877000,1,10.000000,2.067668,1
6.231992,-2.136802,17.244260,4.952563,-1337.959000,1,10.000000,1.967477,0
5.993437,-2.516736,18.973030,5.797686,-1348.364000,1,10.000000,2.063937,1
6.283541,-2.117803,17.794860,5.312721,-1352.968000,1,10.000000,1.929898,0
6.118545,-2.297473,19.175330,5.874843,-1370.620000,1,10.000000,2.008337,0
6.306672,-1.993846,19.495690,5.628565,-1397.322000,1,10.000000,1.969697,0
6.341551,-1.838262,15.300600,4.231380,194.949000,0,10.000000,2.024868,0
6.322453,-1.839779,14.921300,3.939318,202.707600,0,10.000000,2.039675,0
6.294308,-2.215465,17.316660,5.082496,-1333.010000,1,10.000000,1.877466,0
6.214296,-2.010519,18.765400,5.683466,-1387.473000,1,10.000000,2.041521,0
6.323037,-2.240971,17.837580,5.384450,-1343.170000,1,10.000000,1.840741,0
6.246193,-1.925675,18.833350,5.372841,-1390.972000,1,10.000000,2.056700,0
6.131443,-1.896459,14.684830,4.091082,205.843200,0,10.000000,2.170094,0
5.770477,-2.376593,18.087110,5.642830,-1350.471000,1,10.000000,2.315040,0
5.863331,-2.272521,19.400580,5.797909,-1380.735000,1,10.000000,2.257117,0
5.802155,-2.277057,19.292850,6.033617,-1384.651000,1,10.000000,2.313692,0
5.803746,-2.303037,18.148410,5.503443,-1354.628000,1,10.000000,2.304190,0
5.998855,-1.952291,19.623970,6.065588,-1418.800000,1,10.000000,2.258821,0
6.021158,-2.010069,15.283060,4.321262,203.982300,0,10.000000,2.212640,0
6.062541,-1.933923,16.567500,4.898141,-1348.421000,1,10.000000,2.211396,0
5.357301,-2.316806,17.479500,5.730752,-1357.817000,1,10.000000,2.729581,0
5.375820,-2.381316,16.509410,5.441317,193.386400,0,10.000000,2.696126,0
5.584201,-1.895797,14.748450,4.460249,192.428100,0,10.000000,2.656191,0
5.569950,-2.103358,15.100510,4.508760,204.910500,0,10.000000,2.590195,0
5.605990,-1.990772,16.409680,4.922414,-1351.202000,1,10.000000,2.598042,0
5.439821,-2.392005,17.085480,5.518730,187.681500,0,10.000000,2.631383,0
5.744766,-2.050061,18.085010,5.408915,-1378.261000,1,10.000000,2.447134,0
5.616068,-1.934734,19.036990,5.870456,-1418.236000,1,10.000000,2.611115,0
5.593699,-2.050622,16.381700,5.069021,176.311400,0,10.000000,2.586813,0
5.626143,-2.260679,19.643840,6.200238,-1399.337000,1,10.000000,2.486321,0
5.660553,-2.388505,19.686810,6.244695,-1387.280000,1,10.000000,2.418045,0
5.471473,-2.039911,18.218950,5.784400,-1394.589000,1,10.000000,2.704666,0
5.717716,-2.621082,19.765950,6.130644,-1361.927000,1,10.000000,2.313525,1
5.389620,-2.357862,17.013770,5.567505,-1343.415000,1,10.000000,2.688201,0
5.931180,-2.066498,18.359140,5.384742,-1376.247000,1,10.000000,2.269679,0
6.102828,-1.831644,13.965290,3.813198,211.658500,0,10.000000,2.228075,0
5.995510,-2.340263,18.418050,5.696257,-1354.935000,1,10.000000,2.110268,1
6.055400,-2.099999,17.489690,5.103642,-1351.306000,1,10.000000,2.142772,0
5.928069,-2.007111,15.560110,4.402580,197.981100,0,10.000000,2.297548,0
6.012251,-1.992289,15.654010,4.647720,193.346900,0,10.000000,2.228593,0
5.856167,-2.247121,16.724580,5.039718,194.528600,0,10.000000,2.272190,0
6.184365,-1.918502,16.727800,4.918433,-1350.109000,1,10.000000,2.113331,0
5.874583,-2.157991,16.749460,5.160164,184.485600,0,10.000000,2.286127,0
6.096113,-2.380753,19.752160,5.871593,-1371.114000,1,10.000000,2.002062,1
6.035903,-1.929223,17.473850,5.116019,-1368.075000,1,10.000000,2.237016,0
5.970355,-1.923044,16.013300,4.819446,179.816400,0,10.000000,2.297671,0
5.942952,-2.495125,18.896530,5.830431,-1351.103000,1,10.000000,2.118099,1
6.002206,-1.916750,16.065340,4.603395,182.046600,0,10.000000,2.272578,0
5.770751,-2.382332,19.243780,5.869127,-1370.907000,1,10.000000,2.313237,0
6.037283,-1.852450,17.003450,4.890599,-1364.279000,1,10.000000,2.273572,0
5.944603,-1.970010,18.937600,5.869648,-1410.027000,1,10.000000,2.299029,0
5.852111,-2.192339,18.219540,5.666235,-1368.215000,1,10.000000,2.294721,0
5.651410,-2.243116,16.904760,5.381472,182.574400,0,10.000000,2.467539,0
5.967025,-1.832193,15.228100,4.317101,188.588100,0,10.000000,2.344517,0
5.807098,-2.054073,18.165250,5.631530,-1381.078000,1,10.000000,2.388220,0
5.744778,-2.186249,16.137890,4.796151,198.279800,0,10.000000,2.397544,0
5.742565,-2.341091,17.530460,5.341728,-1340.367000,1,10.000000,2.351632,0
5.995225,-1.872674,14.164940,4.050290,208.474200,0,10.000000,2.299997,0
5.899692,-2.017872,15.513310,4.615740,196.008100,0,10.000000,2.318592,0
5.863612,-2.250530,18.236370,5.581285,-1361.108000,1,10.000000,2.264036,0
5.828689,-2.603574,19.944940,6.158885,-1364.292000,1,10.000000,2.207203,1
5.601537,-2.263974,15.925140,5.179477,197.910700,0,10.000000,2.508857,0
5.810725,-2.008675,18.172210,5.680039,-1391.870000,1,10.000000,2.403258,0
5.662344,-2.162169,16.017490,5.066372,191.544800,0,10.000000,2.483263,0
5.839393,-1.994386,16.713720,5.145015,169.981200,0,10.000000,2.383166,0
5.932658,-2.002089,15.163230,4.559888,199.896900,0,10.000000,2.295589,0
5.991528,-1.992368,16.919300,5.147743,169.754000,0,10.000000,2.247061,0
5.817412,-2.031552,16.233460,4.999700,181.324500,0,10.000000,2.387798,0
5.956937,-1.892367,16.894870,4.836658,-1359.795000,1,10.000000,2.323996,0
5.587289,-2.379318,18.957120,5.873835,-1371.301000,1,10.000000,2.491269,0
5.809231,-2.495990,18.131250,5.724326,-1341.464000,1,10.000000,2.247998,1
5.696353,-2.327224,16.496360,5.176455,198.924000,0,10.000000,2.399879,0
5.869031,-1.905009,17.745810,5.270998,-1381.734000,1,10.000000,2.395837,0
5.923211,-2.437663,18.866620,5.917496,-1358.384000,1,10.000000,2.151576,1
5.887090,-2.123567,16.325140,4.878629,191.409500,0,10.000000,2.287471,0
5.749807,-2.074033,19.234830,5.875365,-1402.938000,1,10.000000,2.433265,0
5.702448,-2.176503,19.149200,5.947936,-1393.257000,1,10.000000,2.440675,0
5.768935,-1.935524,15.766280,4.579327,184.047600,0,10.000000,2.471995,0
5.615052,-2.513911,19.613420,6.042429,-1370.363000,1,10.000000,2.433980,1
5.551614,-2.283686,16.313020,4.990305,198.648600,0,10.000000,2.551019,0
5.610419,-2.371561,17.851730,5.650232,-1351.090000,1,10.000000,2.470837,0
5.576435,-2.545182,17.788900,5.651985,-1335.415000,1,10.000000,2.465873,1
5.402574,-2.695169,19.244080,6.282664,-1358.820000,1,10.000000,2.615252,1
5.442320,-2.297369,15.727990,4.888478,206.378000,0,10.000000,2.652436,0
5.530064,-2.233292,17.238910,5.255244,-1348.938000,1,10.000000,2.586200,0
5.590812,-2.386964,17.301180,5.525931,-1339.941000,1,10.000000,2.485960,0
5.720873,-1.879077,16.118100,4.980050,182.030700,0,10.000000,2.539860,0
5.556973,-2.435763,17.773130,5.555816,-1343.201000,1,10.000000,2.507339,0
5.595562,-1.867716,18.429040,5.603852,-1410.961000,1,10.000000,2.657703,0
5.698769,-1.871423,14.900170,4.269085,192.575800,0,10.000000,2.563075,0
5.674643,-2.096055,17.457020,5.220059,-1361.766000,1,10.000000,2.494875,0
5.355600,-2.352756,17.477000,5.677885,-1353.400000,1,10.000000,2.722457,0
5.584722,-1.963587,14.369160,4.301869,204.836300,0,10.000000,2.628255,0
5.649948,-2.402131,19.055030,5.838190,-1368.323000,1,10.000000,2.424911,0
5.544527,-1.898847,16.326630,5.046637,162.432300,0,10.000000,2.691075,0
5.475371,-1.999901,18.224860,5.845022,-1399.643000,1,10.000000,2.715502,0
5.424201,-2.235384,16.589190,5.392210,181.678100,0,10.000000,2.686891,0
5.481591,-2.267216,18.222520,5.675437,-1369.748000,1,10.000000,2.622853,0
5.643117,-2.633744,19.018550,5.992239,-1349.575000,1,10.000000,2.385171,1
6.016344,-1.953770,19.055800,5.689285,-1402.380000,1,10.000000,2.242652,0
5.756522,-2.579764,19.195750,6.076582,-1356.636000,1,10.000000,2.282497,1
5.691633,-2.363589,17.457700,5.309589,-1337.684000,1,10.000000,2.394489,0
5.830853,-2.281957,18.188280,5.534443,-1357.215000,1,10.000000,2.284904,0
5.904400,-2.558132,20.067060,6.232177,-1370.427000,1,10.000000,2.141679,1
5.956514,-1.983030,15.204190,4.354229,201.241700,0,10.000000,2.282556,0
6.016259,-1.859467,14.912190,4.205895,197.065400,0,10.000000,2.288240,0
5.713488,-2.282647,16.519520,5.236695,-1330.075000,1,10.000000,2.396400,0
5.925754,-2.073753,17.815750,5.251921,-1364.420000,1,10.000000,2.271658,0
5.729387,-2.408278,19.797830,6.212805,-1384.612000,1,10.000000,2.346448,0
5.641869,-2.122005,15.178800,4.720185,203.087300,0,10.000000,2.516279,0
5.637640,-2.121745,15.575190,4.797079,198.154500,0,10.000000,2.520332,0
5.841574,-2.152248,18.779710,5.614191,-1380.396000,1,10.000000,2.318941,0
5.724938,-2.115107,17.030710,5.082660,-1349.558000,1,10.000000,2.441095,0
5.675200,-1.883972,19.129380,5.949772,-1424.843000,1,10.000000,2.578801,0
5.634133,-2.150348,19.668740,6.138004,-1409.887000,1,10.000000,2.513809,0
5.900367,-1.840391,15.934780,4.701291,173.908400,0,10.000000,2.398572,0
5.726729,-2.365807,19.175000,5.894946,-1373.065000,1,10.000000,2.360076,0
5.830382,-2.509146,19.947790,6.310967,-1360.649000,1,10.000000,2.224450,1
5.722728,-2.126108,17.514150,5.408363,-1361.706000,1,10.000000,2.439192,0
6.487615,-2.023821,19.166010,5.676018,-1384.787000,1,10.000000,1.800065,0
6.429069,-1.842885,15.781810,4.511265,183.044100,0,10.000000,1.951087,0
6.326233,-2.123181,17.865850,5.071445,-1348.624000,1,10.000000,1.889525,0
6.275575,-2.323350,18.829900,5.721128,-1357.013000,1,10.000000,1.852430,1
6.505565,-1.848797,16.710670,4.690514,-1346.124000,1,10.000000,1.886426,0
6.334332,-2.041814,16.913620,4.986197,-1340.000000,1,10.000000,1.921606,0
6.340427,-1.997765,16.487750,4.723650,187.788100,0,10.000000,1.938726,0
6.244504,-2.013264,18.809360,5.688562,-1380.922000,1,10.000000,2.013806,0
6.006294,-2.598457,19.586020,6.047377,-1354.191000,1,10.000000,2.033740,1
5.565240,-2.631171,20.184180,6.244608,-1372.234000,1,10.000000,2.462538,1
5.681904,-1.843305,16.992980,5.019531,-1375.759000,1,10.000000,2.590658,0
5.348575,-2.552197,19.823070,6.376233,-1383.254000,1,10.000000,2.688974,0
5.635865,-1.869794,16.017160,4.761022,169.703400,0,10.000000,2.620400,0
5.536177,-2.225120,16.744720,5.406466,180.488200,0,10.000000,2.582801,0
5.548314,-2.081471,18.920000,5.863743,-1401.969000,1,10.000000,2.618102,0
5.544365,-2.058244,18.329400,5.756622,-1392.272000,1,10.000000,2.630028,0
5.630092,-1.989254,17.916370,5.498337,-1385.710000,1,10.000000,2.576446,0
5.732231,-1.931257,14.201860,4.046894,209.513000,0,10.000000,2.506988,0
5.551326,-1.935405,13.987030,4.041116,209.992800,0,10.000000,2.670088,0
5.508215,-2.051503,16.266180,5.067831,-1347.561000,1,10.000000,2.666203,0
5.383692,-2.188374,16.545070,5.214705,180.699800,0,10.000000,2.739307,0
5.706730,-1.880568,16.545820,5.071339,-1363.594000,1,10.000000,2.551904,0
5.511268,-2.403342,18.255220,5.714437,-1357.218000,1,10.000000,2.559256,0
5.497598,-2.173814,14.997480,4.655240,208.497200,0,10.000000,2.635261,0
5.289839,-2.432339,18.479710,6.043904,-1369.721000,1,10.000000,2.768973,0
5.526794,-1.897346,14.678140,4.458293,192.590700,0,10.000000,2.707876,0
5.614533,-2.423634,18.411680,5.683690,-1354.649000,1,10.000000,2.454109,1
5.499640,-2.087225,14.615780,4.691529,204.715400,0,10.000000,2.661759,0
5.439797,-1.971255,18.750440,6.035956,-1416.328000,1,10.000000,2.759158,0
5.595461,-2.127055,18.406820,5.652363,-1383.579000,1,10.000000,2.558093,0
5.630785,-2.187276,17.894060,5.673679,-1368.836000,1,10.000000,2.504735,0
6.482150,-1.908788,17.604620,4.814466,-1357.950000,1,10.000000,1.869388,0
6.462053,-1.912161,19.150790,5.392716,-1392.626000,1,10.000000,1.883793,0
6.447367,-1.898120,19.129190,5.413364,-1394.345000,1,10.000000,1.903893,0
6.365486,-1.996721,17.436030,4.914376,-1350.533000,1,10.000000,1.917865,0
6.165329,-2.271066,18.680150,5.550459,-1358.552000,1,10.000000,1.974174,0
6.384770,-2.236964,17.935460,5.147218,-1339.168000,1,10.000000,1.786390,1
6.358021,-1.952655,16.097550,4.470652,192.322300,0,10.000000,1.947569,0
5.910015,-1.918766,16.377880,4.696585,-1347.389000,1,10.000000,2.353106,0
5.606955,-2.626194,19.587310,6.122399,-1361.237000,1,10.000000,2.422065,1
5.687253,-2.125453,16.508120,4.967897,184.734900,0,10.000000,2.472576,0
5.724368,-2.529775,19.776680,6.277915,-1374.256000,1,10.000000,2.323707,1
5.737293,-2.394611,18.597680,5.727664,-1358.323000,1,10.000000,2.342294,0
5.703334,-2.249052,16.989020,5.130430,-1337.769000,1,10.000000,2.416319,0
5.555363,-2.271846,15.864380,5.169118,198.775200,0,10.000000,2.550776,0
5.814045,-2.198128,18.726230,5.780117,-1378.485000,1,10.000000,2.328389,0
5.520205,-2.201241,17.731440,5.653143,-1367.122000,1,10.000000,2.605264,0
5.829626,-1.943229,14.675290,4.329021,202.579200,0,10.000000,2.413978,0
5.586995,-2.398433,18.956660,5.843968,-1368.806000,1,10.000000,2.486861,0
6.178488,-1.963138,14.739610,4.013589,212.278800,0,10.000000,2.095946,0
6.204182,-1.832916,18.224600,5.373989,-1390.305000,1,10.000000,2.141739,0
5.986726,-2.183812,18.987870,5.801807,-1380.295000,1,10.000000,2.172426,0
6.033065,-2.344727,17.945470,5.336535,-1339.933000,1,10.000000,2.073214,1
6.151281,-2.150163,16.672760,4.843633,194.324700,0,10.000000,2.034695,0
6.114454,-2.044238,18.075110,5.512377,-1373.299000,1,10.000000,2.113945,0
6.102336,-1.877324,15.777940,4.564816,184.494200,0,10.000000,2.204888,0
6.098023,-2.375315,18.025770,5.542572,-1341.331000,1,10.000000,2.001936,1
6.167393,-1.917546,16.277120,4.602375,182.131600,0,10.000000,2.128417,0
5.946349,-2.559836,20.134710,6.229428,-1370.197000,1,10.000000,2.100292,1
6.057001,-2.590744,19.665250,6.059427,-1355.199000,1,10.000000,1.985632,1
5.933879,-2.658207,20.101300,6.352763,-1350.753000,1,10.000000,2.094201,1
6.161599,-1.961586,14.719830,4.015364,212.131400,0,10.000000,2.111403,0
6.094642,-1.921872,17.070030,5.015522,-1358.950000,1,10.000000,2.189235,0
6.226039,-1.932899,16.352310,4.582690,183.768000,0,10.000000,2.070179,0
6.307671,-1.873025,16.456960,4.659453,-1343.542000,1,10.000000,2.033236,0
6.119121,-2.142172,17.079920,5.181541,182.703100,0,10.000000,2.067263,0
6.077619,-2.173283,17.508860,5.235666,-1346.543000,1,10.000000,2.092609,0
6.064215,-2.308997,17.478100,5.289970,-1335.284000,1,10.000000,2.055420,1
6.262159,-2.143275,19.416970,5.627787,-1381.530000,1,10.000000,1.937542,0
6.155916,-1.923759,18.700590,5.375659,-1391.207000,1,10.000000,2.135167,0
6.035903,-2.091432,17.961540,5.457901,-1365.836000,1,10.000000,2.164065,0
6.067943,-1.898475,18.020550,5.482831,-1391.772000,1,10.000000,2.224006,0
5.973086,-2.282632,17.351530,5.326588,-1338.340000,1,10.000000,2.150115,0
5.765967,-2.392022,19.856830,6.239024,-1386.805000,1,10.000000,2.315284,0
6.020291,-2.007076,16.077320,4.711713,188.781400,0,10.000000,2.214756,0
6.147527,-1.887745,17.141490,5.061639,-1362.787000,1,10.000000,2.160733,0
6.096479,-1.968560,18.070740,5.180210,-1374.179000,1,10.000000,2.165008,0
5.985627,-1.891718,14.511880,4.095913,205.441800,0,10.000000,2.299128,0
6.084731,-2.316934,19.136360,5.600109,-1363.460000,1,10.000000,2.033430,0
6.146438,-2.348073,18.107420,5.331755,-1339.534000,1,10.000000,1.964867,1
6.149443,-1.968215,17.631540,5.061864,-1363.568000,1,10.000000,2.118760,0
6.193171,-2.253212,19.915960,5.828078,-1383.253000,1,10.000000,1.955076,0
6.044436,-2.140954,19.683550,6.003482,-1397.893000,1,10.000000,2.135929,0
6.189617,-2.031066,16.734710,4.770321,-1337.784000,1,10.000000,2.053368,0
6.156403,-2.067940,16.691010,4.721802,-1333.746000,1,10.000000,2.065814,0
6.260183,-2.093780,17.282350,5.010699,-1342.802000,1,10.000000,1.961682,0
5.860137,-2.036797,16.741750,5.087704,174.755200,0,10.000000,2.346651,0
5.770780,-2.279199,17.070550,5.331356,186.757300,0,10.000000,2.342856,0
5.826450,-2.129349,15.410020,4.711099,203.844100,0,10.000000,2.341442,0
5.892886,-2.546781,18.820670,5.752164,-1344.557000,1,10.000000,2.155305,1
5.946331,-2.111330,17.326520,5.321710,-1353.718000,1,10.000000,2.237698,0
5.927784,-2.396929,17.782570,5.511695,-1338.751000,1,10.000000,2.158188,0
5.726877,-2.380422,18.022990,5.637200,-1350.001000,1,10.000000,2.356048,0
5.794435,-2.292344,19.280790,6.009733,-1382.655000,1,10.000000,2.316311,0
5.713470,-2.361717,16.978370,5.468538,191.112100,0,10.000000,2.373947,0
5.906708,-1.987717,18.889680,5.637851,-1398.095000,1,10.000000,2.325207,0
6.003270,-1.941786,17.926490,5.440445,-1380.124000,1,10.000000,2.259811,0
5.851584,-2.182169,15.849410,4.719656,203.891200,0,10.000000,2.298813,0
5.378872,-2.222841,15.644510,4.986542,198.201200,0,10.000000,2.733915,0
5.416419,-2.576493,18.664340,6.081693,-1357.063000,1,10.000000,2.618062,1
5.431992,-2.280066,17.601720,5.537223,-1357.447000,1,10.000000,2.667015,0
5.307598,-2.183721,16.439380,5.221168,-1345.334000,1,10.000000,2.813421,0
5.309527,-2.575533,18.497320,6.083194,-1357.189000,1,10.000000,2.723751,1
5.526758,-2.100145,16.280980,5.220655,172.404100,0,10.000000,2.631856,0
5.610222,-2.278906,19.618160,6.170839,-1396.881000,1,10.000000,2.496200,0
5.638144,-1.936970,17.404870,5.447326,-1380.697000,1,10.000000,2.590058,0
5.434295,-1.996606,16.627040,5.247246,162.227600,0,10.000000,2.754931,0
5.359374,-2.322856,16.983050,5.367779,-1342.541000,1,10.000000,2.726065,0
5.457447,-1.925225,15.355720,4.816650,180.049000,0,10.000000,2.760384,0
5.509917,-2.102620,16.257860,5.224579,177.738600,0,10.000000,2.646848,0
5.390561,-2.311522,17.528410,5.738522,-1358.466000,1,10.000000,2.698735,0
5.446093,-2.281354,19.353440,6.166892,-1396.551000,1,10.000000,2.653091,0
5.371256,-2.235781,16.069290,5.055042,193.250800,0,10.000000,2.737577,0
5.864429,-2.329591,18.225280,5.711951,-1356.246000,1,10.000000,2.238328,0
5.725131,-2.446470,18.020430,5.540070,-1341.886000,1,10.000000,2.341244,1
5.921361,-2.009382,16.824490,5.124751,171.669200,0,10.000000,2.302621,0
5.875166,-2.621680,19.381140,6.011090,-1351.153000,1,10.000000,2.158250,1
5.850349,-2.072236,15.847820,4.860595,192.151200,0,10.000000,2.341312,0
5.902528,-2.216490,19.461820,5.885457,-1388.042000,1,10.000000,2.239035,0
5.763513,-1.901750,17.585100,5.489148,-1383.672000,1,10.000000,2.491592,0
5.887231,-2.046512,16.336830,4.749998,-1336.093000,1,10.000000,2.317959,0
5.824692,-1.922274,18.765420,5.737007,-1406.355000,1,10.000000,2.427645,0
5.620121,-2.445231,17.343050,5.442693,-1332.987000,1,10.000000,2.443685,0
5.934185,-2.162811,18.352130,5.471621,-1367.744000,1,10.000000,2.229008,0
5.706148,-1.998037,16.533660,5.140082,170.392100,0,10.000000,2.503135,0
5.602892,-2.562971,18.368050,5.992506,-1348.832000,1,10.000000,2.436621,1
5.962965,-1.906638,15.223150,4.226314,196.127900,0,10.000000,2.311915,0
5.792036,-2.090539,16.649720,5.015079,180.804700,0,10.000000,2.387933,0
5.716784,-2.310815,19.790000,6.119726,-1392.602000,1,10.000000,2.384964,0
5.418962,-2.352695,16.581910,5.229279,195.277200,0,10.000000,2.660970,0
5.668546,-1.917039,14.113990,4.288906,205.156500,0,10.000000,2.570697,0
5.644236,-2.745441,20.302350,6.323935,-1363.045000,1,10.000000,2.369478,1
5.584551,-2.273375,17.826070,5.547064,-1358.268000,1,10.000000,2.522375,0
5.604373,-2.725323,20.235910,6.357465,-1365.855000,1,10.000000,2.411322,1
5.807829,-1.842424,13.960330,3.863087,208.275500,0,10.000000,2.479031,0
5.393246,-2.364832,16.546200,5.212421,196.684200,0,10.000000,2.683022,0
5.650044,-1.876909,16.025240,4.976180,176.862600,0,10.000000,2.604539,0
5.401268,-2.275388,16.557340,5.336650,186.315400,0,10.000000,2.697864,0
5.670098,-2.155945,16.942860,5.259746,176.944300,0,10.000000,2.478078,0
5.627674,-2.350060,16.871790,5.232938,194.971800,0,10.000000,2.459746,0
5.615112,-2.561689,18.386560,5.994446,-1348.994000,1,10.000000,2.424831,1
5.677839,-2.077153,16.049810,4.939697,186.322600,0,10.000000,2.498815,0
5.760043,-2.089233,17.579020,5.229807,-1362.578000,1,10.000000,2.418038,0
5.675577,-2.447480,19.711040,6.149575,-1379.324000,1,10.000000,2.389188,0
5.758095,-2.153472,18.082830,5.706855,-1376.925000,1,10.000000,2.396403,0
5.786833,-2.003479,17.116680,5.237700,-1362.473000,1,10.000000,2.427172,0
5.837288,-2.146845,18.773220,5.622378,-1381.079000,1,10.000000,2.324908,0
5.548141,-2.197721,15.460370,4.699718,205.552100,0,10.000000,2.579779,0
5.557264,-2.534576,17.760710,5.667581,-1336.719000,1,10.000000,2.486680,1
5.667256,-1.945079,14.112030,4.256272,207.869400,0,10.000000,2.560186,0
5.583833,-2.243650,16.344310,5.289392,189.497700,0,10.000000,2.531783,0
5.769270,-2.456174,18.072480,5.782878,-1346.361000,1,10.000000,2.296062,1
5.809416,-1.932674,15.024180,4.415510,196.147300,0,10.000000,2.436769,0
5.753464,-2.520210,19.204120,5.906607,-1358.239000,1,10.000000,2.297199,1
5.766860,-2.072559,15.740790,4.860182,192.185600,0,10.000000,2.418069,0
5.864282,-1.973226,15.469040,4.671549,191.363900,0,10.000000,2.369717,0
5.813671,-1.904282,15.813720,4.830269,174.794300,0,10.000000,2.445533,0
5.612907,-1.875881,18.444530,5.807300,-1412.210000,1,10.000000,2.638533,0
5.624613,-1.826871,16.445790,4.925166,156.819000,0,10.000000,2.649282,0
5.284577,-2.374455,18.484130,5.881434,-1371.936000,1,10.000000,2.786544,0
5.412410,-2.606765,19.273520,6.153736,-1363.860000,1,10.000000,2.617299,1
5.421463,-1.997589,18.154460,5.622894,-1396.849000,1,10.000000,2.766529,0
5.400191,-2.124219,16.579670,5.070004,176.991500,0,10.000000,2.743355,0
5.668608,-1.894175,17.459490,5.286474,-1383.022000,1,10.000000,2.580356,0
5.340144,-2.457984,17.441410,5.780216,-1346.139000,1,10.000000,2.714519,0
5.297125,-2.325378,16.894120,5.364176,-1342.240000,1,10.000000,2.785794,0
5.623534,-2.548365,19.001110,5.862614,-1354.559000,1,10.000000,2.419001,1
5.506043,-2.403677,18.817530,6.088689,-1373.467000,1,10.000000,2.564259,0
5.712845,-1.982952,15.683160,4.742643,186.207600,0,10.000000,2.503091,0
5.903487,-2.418326,19.438540,6.065799,-1371.552000,1,10.000000,2.175709,1
5.770093,-2.373090,19.242760,5.883567,-1372.114000,1,10.000000,2.316355,0
5.919641,-2.156608,18.319900,5.712179,-1369.952000,1,10.000000,2.244817,0
5.983961,-1.966761,16.920450,4.954860,-1353.902000,1,10.000000,2.265391,0
5.750540,-2.227617,17.042440,5.402998,-1344.718000,1,10.000000,2.378370,0
5.867765,-2.013352,16.311210,4.793628,182.725300,0,10.000000,2.349446,0
5.567583,-2.600426,19.523800,6.163961,-1364.716000,1,10.000000,2.465018,1
5.567414,-2.265450,18.938210,5.808957,-1381.657000,1,10.000000,2.541070,0
5.848459,-1.877470,15.868230,4.653755,177.860200,0,10.000000,2.426768,0
5.984255,-2.321341,17.367050,5.272826,-1333.853000,1,10.000000,2.126924,0
5.963671,-2.025137,16.881660,5.103461,173.442600,0,10.000000,2.257653,0
5.934480,-2.022067,15.556790,4.610498,196.444400,0,10.000000,2.285329,0
5.795566,-2.227362,19.294690,5.868469,-1386.624000,1,10.000000,2.335915,0
6.073470,-1.857206,17.052350,4.884172,-1363.745000,1,10.000000,2.239977,0
5.977536,-2.407659,18.961690,5.707896,-1356.672000,1,10.000000,2.107422,1
6.188277,-1.996723,15.874040,4.642177,193.808100,0,10.000000,2.070967,0
5.958111,-2.116983,19.560310,5.808256,-1397.343000,1,10.000000,2.224642,0
6.175100,-2.062110,17.655940,5.156266,-1355.689000,1,10.000000,2.051804,0
5.982078,-2.058223,17.387860,5.161666,-1356.139000,1,10.000000,2.226871,0
6.028897,-1.969040,16.088350,4.760478,184.723500,0,10.000000,2.224438,0
5.924628,-2.175784,17.802580,5.337397,-1355.789000,1,10.000000,2.233047,0
6.230293,-1.939831,16.346550,4.797925,181.607200,0,10.000000,2.062964,0
6.265189,-1.894422,16.845220,4.728616,-1350.052000,1,10.000000,2.057152,0
5.918859,-2.235310,17.288360,5.149517,-1339.360000,1,10.000000,2.217183,0
6.134227,-1.882377,15.828730,4.339982,187.446900,0,10.000000,2.174900,0
6.020452,-2.209764,17.429460,5.184996,-1342.318000,1,10.000000,2.131451,0
6.081205,-2.125590,18.026260,5.409103,-1361.768000,1,10.000000,2.108641,0
5.864044,-2.434093,18.212240,5.822192,-1337.960000,1,10.000000,2.209651,0
5.947513,-2.015260,16.871200,4.889323,175.523400,0,10.000000,2.276492,0
5.759517,-2.088624,15.338090,4.527301,203.367500,0,10.000000,2.418754,0
5.894294,-2.300558,17.747220,5.399632,-1345.200000,1,10.000000,2.218832,0
5.983545,-2.055393,16.030210,4.649767,193.936200,0,10.000000,2.226740,0
5.844088,-2.029561,18.783520,5.800083,-1395.896000,1,10.000000,2.364257,0
5.991318,-1.933027,16.484860,4.677819,176.620100,0,10.000000,2.274474,0
5.680171,-2.486577,17.941450,5.738169,-1342.622000,1,10.000000,2.375965,1
5.946115,-2.355826,17.808760,5.570413,-1343.657000,1,10.000000,2.152534,0
6.015904,-1.910429,18.483740,5.614256,-1395.365000,1,10.000000,2.263581,0
6.018014,-2.085502,17.437760,5.123778,-1352.983000,1,10.000000,2.182791,0
5.970057,-1.849661,15.231800,4.295799,190.357300,0,10.000000,2.333227,0
5.860973,-2.242238,16.718820,5.291301,-1334.633000,1,10.000000,2.269281,0
6.020800,-1.987478,16.958870,5.154351,-1354.768000,1,10.000000,2.223158,0
5.944967,-2.562588,19.490190,6.103420,-1358.882000,1,10.000000,2.101069,1
6.026899,-2.083167,17.948680,5.469707,-1366.821000,1,10.000000,2.175709,0
5.998847,-2.071820,17.920170,5.254682,-1364.650000,1,10.000000,2.205931,0
5.793466,-2.422360,18.682790,5.685621,-1354.811000,1,10.000000,2.280890,1
5.658105,-2.278090,19.067770,6.032005,-1384.516000,1,10.000000,2.450637,0
5.623963,-2.274939,16.866640,5.337274,-1339.232000,1,10.000000,2.484203,0
5.921592,-2.180668,18.889180,5.806570,-1380.693000,1,10.000000,2.234073,0
5.756686,-2.250409,16.590140,5.035274,-1329.072000,1,10.000000,2.365237,0
5.704412,-2.364736,19.140120,5.896618,-1373.204000,1,10.000000,2.381866,0
5.648888,-2.301646,18.463730,5.868521,-1370.092000,1,10.000000,2.452636,0
5.622838,-2.272377,19.012670,6.040930,-1385.261000,1,10.000000,2.486028,0
5.591204,-2.445910,19.574950,6.152107,-1379.536000,1,10.000000,2.471703,0
6.073308,-2.190953,18.014980,5.315728,-1353.982000,1,10.000000,2.089665,0
6.252956,-2.338616,19.997350,5.937062,-1375.844000,1,10.000000,1.868044,1
6.238334,-1.932270,15.947940,4.496133,190.204000,0,10.000000,2.059979,0
6.074188,-2.396882,19.108130,5.724225,-1358.036000,1,10.000000,2.018044,1
6.192933,-1.967669,15.111770,4.300491,205.630400,0,10.000000,2.081154,0
6.417768,-2.062238,17.023400,4.959323,-1337.761000,1,10.000000,1.839254,0
5.856553,-1.974188,15.867400,4.753878,185.272600,0,10.000000,2.376270,0
5.693642,-2.077747,18.555510,5.727610,-1389.839000,1,10.000000,2.483916,0
5.882169,-2.085952,18.841220,5.714640,-1388.772000,1,10.000000,2.306662,0
5.880812,-1.871380,15.511960,4.353728,186.305300,0,10.000000,2.400987,0
5.825000,-2.079197,17.660250,5.475379,-1367.294000,1,10.000000,2.361886,0
5.674689,-2.061467,15.622620,4.874403,191.001000,0,10.000000,2.507571,0
5.698265,-2.641102,19.104720,5.980744,-1348.612000,1,10.000000,2.329548,1
5.655657,-2.099947,14.823630,4.440209,209.856000,0,10.000000,2.511183,0
5.743314,-1.909040,16.595260,5.032863,-1360.393000,1,10.000000,2.506556,0
5.596157,-2.376786,16.828020,5.195819,-1327.425000,1,10.000000,2.483316,0
5.777669,-2.360801,17.568130,5.563306,-1343.064000,1,10.000000,2.312430,0
5.753665,-1.991126,17.569900,5.369958,-1374.252000,1,10.000000,2.462488,0
5.626659,-2.171727,15.159550,4.657990,208.268200,0,10.000000,2.513719,0
5.642902,-1.971698,15.593480,4.757069,185.007100,0,10.000000,2.571637,0
5.651624,-2.081616,16.459980,5.027138,179.800200,0,10.000000,2.521567,0
5.626058,-2.354106,19.643700,6.049549,-1386.747000,1,10.000000,2.460240,0
5.773937,-2.325098,18.653200,5.832988,-1367.123000,1,10.000000,2.326123,0
5.756899,-2.434146,19.209490,6.041081,-1369.485000,1,10.000000,2.313373,0
5.619236,-2.096674,19.644710,6.224575,-1417.112000,1,10.000000,2.546376,0
5.634200,-2.045218,17.388870,5.514095,-1371.049000,1,10.000000,2.551200,0
5.861104,-1.972184,16.744220,5.165056,167.265900,0,10.000000,2.373033,0
5.614872,-1.978508,15.568760,4.524218,188.629000,0,10.000000,2.594664,0
5.556269,-2.200497,15.877930,5.015941,195.749800,0,10.000000,2.571192,0
5.462883,-2.389989,18.751060,6.106119,-1370.668000,1,10.000000,2.609421,0
5.671380,-2.444098,19.704270,6.155030,-1379.781000,1,10.000000,2.394055,0
5.673316,-2.647436,19.682670,6.337377,-1371.403000,1,10.000000,2.353244,1
5.575815,-2.324028,19.562670,6.098063,-1390.801000,1,10.000000,2.516667,0
5.661869,-2.003145,15.617920,4.716346,189.077600,0,10.000000,2.541767,0
5.733964,-2.252027,17.518180,5.468965,-1350.986000,1,10.000000,2.386291,0
5.642092,-2.139636,15.580830,4.774186,199.349000,0,10.000000,2.509972,0
6.024991,-2.505881,19.020830,5.814135,-1349.740000,1,10.000000,2.035882,1
6.128314,-2.091073,17.579270,5.349846,-1356.064000,1,10.000000,2.080710,0
6.319933,-2.236800,17.845410,5.147447,-1339.187000,1,10.000000,1.845291,1
6.077451,-2.318232,18.550920,5.481097,-1352.762000,1,10.000000,2.039853,1
6.396489,-2.185900,18.476670,5.322946,-1354.584000,1,10.000000,1.798334,0
6.199872,-2.036033,19.322590,5.790276,-1395.078000,1,10.000000,2.041982,0
6.319682,-1.881546,17.374130,5.070016,-1363.484000,1,10.000000,2.018516,0
6.302352,-1.903159,17.350710,5.040809,-1361.054000,1,10.000000,2.021155,0
5.996150,-2.034223,18.443260,5.660720,-1383.512000,1,10.000000,2.224441,0
5.876045,-2.345291,18.807910,5.802392,-1364.567000,1,10.000000,2.222573,0
5.626459,-2.097910,15.159530,4.750301,200.578700,0,10.000000,2.539186,0
5.471288,-2.284744,16.192220,5.233860,194.132800,0,10.000000,2.627923,0
5.576502,-2.146333,15.904550,5.087209,189.807400,0,10.000000,2.569453,0
5.764433,-2.516942,19.854360,6.037540,-1369.955000,1,10.000000,2.287161,1
5.507863,-2.079723,15.408740,4.850997,192.950700,0,10.000000,2.656626,0
5.606541,-2.084197,17.870300,5.587229,-1377.384000,1,10.000000,2.562683,0
5.701239,-2.158234,18.009570,5.478351,-1368.305000,1,10.000000,2.448035,0
5.738101,-2.205422,17.025060,5.434637,196.827500,0,10.000000,2.397403,0
5.528593,-2.017140,14.299560,4.237636,210.176200,0,10.000000,2.659674,0
5.615463,-2.221630,18.425350,5.744508,-1375.512000,1,10.000000,2.508361,0
6.051474,-2.027280,16.552940,4.775302,-1338.198000,1,10.000000,2.177829,0
5.972318,-1.970774,16.015810,4.758254,184.908500,0,10.000000,2.273940,0
6.040277,-2.375185,18.483870,5.644900,-1350.644000,1,10.000000,2.056917,1
5.984662,-2.130653,19.590160,6.019577,-1399.236000,1,10.000000,2.194847,0
6.022298,-1.959880,14.554470,4.016694,212.021000,0,10.000000,2.234537,0
6.123091,-1.964621,15.396490,4.606369,203.122400,0,10.000000,2.143548,0
5.824520,-2.147643,15.814710,4.763920,200.204200,0,10.000000,2.336498,0
6.061344,-2.215871,18.527240,5.631628,-1365.327000,1,10.000000,2.091231,0
5.429685,-1.909041,17.621650,5.616297,-1395.536000,1,10.000000,2.792259,0
5.176144,-2.103869,15.389690,4.904547,189.250600,0,10.000000,2.962636,0
5.325923,-2.383945,16.922780,5.530245,-1340.302000,1,10.000000,2.744123,0
5.420198,-2.095664,14.912510,4.518211,204.124000,0,10.000000,2.733716,0
5.384746,-2.079836,19.277980,6.021989,-1415.930000,1,10.000000,2.772410,0
5.457188,-1.849513,14.604370,4.295533,190.379300,0,10.000000,2.790970,0
5.381091,-1.970928,15.269040,4.533936,187.821100,0,10.000000,2.813836,0
5.438604,-1.968778,15.331570,4.760813,184.695500,0,10.000000,2.761190,0
5.480977,-2.079773,18.233360,5.724003,-1389.552000,1,10.000000,2.681845,0
5.419338,-2.507562,18.103180,5.811586,-1349.527000,1,10.000000,2.627225,0
5.171263,-2.367866,18.910160,6.027357,-1384.893000,1,10.000000,2.898507,0
5.846794,-1.873729,16.284610,4.970501,169.290600,0,10.000000,2.429976,0
5.459668,-2.560700,18.731920,6.106370,-1359.129000,1,10.000000,2.578036,1
5.506094,-2.398971,19.450210,5.977186,-1380.701000,1,10.000000,2.565308,0
5.709810,-2.437670,18.556040,5.662424,-1352.873000,1,10.000000,2.358216,1
5.885934,-1.862419,17.265560,5.208803,-1375.796000,1,10.000000,2.400701,0
5.445115,-2.300590,16.156850,5.212447,195.920100,0,10.000000,2.648889,0
5.569912,-2.176818,16.803710,5.230755,-1346.134000,1,10.000000,2.565727,0
5.779844,-1.947048,15.780260,4.564550,185.276000,0,10.000000,2.457194,0
5.764883,-1.976127,16.624400,4.942204,-1352.849000,1,10.000000,2.458468,0
5.325887,-1.990436,15.187060,4.733047,187.006100,0,10.000000,2.858338,0
5.184718,-2.764073,20.211870,6.688836,-1382.534000,1,10.000000,2.825150,1
5.447230,-2.388209,17.096070,5.524152,187.228500,0,10.000000,2.625057,0
5.371647,-1.998173,16.540030,5.245069,162.408900,0,10.000000,2.812809,0
5.523102,-2.007005,14.659420,4.553022,200.468200,0,10.000000,2.668532,0
5.481230,-1.872636,15.803780,4.968550,166.691700,0,10.000000,2.759557,0
5.418620,-2.528611,18.680930,5.893477,-1357.141000,1,10.000000,2.624067,0
5.403448,-2.145162,16.572510,5.274723,-1349.800000,1,10.000000,2.733648,0
5.406836,-2.335781,17.050850,5.349314,-1341.000000,1,10.000000,2.676880,0
5.415072,-1.851015,18.144780,5.844975,-1415.348000,1,10.000000,2.828784,0
6.085601,-2.073770,15.745700,4.545868,201.822500,0,10.000000,2.126694,0
5.805540,-2.340193,17.106740,5.502157,197.729500,0,10.000000,2.291507,0
5.923761,-1.961854,15.964770,4.545569,186.853900,0,10.000000,2.321317,0
5.965083,-2.364083,18.373290,5.661228,-1352.009000,1,10.000000,2.131966,1
5.828011,-2.262454,18.747390,5.682652,-1370.350000,1,10.000000,2.293798,0
6.033132,-1.895025,16.528800,4.949322,-1352.680000,1,10.000000,2.256001,0
6.053330,-2.018244,17.014200,4.885290,-1348.112000,1,10.000000,2.180222,0
5.962269,-2.099187,17.867910,5.215587,-1361.394000,1,10.000000,2.227962,0
5.840826,-2.493499,18.741790,5.832894,-1351.309000,1,10.000000,2.217786,1
5.976332,-2.361426,17.356040,5.217153,-1329.206000,1,10.000000,2.122029,1
6.233327,-2.317784,19.361510,5.598820,-1363.353000,1,10.000000,1.893820,1
6.159649,-2.448677,19.237610,5.645746,-1351.479000,1,10.000000,1.921158,1
6.230175,-2.413950,19.344470,5.698363,-1355.875000,1,10.000000,1.864332,1
5.875355,-2.364010,17.707680,5.558722,-1342.681000,1,10.000000,2.217791,0
5.987244,-2.062419,19.000430,5.750296,-1391.745000,1,10.000000,2.220416,0
6.041542,-2.182405,19.070920,5.803940,-1380.473000,1,10.000000,2.122267,0
6.261544,-1.887953,17.295570,5.061358,-1362.764000,1,10.000000,2.063704,0
6.043776,-2.141550,16.095810,4.771731,199.553500,0,10.000000,2.136293,0
6.035471,-1.922131,17.983590,5.246537,-1379.699000,1,10.000000,2.240798,0
6.087401,-2.254503,18.023080,5.465425,-1350.691000,1,10.000000,2.052754,0
5.577015,-2.257149,15.905220,4.941399,201.965300,0,10.000000,2.534302,0
5.350813,-2.373400,19.839750,6.415244,-1402.309000,1,10.000000,2.722282,0
5.442920,-2.102138,14.929060,4.744810,201.036100,0,10.000000,2.710132,0
5.545573,-1.891633,14.712470,4.244246,194.638700,0,10.000000,2.693082,0
5.540039,-2.055490,15.880000,4.738184,187.339100,0,10.000000,2.635054,0
5.547637,-2.115102,16.784460,5.082667,175.936700,0,10.000000,2.607130,0
5.543019,-1.886608,16.324590,5.063177,161.056000,0,10.000000,2.697480,0
5.509442,-2.469633,17.690380,5.763085,-1344.706000,1,10.000000,2.546403,0
5.465518,-2.016405,18.790630,5.965409,-1410.446000,1,10.000000,2.718650,0
5.443287,-2.131500,19.360920,6.168404,-1412.424000,1,10.000000,2.700198,0
5.437658,-2.083193,15.733780,4.931750,186.984500,0,10.000000,2.721421,0
5.496256,-2.300904,15.798960,4.883827,206.765800,0,10.000000,2.599514,0
5.715364,-2.151244,16.546110,4.933044,-1336.333000,1,10.000000,2.437201,0
5.410836,-2.796380,19.913350,6.239036,-1355.931000,1,10.000000,2.597158,1
5.696930,-2.126695,15.247930,4.714380,203.571000,0,10.000000,2.463086,0
5.556802,-2.065250,18.348250,5.746006,-1391.387000,1,10.000000,2.615908,0
5.406775,-2.442821,18.096900,5.654621,-1352.221000,1,10.000000,2.652407,0
5.441465,-2.806608,19.950370,6.502556,-1362.167000,1,10.000000,2.565834,1
5.543986,-2.323027,16.755560,5.270483,-1333.657000,1,10.000000,2.547606,0
5.955191,-1.878713,18.973940,5.587188,-1409.574000,1,10.000000,2.332065,0
6.073613,-1.973357,16.582180,4.845870,179.075700,0,10.000000,2.182880,0
5.957602,-2.204484,17.837660,5.536882,-1356.655000,1,10.000000,2.191857,0
6.088987,-2.245495,19.142810,5.708347,-1372.494000,1,10.000000,2.054568,0
5.826305,-2.250179,16.671970,5.280569,-1333.737000,1,10.000000,2.299387,0
6.114886,-2.377327,19.781490,5.876947,-1371.561000,1,10.000000,1.985290,1
6.006480,-1.913191,16.950890,5.027253,-1359.926000,1,10.000000,2.270523,0
6.008204,-2.319453,19.008150,5.841540,-1367.838000,1,10.000000,2.104851,0
6.044710,-2.069311,17.974120,5.489503,-1368.471000,1,10.000000,2.165489,0
5.859198,-2.086146,15.450950,4.765103,199.345800,0,10.000000,2.327695,0
5.272875,-2.495412,16.834040,5.629990,-1332.811000,1,10.000000,2.773413,0
5.516126,-2.140511,16.729000,5.281182,-1350.338000,1,10.000000,2.628375,0
5.488245,-2.242043,19.433440,5.990108,-1397.543000,1,10.000000,2.623626,0
5.396347,-1.932880,19.307660,6.039714,-1433.101000,1,10.000000,2.813851,0
5.316286,-2.022505,17.983830,5.810771,-1396.787000,1,10.000000,2.856189,0
5.591368,-2.038215,17.847990,5.654850,-1383.022000,1,10.000000,2.593557,0
5.394904,-2.313023,16.548500,5.284379,190.678200,0,10.000000,2.694153,0
5.315042,-2.035507,14.026840,4.445780,208.634200,0,10.000000,2.852937,0
5.285071,-2.185777,14.728390,4.639627,209.797900,0,10.000000,2.834395,0
5.413603,-2.701360,19.917960,6.397404,-1369.202000,1,10.000000,2.603581,1
5.572297,-1.881028,16.829950,5.182958,-1373.645000,1,10.000000,2.673171,0
5.503048,-2.004914,15.831320,4.804733,181.801300,0,10.000000,2.687930,0
5.536668,-1.930413,15.875560,4.902760,173.643800,0,10.000000,2.685521,0
5.458188,-2.248542,16.174510,5.282782,190.049500,0,10.000000,2.650565,0
5.528218,-1.824102,15.468450,4.506355,174.389500,0,10.000000,2.737232,0
5.549920,-2.567881,18.301030,5.720194,-1341.883000,1,10.000000,2.487894,1
5.222266,-2.339579,18.386770,5.935929,-1376.489000,1,10.000000,2.855164,0
6.406487,-1.998075,16.146800,4.640486,193.948800,0,10.000000,1.882322,0
6.354542,-1.854685,16.527840,4.467144,177.645800,0,10.000000,2.004814,0
6.090430,-2.380123,18.557630,5.637639,-1350.038000,1,10.000000,2.007662,1
6.248680,-2.240065,20.002690,5.848621,-1384.967000,1,10.000000,1.909090,0
6.148678,-2.230702,17.108570,5.301012,190.651300,0,10.000000,2.004797,0
5.862828,-2.150263,16.281290,5.082039,190.238400,0,10.000000,2.299904,0
5.650675,-2.332011,16.903740,5.258006,192.879600,0,10.000000,2.442445,0
5.842821,-2.045762,17.194440,5.178973,-1357.581000,1,10.000000,2.358812,0
5.786383,-2.078461,18.696160,5.726089,-1388.920000,1,10.000000,2.397777,0
5.915001,-2.537390,20.084150,6.265631,-1373.228000,1,10.000000,2.135703,1
5.924878,-1.945883,15.966200,4.566046,185.151700,0,10.000000,2.327508,0
5.846300,-1.878828,18.245270,5.441735,-1396.705000,1,10.000000,2.428055,0
6.099993,-2.426805,18.558790,5.826453,-1332.125000,1,10.000000,1.984586,1
6.249324,-2.435165,19.978900,6.039490,-1369.352000,1,10.000000,1.839539,1
6.239123,-1.931696,16.810920,4.679571,176.474500,0,10.000000,2.059602,0
5.961760,-1.979168,16.002280,4.747492,185.804100,0,10.000000,2.279588,0
5.763642,-2.388637,19.221210,6.103971,-1373.491000,1,10.000000,2.318418,0
5.923664,-2.108373,15.531530,4.737319,201.660200,0,10.000000,2.259683,0
6.129704,-1.844310,17.614920,5.018133,-1375.643000,1,10.000000,2.198550,0
6.116451,-1.917798,16.638430,4.919359,-1350.186000,1,10.000000,2.172307,0
6.079052,-2.111149,19.737640,6.050053,-1401.780000,1,10.000000,2.116624,0
5.932244,-2.113739,15.542260,4.730612,202.218900,0,10.000000,2.249683,0
5.957291,-2.343722,17.837210,5.337970,-1340.053000,1,10.000000,2.145545,1
6.110397,-2.158868,16.618970,4.832179,195.278700,0,10.000000,2.068357,0
5.918939,-2.122606,16.809400,5.207981,-1343.473000,1,10.000000,2.258459,0
6.243291,-1.930717,18.818130,5.584421,-1392.880000,1,10.000000,2.056549,0
6.134626,-2.344501,19.812340,5.928236,-1375.846000,1,10.000000,1.977195,1
5.924929,-1.926515,15.165680,4.423152,195.512100,0,10.000000,2.336298,0
6.079051,-1.843217,14.987310,4.225317,195.452500,0,10.000000,2.242363,0
5.847762,-2.118623,17.692770,5.419055,-1362.598000,1,10.000000,2.325716,0
6.012628,-2.004442,16.491120,5.032291,182.881900,0,10.000000,2.222787,0
5.888434,-2.444526,18.247720,5.800008,-1347.794000,1,10.000000,2.183406,1
5.963180,-2.294945,17.337770,5.309488,-1336.913000,1,10.000000,2.155398,0
6.162202,-1.938417,16.270460,4.575617,184.356000,0,10.000000,2.122371,0
6.345033,-2.076375,16.069980,4.542613,202.093400,0,10.000000,1.895257,0
6.290446,-1.921975,18.336740,5.468746,-1382.481000,1,10.000000,2.021067,0
6.381289,-2.043410,18.454990,5.526818,-1354.364000,1,10.000000,1.880237,0
6.443740,-1.894941,15.411080,4.387432,197.723200,0,10.000000,1.908691,0
6.283847,-1.965119,16.858690,4.857092,177.444100,0,10.000000,2.004036,0
6.171071,-2.120337,19.278950,5.662542,-1384.428000,1,10.000000,2.029480,0
6.071731,-2.013813,17.512370,5.223347,-1361.277000,1,10.000000,2.165823,0
6.056272,-2.239859,17.467070,5.385996,-1343.298000,1,10.000000,2.087078,0
5.951613,-1.983966,16.421550,4.832294,-1342.941000,1,10.000000,2.286529,0
5.783381,-2.185438,18.679780,5.799345,-1380.089000,1,10.000000,2.361548,0
5.798631,-2.485630,18.677860,5.844816,-1352.306000,1,10.000000,2.260664,1
5.818434,-2.552762,19.305640,5.855742,-1353.985000,1,10.000000,2.226938,1
5.917354,-1.972506,16.376400,4.847858,-1344.221000,1,10.000000,2.322317,0
5.931225,-2.148518,18.347790,5.492641,-1369.497000,1,10.000000,2.237152,0
5.932301,-2.349722,18.325090,5.682346,-1353.773000,1,10.000000,2.167542,0
5.982921,-2.168518,19.587440,5.960413,-1394.298000,1,10.000000,2.181735,0
6.126444,-2.248501,17.089820,5.037852,194.684200,0,10.000000,2.018654,0
6.105549,-2.120965,16.174920,4.798835,197.316600,0,10.000000,2.088456,0
6.168687,-2.073398,17.635310,5.374669,-1340.133000,1,10.000000,2.052389,0
6.049657,-2.356491,19.070960,5.785422,-1363.149000,1,10.000000,2.053762,1
6.156133,-1.926708,15.447670,4.422923,195.531000,0,10.000000,2.133495,0
6.233992,-1.976128,19.375000,5.881698,-1394.828000,1,10.000000,2.041347,0
5.675270,-2.102867,17.971380,5.559773,-1375.094000,1,10.000000,2.491830,0
5.817775,-2.357650,17.135820,5.222397,195.851700,0,10.000000,2.274801,0
5.885923,-2.224340,18.269260,5.619174,-1364.287000,1,10.000000,2.251881,0
5.584847,-2.536701,18.353950,5.767437,-1345.834000,1,10.000000,2.459189,1
5.708929,-2.335015,16.513350,5.165926,199.802800,0,10.000000,2.385626,0
5.824879,-1.912643,15.431190,4.520649,188.892400,0,10.000000,2.431768,0
5.592054,-2.677198,19.563280,6.040133,-1354.350000,1,10.000000,2.429486,1
5.639635,-2.387449,19.665600,5.995770,-1382.254000,1,10.000000,2.438553,0
5.599402,-2.456299,18.963400,6.006467,-1366.590000,1,10.000000,2.461398,0
5.656036,-2.193087,17.931190,5.665133,-1368.123000,1,10.000000,2.478967,0
6.155881,-1.925131,16.701390,4.688210,-1346.693000,1,10.000000,2.134506,0
5.830118,-2.361092,17.152970,5.217616,-1329.245000,1,10.000000,2.261989,0
5.965170,-1.985165,15.595150,4.656625,192.605900,0,10.000000,2.273856,0
5.909207,-1.905003,15.536530,4.530215,187.370500,0,10.000000,2.360176,0
5.781620,-2.152551,19.272900,5.985362,-1396.381000,1,10.000000,2.374738,0
6.086753,-1.878877,17.070300,4.854887,-1361.310000,1,10.000000,2.217528,0
6.007676,-2.223843,17.921220,5.268741,-1350.064000,1,10.000000,2.138171,0
6.090858,-2.099943,19.157420,5.693443,-1387.004000,1,10.000000,2.110669,0
5.785776,-2.622876,19.241460,6.009221,-1350.996000,1,10.000000,2.246110,1
5.866166,-2.386131,20.030970,5.997897,-1382.432000,1,10.000000,2.220379,1
5.740664,-2.315758,16.556240,5.191949,197.630900,0,10.000000,2.360675,0
5.984516,-2.416904,18.401870,5.583549,-1345.518000,1,10.000000,2.098136,1
5.949141,-1.940835,14.447300,4.262709,207.334300,0,10.000000,2.308215,0
6.081524,-1.855828,16.167030,4.681499,175.553700,0,10.000000,2.233759,0
5.909707,-2.242281,17.263510,5.382631,-1343.018000,1,10.000000,2.223390,0
5.883646,-2.127591,17.239450,5.299126,-1351.835000,1,10.000000,2.289116,0
6.000460,-2.057509,16.474310,4.965546,184.169500,0,10.000000,2.210532,0
5.899670,-1.937187,15.933880,4.577194,184.224900,0,10.000000,2.353924,0
5.806631,-2.431501,18.702740,5.671772,-1353.654000,1,10.000000,2.265846,1
5.724115,-2.656019,19.763300,6.349639,-1354.956000,1,10.000000,2.301733,1
5.826962,-2.410492,19.318970,6.078040,-1372.576000,1,10.000000,2.251580,1
5.956795,-1.874371,15.215630,4.265666,192.859800,0,10.000000,2.332752,0
5.850542,-2.102940,17.696740,5.441460,-1364.465000,1,10.000000,2.329138,0
5.882284,-1.992491,16.771680,5.147577,-1354.203000,1,10.000000,2.345165,0
5.775063,-2.268771,19.884030,6.187186,-1398.247000,1,10.000000,2.342017,0
5.297939,-2.310501,15.525670,5.118257,203.020400,0,10.000000,2.788646,0
5.450567,-2.006967,15.762270,4.802029,182.026200,0,10.000000,2.736005,0
5.184176,-2.830740,19.521560,6.462333,-1358.793000,1,10.000000,2.820906,1
5.270006,-2.267515,15.932460,5.012158,196.826500,0,10.000000,2.826553,0
5.339713,-2.107089,16.495680,5.093797,-1350.486000,1,10.000000,2.806139,0
5.327517,-2.426014,17.976800,5.680083,-1354.348000,1,10.000000,2.733428,0
5.153755,-2.461834,17.180160,5.517477,-1339.998000,1,10.000000,2.896677,0
5.222160,-2.600210,18.360810,6.044637,-1353.961000,1,10.000000,2.806462,1
5.374225,-2.148780,16.073300,5.172611,183.447800,0,10.000000,2.760302,0
5.300085,-2.510229,19.755200,6.187196,-1383.237000,1,10.000000,2.743979,0
5.229084,-2.346547,16.784430,5.583669,182.255800,0,10.000000,2.846924,0
5.401348,-2.269580,18.666590,6.045302,-1385.627000,1,10.000000,2.699353,0
5.138202,-2.315144,16.655910,5.616407,177.315900,0,10.000000,2.942604,0
5.257048,-2.253818,15.484210,4.945782,201.599900,0,10.000000,2.842635,0
5.319889,-1.938788,16.479390,5.102735,158.526100,0,10.000000,2.882562,0
5.513982,-1.841113,18.877480,6.016739,-1430.421000,1,10.000000,2.742864,0
5.509635,-2.281080,15.816560,4.909911,204.590900,0,10.000000,2.592058,0
5.439925,-1.964942,17.636710,5.534088,-1388.688000,1,10.000000,2.761400,0
5.405296,-2.469892,17.036170,5.407463,196.977700,0,10.000000,2.648302,0
5.262087,-2.388682,16.351450,5.431087,194.241200,0,10.000000,2.805330,0
5.409135,-2.507628,18.666110,5.926265,-1359.883000,1,10.000000,2.637236,0
5.513984,-2.550178,18.246580,5.747018,-1344.126000,1,10.000000,2.526384,1
5.442751,-1.917355,16.650030,5.132503,-1369.446000,1,10.000000,2.776984,0
5.470901,-2.745428,19.354290,6.201602,-1352.027000,1,10.000000,2.541878,1
5.450689,-2.504818,20.006210,6.196214,-1383.992000,1,10.000000,2.596958,1
5.361912,-2.224632,16.056670,5.070107,191.994600,0,10.000000,2.749674,0
5.347580,-2.354288,16.953710,5.572611,-1343.841000,1,10.000000,2.729885,0
6.153046,-2.547163,19.828470,5.864493,-1354.716000,1,10.000000,1.901658,1
6.110756,-1.894131,18.091140,5.286537,-1383.027000,1,10.000000,2.189107,0
5.923341,-2.069562,15.531130,4.785832,197.619000,0,10.000000,2.275572,0
6.043693,-2.236466,16.519280,4.968613,199.696200,0,10.000000,2.100029,0
5.879975,-2.144086,16.756750,5.178954,-1341.052000,1,10.000000,2.286284,0
6.106646,-2.198164,18.062600,5.305426,-1353.123000,1,10.000000,2.056145,0
6.058599,-2.100317,16.999650,5.220928,172.773700,0,10.000000,2.139736,0
6.126850,-2.133121,17.102170,4.957537,-1338.373000,1,10.000000,2.064018,0
6.083640,-2.088346,16.583760,4.924971,-1334.899000,1,10.000000,2.122157,0
6.113544,-2.158425,17.072380,5.159577,-1339.437000,1,10.000000,2.065663,0
6.043774,-2.532801,19.049290,5.773347,-1346.329000,1,10.000000,2.011243,1
5.915074,-1.910455,14.779650,4.368553,199.292700,0,10.000000,2.352451,0
6.045090,-1.885985,17.486610,5.176074,-1373.072000,1,10.000000,2.250045,0
5.947342,-2.430648,18.903180,5.928124,-1359.273000,1,10.000000,2.130156,1
5.818491,-2.548967,19.928490,6.246959,-1371.665000,1,10.000000,2.227648,1
6.089988,-1.868342,16.177880,4.665457,176.887400,0,10.000000,2.220089,0
6.011455,-2.145617,17.416970,5.274090,-1349.747000,1,10.000000,2.164320,0
5.921645,-1.959794,15.161550,4.382543,198.887900,0,10.000000,2.324132,0
5.942436,-2.069121,18.932540,5.740142,-1390.898000,1,10.000000,2.258341,0
5.749269,-2.236929,18.628090,5.721328,-1373.578000,1,10.000000,2.376566,0
5.950106,-2.021572,16.863330,5.108278,173.041200,0,10.000000,2.271428,0
5.769617,-2.289020,17.068940,5.317718,-1337.600000,1,10.000000,2.340962,0
6.008261,-1.890625,18.483450,5.424387,-1395.262000,1,10.000000,2.279855,0
5.887426,-2.294718,18.260230,5.754996,-1358.987000,1,10.000000,2.227194,0
5.773041,-2.080033,17.586030,5.474185,-1367.194000,1,10.000000,2.409499,0
5.972261,-2.111432,18.977730,5.676034,-1385.553000,1,10.000000,2.213883,0
6.190178,-2.159863,18.717240,5.717702,-1362.707000,1,10.000000,1.995316,0
6.413582,-1.945414,19.068560,5.562807,-1391.080000,1,10.000000,1.904960,0
6.216975,-1.867497,16.781780,4.764044,-1352.997000,1,10.000000,2.112283,0
6.137353,-1.979655,15.810380,4.663513,192.032700,0,10.000000,2.123807,0
6.407130,-1.913402,19.059070,5.609883,-1395.001000,1,10.000000,1.928193,0
6.234426,-1.886780,15.172940,4.173593,199.748100,0,10.000000,2.087226,0
6.242847,-1.932874,18.817480,5.581248,-1392.616000,1,10.000000,2.055807,0
5.401221,-1.969774,16.592350,5.059700,162.107400,0,10.000000,2.795536,0
5.432429,-1.973760,17.111000,5.394768,-1376.319000,1,10.000000,2.765066,0
5.364932,-2.189958,16.519010,5.212506,-1344.612000,1,10.000000,2.756765,0
5.628133,-1.950117,15.995910,4.876833,175.801500,0,10.000000,2.593840,0
5.635457,-1.970699,16.439520,5.162493,-1360.118000,1,10.000000,2.578861,0
5.554115,-2.101078,16.793460,5.102144,174.314300,0,10.000000,2.605842,0
5.556592,-1.864481,17.299470,5.328893,-1386.552000,1,10.000000,2.694373,0
5.350583,-2.206838,16.970490,5.533519,-1356.374000,1,10.000000,2.765595,0
5.300418,-2.235657,15.961570,5.308281,200.767900,0,10.000000,2.805702,0
5.501983,-2.026660,15.402650,4.902729,182.115600,0,10.000000,2.680948,0
5.393723,-2.131318,18.101150,5.645905,-1383.040000,1,10.000000,2.747232,0
5.486523,-2.655352,19.380190,6.348684,-1356.237000,1,10.000000,2.536996,1
5.432674,-2.409199,18.702890,6.080061,-1372.745000,1,10.000000,2.634427,0
5.416846,-2.370511,18.112150,5.764181,-1361.374000,1,10.000000,2.658748,0
6.029713,-1.915175,17.964260,5.478460,-1383.291000,1,10.000000,2.249194,0
6.126184,-2.075042,18.090520,5.481314,-1367.789000,1,10.000000,2.089673,0
6.186804,-1.959221,16.302000,4.548944,186.573300,0,10.000000,2.090670,0
6.110774,-2.066386,17.566600,5.150327,-1355.195000,1,10.000000,2.107323,0
6.178877,-1.926449,15.873620,4.503407,189.599200,0,10.000000,2.114001,0
5.873690,-2.369023,20.031100,6.281630,-1379.304000,1,10.000000,2.217956,0
5.908180,-2.275320,16.782610,5.246595,-1330.901000,1,10.000000,2.213791,0
5.802184,-2.363395,19.927780,6.034567,-1385.496000,1,10.000000,2.288157,0
6.142434,-1.903682,15.430960,4.451004,193.196600,0,10.000000,2.156957,0
5.987178,-2.396216,18.976290,5.725233,-1358.120000,1,10.000000,2.101430,1
5.914128,-1.899435,18.334070,5.630424,-1396.712000,1,10.000000,2.358412,0
5.593222,-2.394937,19.590740,5.983693,-1381.245000,1,10.000000,2.481669,0
5.919201,-1.936956,17.300650,5.329699,-1354.218000,1,10.000000,2.336618,0
5.742942,-1.864435,14.215610,4.124735,203.048200,0,10.000000,2.526622,0
5.779043,-2.315368,17.082030,5.281122,190.950100,0,10.000000,2.324085,0
5.774600,-2.097330,18.117450,5.567917,-1375.773000,1,10.000000,2.401504,0
5.856143,-2.460413,18.200240,5.776645,-1345.840000,1,10.000000,2.210719,1
5.544866,-2.338889,17.248040,5.344874,-1340.629000,1,10.000000,2.542588,0
5.564516,-2.557404,18.908890,5.848491,-1353.378000,1,10.000000,2.475374,1
5.703100,-2.009181,17.000380,5.229779,-1361.813000,1,10.000000,2.501493,0
5.967003,-2.015975,19.574200,5.966081,-1410.502000,1,10.000000,2.258624,0
5.947622,-1.843800,15.194550,4.512786,185.148000,0,10.000000,2.355643,0
5.681517,-1.998394,17.991990,5.484895,-1384.590000,1,10.000000,2.525584,0
5.961660,-1.874224,17.878140,5.314975,-1385.394000,1,10.000000,2.328562,0
5.977927,-2.404183,19.567490,5.834985,-1368.055000,1,10.000000,2.108027,1
6.000050,-2.527506,19.576390,6.157926,-1347.573000,1,10.000000,2.055006,1
6.129726,-2.096498,19.817080,6.083081,-1389.663000,1,10.000000,2.077075,0
5.960566,-2.312021,17.334150,5.285771,-1334.933000,1,10.000000,2.152349,0
5.813485,-2.567673,19.920420,6.216789,-1369.139000,1,10.000000,2.228846,1
6.129464,-2.126984,19.816410,6.025310,-1399.715000,1,10.000000,2.064234,0
5.958381,-2.173059,18.956700,5.582659,-1377.767000,1,10.000000,2.202735,0
5.832123,-2.435518,17.645910,5.456567,-1334.146000,1,10.000000,2.240163,1
6.436218,-1.873234,17.070260,4.756495,-1352.369000,1,10.000000,1.927438,0
6.302505,-2.024329,17.832890,5.208739,-1360.060000,1,10.000000,1.957913,0
6.249110,-2.068600,16.812980,4.720934,188.774600,0,10.000000,1.983210,0
6.399019,-1.949800,15.357840,4.322124,203.152500,0,10.000000,1.914696,0
6.213787,-2.079500,17.219660,5.029997,-1344.409000,1,10.000000,2.009447,0
6.283416,-1.860458,15.613940,4.282633,191.450700,0,10.000000,2.060393,0
6.153093,-2.047031,16.247580,4.660489,193.044100,0,10.000000,2.078272,0
6.042796,-2.416557,17.946880,5.483655,-1336.409000,1,10.000000,2.042316,1
6.072941,-2.223808,19.118640,5.740784,-1374.469000,1,10.000000,2.077505,0
6.166346,-2.274138,17.619950,5.338385,-1339.325000,1,10.000000,1.972096,0
6.234199,-2.252069,17.726330,5.126238,-1337.419000,1,10.000000,1.917669,0
6.141637,-2.239523,19.222590,5.717397,-1373.250000,1,10.000000,2.007944,0
6.275940,-1.904411,16.406350,4.830490,175.090100,0,10.000000,2.042718,0
6.270621,-2.122449,19.429790,5.659342,-1384.161000,1,10.000000,1.939290,0
6.282541,-2.055936,16.845470,4.967615,183.997100,0,10.000000,1.959827,0
6.200423,-2.080122,16.308260,4.618064,196.574400,0,10.000000,2.021053,0
6.364672,-2.011712,18.986340,5.685681,-1384.628000,1,10.000000,1.910762,0
5.383461,-2.356792,17.004970,5.569034,-1343.542000,1,10.000000,2.694438,0
5.271582,-2.509030,19.047860,6.297574,-1378.279000,1,10.000000,2.772240,0
5.481703,-2.085872,15.386820,4.610693,197.187900,0,10.000000,2.679076,0
5.481846,-1.885563,18.245950,5.792630,-1410.988000,1,10.000000,2.753737,0
5.402060,-2.063610,15.686940,4.957518,184.838200,0,10.000000,2.761543,0
5.320677,-1.925601,14.048220,4.345582,201.202300,0,10.000000,2.886712,0
5.362597,-2.226332,15.623090,4.981948,198.584200,0,10.000000,2.748537,0
5.469710,-2.261019,16.202340,5.020936,196.094600,0,10.000000,2.635993,0
5.450624,-2.350836,18.163330,5.793991,-1363.865000,1,10.000000,2.630728,0
5.509749,-2.009820,17.739390,5.468092,-1383.190000,1,10.000000,2.679889,0
5.303476,-2.659667,18.487870,5.951733,-1346.184000,1,10.000000,2.717916,1
5.378743,-2.779963,19.846920,6.541605,-1362.001000,1,10.000000,2.630476,1
5.491230,-2.217320,17.171410,5.518545,-1355.125000,1,10.000000,2.628025,0
5.416247,-2.088818,16.601970,5.119172,-1352.599000,1,10.000000,2.739713,0
5.168914,-2.422123,17.736500,5.685980,-1354.841000,1,10.000000,2.889462,0
5.238317,-2.073826,17.865690,5.733013,-1390.304000,1,10.000000,2.912849,0
5.257826,-2.040107,15.497160,4.988443,182.262100,0,10.000000,2.905325,0
5.407857,-2.075731,18.700530,5.872713,-1402.717000,1,10.000000,2.751996,0
5.484180,-1.922132,16.245080,5.015171,165.050800,0,10.000000,2.736996,0
5.231802,-2.011490,17.855820,5.827461,-1398.179000,1,10.000000,2.939400,0
5.385353,-2.152977,17.032180,5.369977,-1358.505000,1,10.000000,2.748423,0
5.484470,-2.778897,20.023300,6.540123,-1363.991000,1,10.000000,2.525228,1
5.312541,-2.278238,16.916140,5.431520,-1347.861000,1,10.000000,2.782692,0
5.350801,-1.851819,15.642070,4.784672,167.737300,0,10.000000,2.887312,0
5.234205,-2.201706,16.816260,5.300366,-1352.701000,1,10.000000,2.878697,0
5.321592,-2.146511,16.013990,4.939442,187.105200,0,10.000000,2.811105,0
5.317979,-2.311347,17.974620,5.608571,-1364.167000,1,10.000000,2.769021,0
5.385106,-2.533994,19.229480,6.271109,-1373.686000,1,10.000000,2.656094,0
5.214162,-2.039164,13.916830,4.209669,212.501100,0,10.000000,2.946880,0
5.196694,-2.213367,15.833400,5.085330,190.725400,0,10.000000,2.911583,0
5.333744,-2.231848,16.958450,5.257305,-1349.110000,1,10.000000,2.774703,0
6.003135,-1.955475,17.428340,5.079559,-1365.041000,1,10.000000,2.253553,0
5.845901,-2.635703,19.972700,6.107064,-1359.953000,1,10.000000,2.184686,1
5.964053,-2.203146,18.384160,5.650340,-1366.889000,1,10.000000,2.186334,0
6.090831,-2.134301,19.756050,6.013878,-1398.760000,1,10.000000,2.096273,0
6.007633,-2.513959,18.994530,5.801894,-1348.716000,1,10.000000,2.050796,1
5.991656,-2.161520,18.425030,5.720515,-1359.011000,1,10.000000,2.176349,0
5.868134,-2.027484,15.870640,4.918481,203.984000,0,10.000000,2.343212,0
5.714764,-2.072499,15.674000,4.860258,192.179200,0,10.000000,2.466285,0
5.838319,-1.944237,16.272470,4.884570,175.157600,0,10.000000,2.405722,0
5.663801,-2.210946,17.942610,5.638870,-1365.931000,1,10.000000,2.465853,0
5.854151,-1.836545,17.221420,5.244738,-1378.786000,1,10.000000,2.440962,0
5.571716,-2.234362,17.286390,5.494200,-1353.093000,1,10.000000,2.546127,0
5.675223,-2.354955,17.947030,5.674652,-1353.130000,1,10.000000,2.412607,0
5.704746,-2.182466,19.152790,5.938620,-1392.479000,1,10.000000,2.436505,0
5.623828,-2.169722,17.883830,5.699494,-1370.991000,1,10.000000,2.517053,0
5.636090,-2.675895,19.007570,5.926379,-1344.061000,1,10.000000,2.386025,1
5.373767,-2.109734,14.842200,4.735233,201.833900,0,10.000000,2.773026,0
5.543125,-2.070395,14.683660,4.475708,206.901800,0,10.000000,2.626862,0
5.481173,-2.294025,18.221880,5.634818,-1366.357000,1,10.000000,2.615892,0
5.323139,-2.210032,16.943310,5.288472,-1351.709000,1,10.000000,2.790991,0
5.467373,-1.971026,16.222360,4.949098,-1353.422000,1,10.000000,2.733676,0
5.612574,-1.928903,15.554610,4.811935,180.441400,0,10.000000,2.616687,0
5.670348,-1.841671,16.496930,5.131606,-1355.345000,1,10.000000,2.601732,0
5.565266,-2.170845,18.934850,5.956778,-1393.995000,1,10.000000,2.572048,0
5.563885,-2.028615,18.358970,5.801514,-1396.015000,1,10.000000,2.622641,0
5.368580,-2.543546,18.026270,5.757065,-1344.967000,1,10.000000,2.670716,1
5.416634,-2.312669,16.578690,5.284870,-1334.858000,1,10.000000,2.673239,0
5.506311,-1.999663,18.283020,5.619752,-1396.588000,1,10.000000,2.686849,0
5.417412,-2.816461,19.910280,6.486133,-1360.789000,1,10.000000,2.589102,1
5.573021,-2.132282,16.808030,5.292612,-1351.292000,1,10.000000,2.577433,0
6.336938,-1.840095,16.505280,4.485850,176.092300,0,10.000000,2.027598,0
6.141932,-2.359210,18.088500,5.565579,-1343.254000,1,10.000000,1.965459,1
6.422466,-2.008662,19.671140,5.606116,-1395.452000,1,10.000000,1.863160,0
6.150377,-2.003005,16.244140,4.717137,189.083400,0,10.000000,2.101215,0
6.288994,-2.064598,18.323100,5.496234,-1369.033000,1,10.000000,1.950005,0
6.305471,-1.915191,18.358200,5.478437,-1383.289000,1,10.000000,2.012023,0
6.332526,-2.265852,19.501420,5.900173,-1382.078000,1,10.000000,1.821933,1
6.130181,-2.363189,18.616090,5.662543,-1352.118000,1,10.000000,1.975285,1
6.252861,-2.032649,18.283050,5.310640,-1369.311000,1,10.000000,1.997064,0
5.858803,-2.299660,16.715890,5.213703,-1328.156000,1,10.000000,2.252821,0
5.827347,-2.104803,17.675170,5.207563,-1360.725000,1,10.000000,2.349850,0
5.854301,-2.405351,19.374330,5.833160,-1367.903000,1,10.000000,2.226574,1
5.738795,-2.380618,17.026130,5.190496,198.514200,0,10.000000,2.344500,1
5.866106,-2.268520,18.792990,5.918208,-1358.405000,1,10.000000,2.255785,0
5.639987,-2.423333,17.895210,5.574093,-1344.729000,1,10.000000,2.429446,1
5.852235,-1.901676,14.333060,4.303774,206.927800,0,10.000000,2.412304,0
5.959643,-1.872261,18.401000,5.670386,-1400.041000,1,10.000000,2.331277,0
5.919932,-2.236756,16.810750,5.053723,193.360800,0,10.000000,2.215677,0
6.123415,-1.858434,18.643240,5.677329,-1403.734000,1,10.000000,2.196530,0
6.170774,-2.258600,17.149720,5.024204,195.822100,0,10.000000,1.973763,0
6.534708,-1.887332,17.675650,4.843462,-1360.360000,1,10.000000,1.839867,0
6.066580,-2.371870,19.706010,5.885473,-1372.273000,1,10.000000,2.032895,1
6.470034,-1.962716,18.604390,5.188558,-1374.874000,1,10.000000,1.848447,0
6.268029,-1.872723,15.213080,4.190356,198.356000,0,10.000000,2.066513,0
6.292541,-2.074706,17.326080,5.036476,-1344.949000,1,10.000000,1.942057,0
6.376336,-2.109463,17.439320,4.989508,-1341.036000,1,10.000000,1.851848,0
6.032782,-2.352520,17.434440,5.229523,-1330.239000,1,10.000000,2.071033,1
6.169457,-2.119664,17.159750,4.975721,-1339.888000,1,10.000000,2.031226,0
6.009362,-2.303793,18.450790,5.502330,-1354.535000,1,10.000000,2.108872,0
5.941667,-2.178809,18.351240,5.686131,-1369.875000,1,10.000000,2.216098,0
5.923028,-2.350860,19.481710,5.918302,-1375.016000,1,10.000000,2.176050,0
6.195352,-2.227133,17.172140,5.295774,183.377200,0,10.000000,1.963180,0
6.238201,-1.918291,15.177350,4.136065,202.864900,0,10.000000,2.067373,0
6.203022,-2.060573,16.740840,4.961515,-1337.944000,1,10.000000,2.027721,0
5.612629,-2.322352,17.854980,5.722596,-1357.136000,1,10.000000,2.481682,0
5.670592,-1.864293,14.129720,4.124517,203.066400,0,10.000000,2.591520,0
5.717359,-1.909749,16.113320,4.929950,171.381300,0,10.000000,2.529644,0
5.335275,-2.381332,16.465680,5.189505,-1326.898000,1,10.000000,2.735601,0
5.703549,-2.358371,19.768690,6.042672,-1386.173000,1,10.000000,2.384403,0
5.578235,-2.731286,19.527410,6.224412,-1353.939000,1,10.000000,2.436627,1
5.707710,-2.040650,15.273330,4.587268,198.377300,0,10.000000,2.484944,0
5.437725,-2.324404,16.607980,5.268573,-1333.498000,1,10.000000,2.649846,0
5.712809,-1.947400,19.188150,5.850664,-1416.587000,1,10.000000,2.517778,0
5.412519,-2.219986,15.688780,4.990298,197.888000,0,10.000000,2.702496,0
5.484164,-2.118558,18.819760,5.805795,-1397.137000,1,10.000000,2.665777,0
5.673606,-2.107505,16.044240,4.899762,189.649200,0,10.000000,2.491718,0
5.811642,-2.105918,15.391510,4.740388,201.404500,0,10.000000,2.363958,0
5.763993,-2.245581,17.061130,5.378049,-1342.635000,1,10.000000,2.359846,0
5.864439,-1.872418,16.308030,4.968160,166.174400,0,10.000000,2.414966,0
5.787374,-2.524235,19.891360,6.025777,-1368.971000,1,10.000000,2.263199,1
5.822197,-2.022852,16.690480,5.106548,-1350.786000,1,10.000000,2.386974,0
5.974078,-2.042669,18.410800,5.648301,-1382.476000,1,10.000000,2.240724,0
6.451692,-2.059320,16.618780,4.877154,-1330.156000,1,10.000000,1.811667,0
6.318320,-1.945269,18.928470,5.563021,-1391.098000,1,10.000000,1.985071,0
6.325105,-2.160749,16.889550,5.068243,-1331.060000,1,10.000000,1.873397,0
6.329111,-2.162266,18.380410,5.356708,-1357.399000,1,10.000000,1.869136,0
6.275490,-2.064490,16.836200,4.956361,184.934500,0,10.000000,1.961916,0
6.254419,-2.483682,19.986870,5.963681,-1363.012000,1,10.000000,1.820340,1
6.271353,-1.858985,19.452970,5.617080,-1412.062000,1,10.000000,2.071265,0
6.376169,-1.835461,16.544780,4.707611,173.383100,0,10.000000,1.998243,0
6.113454,-2.415235,19.155210,5.959403,-1349.344000,1,10.000000,1.975097,1
6.094250,-2.407370,19.736600,6.082918,-1372.984000,1,10.000000,1.995769,1
6.256314,-2.057130,16.368290,4.879962,190.537900,0,10.000000,1.982283,0
6.323488,-1.885185,19.521170,5.793203,-1411.036000,1,10.000000,2.013332,0
6.077164,-2.189933,19.734690,5.926953,-1391.505000,1,10.000000,2.086506,0
6.176249,-2.103217,17.645840,5.332979,-1354.657000,1,10.000000,2.032311,0
5.494176,-2.450317,17.163130,5.435426,-1332.380000,1,10.000000,2.565406,0
5.508073,-2.090238,17.219060,5.228370,-1362.458000,1,10.000000,2.652804,0
5.463261,-2.156844,16.655580,5.258497,-1348.447000,1,10.000000,2.673193,0
5.543234,-2.364897,16.754520,5.212331,196.691800,0,10.000000,2.537529,0
5.413332,-2.550907,19.275010,6.243831,-1371.403000,1,10.000000,2.625364,1
5.533912,-2.205194,16.743070,5.417833,173.907000,0,10.000000,2.591005,0
5.375555,-2.155762,15.652070,4.836267,194.938200,0,10.000000,2.756891,0
5.586226,-2.215579,19.580170,6.274569,-1397.021000,1,10.000000,2.538035,0
5.508669,-1.996526,16.266790,5.142123,-1353.749000,1,10.000000,2.685831,0
5.607166,-2.188447,17.871230,5.433920,-1364.600000,1,10.000000,2.526712,0
5.358584,-2.684953,18.560310,6.185373,-1349.902000,1,10.000000,2.660137,1
5.605829,-2.289153,18.998230,5.771921,-1378.566000,1,10.000000,2.497471,0
5.582948,-2.735042,19.535010,6.218353,-1353.431000,1,10.000000,2.431531,1
6.069249,-1.918167,16.576330,4.918871,172.303200,0,10.000000,2.213179,0
6.155486,-2.003008,19.255340,5.840312,-1399.251000,1,10.000000,2.096717,0
5.918113,-2.440471,20.102230,6.160880,-1380.270000,1,10.000000,2.155766,1
6.056293,-2.035827,17.006820,5.089015,-1349.325000,1,10.000000,2.169707,0
5.886169,-2.413029,18.823250,5.699757,-1355.992000,1,10.000000,2.193813,1
6.014157,-2.089035,16.069450,4.606637,197.525400,0,10.000000,2.184818,0
5.878646,-2.273506,18.812520,5.912735,-1365.602000,1,10.000000,2.242306,0
5.893353,-2.207487,17.757900,5.292108,-1352.012000,1,10.000000,2.250786,0
5.970837,-1.997216,16.013910,4.724354,187.729400,0,10.000000,2.263422,0
6.245652,-1.836207,16.819510,4.805216,-1356.419000,1,10.000000,2.105267,0
6.000921,-2.142549,16.462990,5.092190,189.392100,0,10.000000,2.175210,0
6.157048,-1.838643,17.155120,5.125887,-1362.833000,1,10.000000,2.178353,0
6.174320,-2.175589,17.643170,5.232462,-1346.276000,1,10.000000,2.003188,0
6.054356,-2.087337,16.545230,4.926298,-1335.010000,1,10.000000,2.149066,0
6.180640,-1.858292,15.488610,4.285273,191.231400,0,10.000000,2.147922,0
6.027487,-1.939360,17.961080,5.443911,-1380.412000,1,10.000000,2.239591,0
6.169423,-2.112541,17.648050,5.086225,-1349.855000,1,10.000000,2.034354,0
5.985922,-2.139768,16.455190,4.857311,-1329.263000,1,10.000000,2.190093,0
5.885039,-2.596122,20.035830,6.170902,-1365.297000,1,10.000000,2.153178,1
6.309137,-1.923462,18.363440,5.466621,-1382.304000,1,10.000000,2.004483,0
6.167131,-2.133696,16.681900,5.112504,201.157500,0,10.000000,2.027287,0
6.349825,-1.831256,19.571870,5.659093,-1415.557000,1,10.000000,2.022138,0
6.380781,-1.863040,14.989330,3.912315,204.947800,0,10.000000,1.978522,0
6.292231,-2.062611,16.858220,4.958833,-1337.720000,1,10.000000,1.948120,0
6.371674,-2.154624,16.950830,5.076300,190.716900,0,10.000000,1.834695,0
6.482573,-1.870971,17.120290,4.980663,-1339.599000,1,10.000000,1.891373,0
6.186671,-2.343356,18.164900,5.338492,-1340.096000,1,10.000000,1.928560,1
6.095392,-2.292145,18.564780,5.768178,-1341.322000,1,10.000000,2.031893,0
5.518588,-2.011183,14.274790,4.475843,206.132500,0,10.000000,2.671173,0
5.328004,-2.504874,19.801730,6.196121,-1383.984000,1,10.000000,2.717483,0
5.373491,-2.150984,15.225200,4.996121,199.803900,0,10.000000,2.760322,0
5.575337,-1.848180,18.398400,5.633452,-1413.423000,1,10.000000,2.684339,0
5.458037,-2.169396,19.384710,6.107281,-1407.322000,1,10.000000,2.674224,0
5.449394,-2.093515,14.949180,4.520934,203.897500,0,10.000000,2.706899,0
5.307987,-2.250936,17.959480,5.700106,-1371.807000,1,10.000000,2.794285,0
5.367217,-2.027508,15.228450,4.918336,203.780500,0,10.000000,2.806650,0
5.201384,-2.433745,17.250210,5.558783,-1343.449000,1,10.000000,2.855328,0
5.353909,-2.030995,16.515390,5.199482,166.206200,0,10.000000,2.817937,0
5.509187,-2.146492,18.264330,5.858354,-1385.015000,1,10.000000,2.632987,0
5.562323,-2.073763,17.805280,5.602573,-1378.663000,1,10.000000,2.607716,0
5.345982,-2.174812,18.017040,5.815444,-1381.433000,1,10.000000,2.779343,0
5.425349,-2.098035,16.614620,5.106371,-1351.533000,1,10.000000,2.728070,0
5.235114,-2.127545,15.467280,4.873393,191.845700,0,10.000000,2.899271,0
5.238513,-2.589061,19.639640,6.314793,-1378.110000,1,10.000000,2.791896,0
5.362541,-2.481867,19.206140,6.094113,-1374.686000,1,10.000000,2.687871,0
5.513692,-2.082180,18.865900,5.862637,-1401.877000,1,10.000000,2.650306,0
5.472576,-2.034376,15.791230,4.765965,185.027300,0,10.000000,2.705606,0
5.260391,-2.234349,15.919470,5.056977,193.089400,0,10.000000,2.844588,0
5.550123,-1.905258,16.345120,4.819237,165.625100,0,10.000000,2.683348,0
5.409867,-2.017449,18.703670,5.963777,-1410.310000,1,10.000000,2.770233,0
5.451797,-2.269719,18.757560,5.802287,-1381.100000,1,10.000000,2.650783,0
5.231897,-2.193476,16.812960,5.312122,-1353.681000,1,10.000000,2.883205,0
5.449157,-2.063958,15.748920,4.957061,184.876300,0,10.000000,2.717163,0
5.474425,-2.131916,19.411140,6.167733,-1412.368000,1,10.000000,2.670599,0
5.602782,-1.853036,16.872290,5.221836,-1376.880000,1,10.000000,2.657476,0
5.346295,-2.390208,16.468400,5.428967,194.418300,0,10.000000,2.722865,0
5.157647,-2.316043,16.694870,5.377512,183.667700,0,10.000000,2.923486,0
5.283334,-2.138757,15.518800,5.097179,188.976100,0,10.000000,2.849915,0
6.152133,-1.989146,15.062840,4.275078,207.063500,0,10.000000,2.106286,0
6.031408,-1.883201,15.295560,4.475980,191.120300,0,10.000000,2.263315,0
6.148633,-1.866869,15.846740,4.359365,185.837100,0,10.000000,2.170610,0
6.226594,-1.861853,15.944190,4.365635,185.316400,0,10.000000,2.107213,0
6.180429,-2.128814,19.896040,6.022450,-1399.476000,1,10.000000,2.017376,0
6.099966,-1.845840,16.190670,4.694306,174.489100,0,10.000000,2.223110,0
6.301406,-1.894443,18.363490,5.286090,-1382.990000,1,10.000000,2.026691,0
6.040106,-2.080763,17.457150,5.370052,-1346.312000,1,10.000000,2.164759,0
6.347089,-1.967553,17.411170,4.953790,-1353.813000,1,10.000000,1.948862,0
6.072440,-2.313837,19.117740,5.604801,-1363.852000,1,10.000000,2.046047,0
6.165582,-1.902896,18.169460,5.274015,-1381.985000,1,10.000000,2.137458,0
5.954194,-2.318971,18.369660,5.480010,-1352.672000,1,10.000000,2.156183,0
6.165923,-1.977064,19.282430,5.653993,-1399.440000,1,10.000000,2.100056,0
5.960660,-2.433537,18.936110,5.668684,-1353.396000,1,10.000000,2.116551,1
6.018820,-2.207238,18.464700,5.644323,-1366.386000,1,10.000000,2.133904,0
5.989487,-2.375238,18.979790,5.757018,-1360.776000,1,10.000000,2.105348,1
6.378491,-1.907362,19.604510,5.759601,-1408.237000,1,10.000000,1.955287,0
6.104695,-2.165168,16.599540,5.062428,191.873700,0,10.000000,2.071021,0
6.133428,-2.436779,19.197890,5.663773,-1352.985000,1,10.000000,1.949695,1
6.074792,-2.101475,17.020110,5.236332,193.757900,0,10.000000,2.124564,0
6.158526,-2.461812,19.837030,5.997854,-1365.870000,1,10.000000,1.918508,1
6.261867,-1.847908,14.850530,3.929799,203.497300,0,10.000000,2.085288,0
6.380663,-1.913401,17.952680,5.137994,-1369.903000,1,10.000000,1.950115,0
6.002621,-2.269693,19.606080,6.045125,-1385.612000,1,10.000000,2.126704,0
6.213223,-2.443719,19.318790,5.653259,-1352.107000,1,10.000000,1.871369,1
6.237103,-1.958666,16.797190,4.865584,176.737500,0,10.000000,2.047482,0
6.324406,-2.055872,16.912060,4.737681,187.381000,0,10.000000,1.923277,0
6.303733,-1.916324,15.627670,4.435587,194.478300,0,10.000000,2.012878,0
6.153336,-2.378039,18.104790,5.538682,-1341.006000,1,10.000000,1.948591,1
6.122352,-2.291037,19.793160,6.011775,-1382.826000,1,10.000000,2.007036,0
6.082245,-2.060554,18.581300,5.393483,-1376.976000,1,10.000000,2.135495,0
5.969374,-2.540406,19.528340,6.138082,-1361.784000,1,10.000000,2.081987,1
6.076541,-2.103624,19.135730,5.687865,-1386.539000,1,10.000000,2.122071,0
5.555886,-2.458001,17.238340,5.683433,-1337.281000,1,10.000000,2.503489,0
5.608956,-2.151050,15.947250,5.081003,190.324800,0,10.000000,2.537283,0
5.656791,-2.377708,17.395440,5.539153,-1341.046000,1,10.000000,2.424433,0
5.677531,-1.893996,16.071980,4.729176,172.350800,0,10.000000,2.572374,0
5.410395,-2.755630,19.256700,6.185146,-1350.648000,1,10.000000,2.601109,1
5.608995,-2.247213,15.934830,5.202482,214.414300,0,10.000000,2.506709,0
5.643474,-1.916744,14.832300,4.213723,197.173700,0,10.000000,2.593580,0
5.474977,-2.389697,18.770000,6.105656,-1371.278000,1,10.000000,2.597732,0
5.469752,-1.993986,16.676290,5.250884,161.924500,0,10.000000,2.722906,0
5.365952,-2.299619,17.504600,5.508470,-1355.047000,1,10.000000,2.725572,0
5.435122,-2.147378,18.163880,5.621570,-1381.011000,1,10.000000,2.702880,0
5.678206,-2.073137,15.224590,4.781340,197.993300,0,10.000000,2.499960,0
5.351423,-2.421812,17.470850,5.576332,-1344.916000,1,10.000000,2.710952,0
6.509690,-1.908886,17.641840,4.814336,-1357.939000,1,10.000000,1.847040,0
6.433398,-1.877833,19.687700,5.804341,-1411.964000,1,10.000000,1.927045,0
6.258607,-2.549340,19.993410,5.861090,-1354.432000,1,10.000000,1.798762,1
6.161028,-2.272481,19.240530,5.911054,-1367.811000,1,10.000000,1.977651,0
6.402871,-1.904902,17.026380,4.714827,-1348.905000,1,10.000000,1.936507,0
6.389062,-2.002170,16.549990,4.718922,188.209200,0,10.000000,1.894937,0
6.435265,-2.078105,17.046420,4.938446,186.426900,0,10.000000,1.816118,0
5.993297,-2.511786,19.578860,5.919768,-1359.339000,1,10.000000,2.065238,1
6.195615,-2.389315,19.907630,5.858217,-1369.996000,1,10.000000,1.904926,1
6.195136,-2.289759,19.919020,5.770974,-1378.487000,1,10.000000,1.939582,1
6.032393,-2.399012,19.639950,6.095979,-1374.076000,1,10.000000,2.057343,1
6.239794,-1.900359,17.266170,5.044593,-1361.369000,1,10.000000,2.075460,0
6.196719,-1.854019,14.399410,4.072560,206.624700,0,10.000000,2.136608,0
6.137480,-1.859731,14.692100,4.133825,202.293400,0,10.000000,2.183848,0
6.121256,-1.978550,17.094800,5.176031,-1342.052000,1,10.000000,2.138467,0
6.083828,-2.066357,16.158770,4.635712,195.105900,0,10.000000,2.131526,0
5.974418,-2.444921,18.944210,5.906498,-1357.464000,1,10.000000,2.100260,1
5.996662,-2.340039,18.990660,5.810350,-1365.232000,1,10.000000,2.109245,0
6.330387,-1.981647,16.919930,4.835346,179.253800,0,10.000000,1.955671,0
6.411405,-1.862327,19.076310,5.466000,-1398.725000,1,10.000000,1.953954,0
6.215215,-1.909684,16.768390,4.930034,-1351.075000,1,10.000000,2.091470,0
6.267733,-2.042025,18.304290,5.297247,-1368.196000,1,10.000000,1.979511,0
6.366168,-2.044245,19.574550,5.777833,-1394.041000,1,10.000000,1.892848,0
6.135832,-1.939846,15.808840,4.718301,198.248200,0,10.000000,2.144540,0
6.072949,-2.185012,16.569690,4.797779,198.144200,0,10.000000,2.092303,0
6.264441,-1.971358,17.299480,4.948648,-1353.385000,1,10.000000,2.017491,0
5.296725,-2.447641,16.881060,5.439249,-1332.699000,1,10.000000,2.759129,0
5.174511,-2.304164,16.718960,5.394483,182.251200,0,10.000000,2.909909,0
5.144925,-2.400438,18.855150,6.225451,-1385.670000,1,10.000000,2.917349,0
5.271656,-2.500642,17.340700,5.717484,-1340.892000,1,10.000000,2.773666,0
5.464415,-2.522346,18.171480,5.789187,-1347.653000,1,10.000000,2.580183,1
5.316825,-1.905217,16.946400,5.495834,-1375.081000,1,10.000000,2.897927,0
5.446362,-2.010421,16.643800,5.228057,163.826000,0,10.000000,2.738673,0
5.479078,-1.924273,16.700480,5.122896,-1368.647000,1,10.000000,2.740846,0
5.222625,-2.287821,17.817880,5.889467,-1371.842000,1,10.000000,2.867231,0
5.381268,-2.146495,16.541700,5.272871,175.849900,0,10.000000,2.754311,0
5.325872,-2.218712,16.935190,5.516558,-1354.959000,1,10.000000,2.785924,0
5.192662,-2.496484,17.759620,5.829265,-1350.982000,1,10.000000,2.852135,0
5.417490,-1.944510,19.330800,6.240257,-1434.130000,1,10.000000,2.789878,0
5.430143,-2.271255,19.327710,6.183180,-1397.912000,1,10.000000,2.671186,0
5.173167,-2.251270,16.240540,5.370147,183.519700,0,10.000000,2.924309,0
5.478753,-2.587685,18.761740,6.064206,-1355.599000,1,10.000000,2.554739,1
5.793716,-1.868932,17.137480,5.199757,-1375.043000,1,10.000000,2.479315,0
5.843546,-1.895675,16.279350,4.948467,169.840300,0,10.000000,2.422772,0
5.500107,-2.138516,15.398790,4.775622,199.229400,0,10.000000,2.644167,0
5.726585,-2.328974,16.537210,5.174090,-1324.850000,1,10.000000,2.370378,0
5.553520,-2.223639,16.315590,5.071450,191.882700,0,10.000000,2.566710,0
5.786598,-1.976403,14.984410,4.591071,197.302000,0,10.000000,2.438626,0
5.597127,-2.435981,18.959850,6.038213,-1369.245000,1,10.000000,2.468180,0
5.643969,-2.225550,19.057820,5.871302,-1386.860000,1,10.000000,2.480052,0
5.760461,-2.047130,17.579620,5.289953,-1367.588000,1,10.000000,2.433824,0
5.649789,-1.990839,16.024400,4.823252,180.260100,0,10.000000,2.557714,0
5.740400,-2.109372,17.052190,5.090625,-1350.222000,1,10.000000,2.428787,0
5.691433,-2.566646,19.723560,6.218444,-1369.278000,1,10.000000,2.348889,1
5.494058,-2.254272,15.784120,5.197069,206.718500,0,10.000000,2.614547,0
5.876561,-2.098507,15.484400,4.514947,204.395600,0,10.000000,2.306878,0
6.123727,-1.906453,17.120260,4.817622,-1358.212000,1,10.000000,2.171692,0
5.940145,-2.272020,17.812720,5.440402,-1348.602000,1,10.000000,2.184710,0
6.053135,-2.200293,17.474850,5.198151,-1343.415000,1,10.000000,2.104712,0
5.889318,-2.489991,19.416390,5.953822,-1362.187000,1,10.000000,2.171426,1
6.025697,-2.422028,18.462440,5.576015,-1344.889000,1,10.000000,2.057164,1
5.998590,-2.030269,14.879130,4.225951,211.147500,0,10.000000,2.223965,0
5.962466,-1.958888,18.405150,5.542992,-1389.429000,1,10.000000,2.288113,0
5.967266,-2.052652,16.442140,4.741919,187.028300,0,10.000000,2.242650,0
5.870139,-2.460898,18.786210,5.882289,-1355.440000,1,10.000000,2.197030,1
5.960348,-1.975849,14.481580,3.997963,213.576500,0,10.000000,2.282338,0
6.007106,-1.873991,18.481750,5.448847,-1397.297000,1,10.000000,2.289001,0
5.603265,-1.944355,14.413070,4.103292,205.586700,0,10.000000,2.618917,0
5.380123,-2.055999,18.657200,5.903543,-1405.288000,1,10.000000,2.784761,0
5.255671,-2.364071,19.035110,6.273355,-1389.979000,1,10.000000,2.817046,0
5.457441,-2.269955,17.123140,5.443352,-1348.849000,1,10.000000,2.645293,0
5.451581,-2.296008,15.740180,4.890269,206.228600,0,10.000000,2.643870,0
5.296358,-2.099547,19.135420,5.990197,-1413.279000,1,10.000000,2.849648,0
5.415397,-1.917448,16.152130,5.021500,164.524100,0,10.000000,2.802158,0
5.335939,-2.098149,14.806700,4.515007,204.390700,0,10.000000,2.812571,0
5.297087,-2.133076,16.436480,5.057702,178.016300,0,10.000000,2.838538,0
5.540451,-2.298791,19.505630,6.138766,-1394.202000,1,10.000000,2.557553,0
5.297848,-2.242070,16.413700,5.382923,-1343.042000,1,10.000000,2.806436,0
5.429220,-2.381689,16.583570,5.440799,193.429700,0,10.000000,2.644092,0
5.782238,-1.986628,15.366490,4.654796,192.758000,0,10.000000,2.438317,0
5.705348,-1.992072,16.097510,4.821629,180.395200,0,10.000000,2.506262,0
5.743416,-2.085504,15.317960,4.531201,203.043100,0,10.000000,2.434846,0
5.637912,-2.145586,16.898150,5.274134,175.744600,0,10.000000,2.511869,0
5.772547,-2.059021,18.125860,5.395737,-1377.163000,1,10.000000,2.418054,0
5.547778,-2.211136,18.322800,5.760407,-1376.840000,1,10.000000,2.575985,0
5.506412,-2.202249,16.715520,5.195434,182.306700,0,10.000000,2.618088,0
5.696951,-2.229809,17.477320,5.260218,-1349.353000,1,10.000000,2.428421,0
5.852982,-1.975682,16.743460,4.942807,-1352.899000,1,10.000000,2.378848,0
5.667362,-1.964800,16.492620,4.957511,169.849000,0,10.000000,2.552026,0
5.719696,-1.970541,15.288310,4.674904,191.084700,0,10.000000,2.501914,0
5.625658,-1.970549,19.051980,5.814495,-1413.575000,1,10.000000,2.587909,0
5.755958,-1.867058,16.175170,4.764622,169.404100,0,10.000000,2.513819,0
5.532303,-2.056808,16.763170,5.163630,169.192600,0,10.000000,2.641806,0
5.654247,-2.030262,14.822130,4.525221,202.781600,0,10.000000,2.538297,0
5.572165,-2.573704,19.531200,6.207060,-1368.325000,1,10.000000,2.464978,1
5.560047,-2.015176,16.347600,4.889435,-1348.457000,1,10.000000,2.631207,0
5.658034,-2.330624,18.477590,5.824614,-1366.424000,1,10.000000,2.435748,0
5.635149,-1.973378,16.005270,4.845752,179.075600,0,10.000000,2.578076,0
5.566597,-2.226118,18.936930,5.870415,-1386.786000,1,10.000000,2.553496,0
5.573014,-2.384633,19.545620,6.250941,-1387.802000,1,10.000000,2.503784,0
5.595823,-1.919616,17.344420,5.472116,-1382.762000,1,10.000000,2.635772,0
5.945036,-2.229901,16.389460,4.977252,198.975800,0,10.000000,2.194523,0
6.053008,-2.110455,17.486370,5.089121,-1350.096000,1,10.000000,2.140577,0
5.889934,-2.206694,17.753020,5.293239,-1352.107000,1,10.000000,2.254266,0
6.146926,-1.935104,17.628050,5.107852,-1367.395000,1,10.000000,2.137262,0
5.960608,-2.275114,17.841860,5.436681,-1348.272000,1,10.000000,2.164389,0
5.863249,-2.061999,16.305270,4.729620,188.051800,0,10.000000,2.333571,0
5.926315,-2.252588,18.328660,5.577631,-1360.820000,1,10.000000,2.204267,0
6.024205,-2.598755,19.614000,6.046910,-1354.152000,1,10.000000,2.016126,1
5.946896,-2.312999,17.315160,5.284411,-1334.820000,1,10.000000,2.164996,0
6.105293,-1.860865,16.634820,4.772771,168.726600,0,10.000000,2.210779,0
6.112057,-2.559019,19.764420,5.845966,-1353.167000,1,10.000000,1.938761,1
5.979150,-1.845483,18.440640,5.490771,-1400.786000,1,10.000000,2.327390,0
6.429038,-2.331843,19.067960,5.461081,-1351.092000,1,10.000000,1.707149,1
6.399561,-1.890922,15.744530,4.466564,191.903100,0,10.000000,1.947166,0
6.253713,-2.241255,17.261800,5.047645,-1330.104000,1,10.000000,1.903999,0
6.252882,-1.924540,17.283860,5.011916,-1358.649000,1,10.000000,2.051594,0
6.510085,-2.073197,19.792610,5.733967,-1390.383000,1,10.000000,1.754654,0
5.714524,-2.641856,19.760810,6.097138,-1359.122000,1,10.000000,2.313367,1
5.608536,-1.899651,16.424060,4.826815,164.995100,0,10.000000,2.632465,0
5.575102,-2.084918,17.824080,5.586169,-1377.295000,1,10.000000,2.591815,0
5.401568,-2.490346,19.924350,6.220333,-1386.009000,1,10.000000,2.647941,0
5.541474,-2.643367,19.481690,6.094701,-1358.918000,1,10.000000,2.484257,1
5.251855,-2.298578,19.687230,6.291755,-1407.750000,1,10.000000,2.836246,0
5.458992,-1.925281,13.877580,4.052402,209.055500,0,10.000000,2.758939,0
5.292019,-2.374832,17.923020,5.757633,-1360.827000,1,10.000000,2.779207,0
5.603427,-1.859083,15.554080,4.677326,175.900700,0,10.000000,2.654290,0
5.655299,-2.013194,19.087160,5.970427,-1410.865000,1,10.000000,2.543896,0
5.591951,-1.897640,17.860280,5.633064,-1396.932000,1,10.000000,2.648376,0
5.470545,-1.946903,18.809610,5.851441,-1416.652000,1,10.000000,2.739919,0
5.578570,-2.034578,17.829180,5.660199,-1383.468000,1,10.000000,2.606791,0
5.313484,-2.308691,17.955540,5.857847,-1369.200000,1,10.000000,2.774036,0
5.418591,-2.623529,18.088800,5.900750,-1341.150000,1,10.000000,2.608716,1
5.424490,-2.671482,19.279430,6.320868,-1362.022000,1,10.000000,2.596377,1
5.590278,-1.914648,18.410240,5.748562,-1407.317000,1,10.000000,2.642867,0
5.381914,-2.308256,18.071490,5.613256,-1364.558000,1,10.000000,2.707930,0
5.691891,-1.832102,14.533600,4.021918,196.611900,0,10.000000,2.586765,0
5.423152,-2.231115,15.702770,4.975654,199.109000,0,10.000000,2.689113,0
5.541955,-2.110087,16.776570,5.089633,-1350.139000,1,10.000000,2.614178,0
5.657233,-2.139408,17.944860,5.506037,-1370.614000,1,10.000000,2.495831,0
5.569715,-2.190681,19.564840,6.072950,-1404.457000,1,10.000000,2.561499,0
6.329364,-2.126069,16.907080,4.875336,-1330.765000,1,10.000000,1.885413,0
6.293042,-2.252507,19.451990,5.697724,-1371.608000,1,10.000000,1.863451,1
6.155024,-2.290903,19.230600,5.884799,-1371.452000,1,10.000000,1.976552,0
6.250488,-2.335504,18.243580,5.599445,-1346.083000,1,10.000000,1.871456,1
6.135085,-2.031917,17.113300,5.094299,-1349.766000,1,10.000000,2.101213,0
6.092367,-2.542904,19.122920,5.758039,-1345.048000,1,10.000000,1.961632,1
6.074965,-2.053719,15.721660,4.798062,196.944600,0,10.000000,2.145042,0
6.179771,-1.880478,15.476490,4.479301,190.844200,0,10.000000,2.136952,0
6.301893,-1.977597,17.339050,5.174388,-1344.250000,1,10.000000,1.982139,0
6.448793,-2.118487,19.108920,5.536803,-1373.179000,1,10.000000,1.784182,0
6.339571,-2.178514,16.908590,5.044866,-1329.111000,1,10.000000,1.852529,0
6.372242,-2.060031,16.963500,4.962227,184.445900,0,10.000000,1.879664,0
6.307572,-2.341750,20.082560,5.932537,-1376.205000,1,10.000000,1.815931,1
6.401716,-2.250112,17.946850,5.371755,-1342.110000,1,10.000000,1.765459,1
5.671890,-1.965736,16.498730,4.956247,169.954300,0,10.000000,2.547508,0
5.524010,-2.436312,17.205750,5.455434,-1334.051000,1,10.000000,2.539344,0
5.632487,-2.109533,16.902310,5.090401,-1350.203000,1,10.000000,2.529436,0
5.850335,-2.151639,19.380270,5.986789,-1396.500000,1,10.000000,2.311013,0
5.690948,-1.975552,14.878930,4.363063,200.507300,0,10.000000,2.526106,0
5.814940,-2.047833,15.814050,4.659460,193.129700,0,10.000000,2.383507,0
5.780451,-1.984945,14.603030,4.500943,202.800400,0,10.000000,2.440642,0
5.635304,-1.936705,14.451670,4.112492,204.822500,0,10.000000,2.592756,0
5.741828,-1.889924,14.568390,4.391971,197.345900,0,10.000000,2.516268,0
5.787947,-1.969106,15.779440,4.760393,184.730500,0,10.000000,2.440476,0
5.789507,-1.930511,19.298100,6.090198,-1420.416000,1,10.000000,2.455623,0
5.453326,-1.859579,18.202740,5.832001,-1414.267000,1,10.000000,2.790360,0
5.268224,-2.023628,14.345960,4.300792,205.684200,0,10.000000,2.901017,0
5.420174,-1.966714,14.543190,4.372667,199.708900,0,10.000000,2.779061,0
5.391654,-2.229801,19.277640,6.009854,-1399.191000,1,10.000000,2.719683,0
5.311731,-1.902801,16.468130,5.152756,155.143900,0,10.000000,2.903556,0
5.247339,-1.975777,16.378620,5.051363,162.801100,0,10.000000,2.937036,0
5.276534,-2.241682,16.396240,5.140666,-1338.622000,1,10.000000,2.827068,0
5.142460,-2.326168,18.863710,6.094611,-1390.512000,1,10.000000,2.935913,0
5.251692,-2.335810,17.861920,5.816759,-1365.767000,1,10.000000,2.827428,0
5.364926,-2.502982,18.597030,5.933526,-1360.490000,1,10.000000,2.681537,0
5.251099,-1.936316,14.712340,4.490725,190.653500,0,10.000000,2.947521,0
5.432399,-1.927870,16.175100,5.007417,-1358.275000,1,10.000000,2.782452,0
5.394960,-2.566267,19.245380,6.219056,-1369.329000,1,10.000000,2.640901,0
5.376184,-2.008130,19.264180,6.137644,-1425.573000,1,10.000000,2.805035,0
5.337293,-2.376635,19.177960,6.013213,-1383.712000,1,10.000000,2.734701,0
5.908046,-2.095277,19.482080,5.842171,-1400.170000,1,10.000000,2.279209,0
5.831680,-2.064586,19.362760,5.890127,-1404.169000,1,10.000000,2.361485,0
5.666504,-2.170428,16.937850,5.239786,178.612700,0,10.000000,2.476569,0
5.973308,-1.855981,17.386910,5.217746,-1376.540000,1,10.000000,2.327286,0
5.802886,-1.872029,18.170480,5.670726,-1400.069000,1,10.000000,2.469742,0
5.882670,-1.826492,17.765300,5.383164,-1391.068000,1,10.000000,2.420786,0
5.867262,-1.956704,16.310550,4.868165,176.522800,0,10.000000,2.374245,0
5.827466,-2.088228,17.173110,5.119992,-1352.668000,1,10.000000,2.356105,0
5.683181,-2.601582,19.710250,6.162096,-1364.560000,1,10.000000,2.350827,1
5.428771,-2.471565,17.056750,5.664056,191.360300,0,10.000000,2.624969,0
5.486812,-2.498759,18.205410,5.824925,-1350.642000,1,10.000000,2.562686,0
5.466478,-2.518935,18.755710,5.908598,-1358.405000,1,10.000000,2.578789,1
5.412925,-2.286352,15.689310,4.902975,205.169300,0,10.000000,2.683701,0
5.466798,-2.156462,17.653980,5.711930,-1370.277000,1,10.000000,2.669956,0
5.518289,-2.317200,19.469880,6.109075,-1391.721000,1,10.000000,2.573928,0
5.481915,-1.958490,16.704430,5.075372,-1364.692000,1,10.000000,2.724976,0
5.439671,-2.541491,19.974900,6.394077,-1384.747000,1,10.000000,2.601061,1
5.557897,-2.052057,17.798780,5.634494,-1381.325000,1,10.000000,2.619631,0
5.590281,-1.896379,14.386040,4.383877,198.018800,0,10.000000,2.650420,0
5.600448,-1.870111,17.362120,5.320851,-1385.883000,1,10.000000,2.652263,0
5.411457,-2.370038,16.558900,5.456981,-1333.417000,1,10.000000,2.664096,0
5.671190,-2.149389,16.486420,4.935553,187.429000,0,10.000000,2.479293,0
5.500324,-2.084018,15.013160,4.532868,202.904400,0,10.000000,2.662217,0
5.648376,-2.387607,19.052570,5.860884,-1370.219000,1,10.000000,2.430054,0
5.485980,-2.064391,17.187500,5.265294,-1365.534000,1,10.000000,2.682473,0
5.577827,-2.116361,16.348440,5.216420,-1344.176000,1,10.000000,2.578321,0
5.543853,-1.935806,17.270170,5.448988,-1380.836000,1,10.000000,2.676783,0
5.671583,-2.144975,17.441080,5.381411,-1359.458000,1,10.000000,2.480443,0
5.528540,-2.257115,18.293650,5.690742,-1371.025000,1,10.000000,2.580696,0
5.507885,-2.121894,16.265740,4.972709,184.334100,0,10.000000,2.642292,0
5.681693,-2.386925,16.934230,5.433527,194.037300,0,10.000000,2.398001,0
5.669855,-2.041860,14.841210,4.511088,203.957800,0,10.000000,2.519446,0
5.620235,-2.115194,19.032370,5.811052,-1397.576000,1,10.000000,2.538929,0
5.620755,-2.289167,16.394200,5.227882,194.631700,0,10.000000,2.483161,0
5.756778,-1.908358,18.102670,5.617301,-1395.619000,1,10.000000,2.494740,0
5.671199,-1.871723,15.249950,4.353299,186.340900,0,10.000000,2.587725,0
6.435426,-1.849862,16.631540,4.473327,-1343.796000,1,10.000000,1.941831,0
6.311182,-2.425460,19.454450,5.935985,-1359.930000,1,10.000000,1.783873,1
6.298857,-1.913355,15.621720,4.439207,194.177300,0,10.000000,2.018585,0
6.394092,-2.190984,19.605090,5.790940,-1379.388000,1,10.000000,1.798179,0
6.287483,-1.906031,16.009380,4.528932,187.477300,0,10.000000,2.032113,0
6.310880,-1.843064,16.471870,4.482044,-1344.519000,1,10.000000,2.047346,0
6.129210,-2.208523,18.082810,5.531113,-1356.174000,1,10.000000,2.031328,0
6.478117,-1.949151,17.114310,4.878105,-1346.753000,1,10.000000,1.849436,0
6.190548,-1.965528,18.205120,5.184541,-1374.539000,1,10.000000,2.084286,0
6.393843,-2.006733,19.627770,5.609038,-1395.695000,1,10.000000,1.888470,0
6.265788,-2.525442,20.004630,5.898430,-1357.555000,1,10.000000,1.797970,1
5.961946,-2.234491,16.867520,5.056785,193.105500,0,10.000000,2.177078,0
6.162128,-2.188225,16.687030,4.793551,-1323.952000,1,10.000000,2.009167,0
6.111422,-2.296819,19.164540,5.875835,-1370.703000,1,10.000000,2.015240,0
6.049033,-2.215455,16.526300,4.996260,-1325.058000,1,10.000000,2.102804,0
6.051976,-2.226820,17.461100,5.404106,-1344.810000,1,10.000000,2.095854,0
6.032771,-2.163425,17.446570,5.249358,-1347.685000,1,10.000000,2.137721,0
6.094883,-2.186954,18.588460,5.436116,-1364.784000,1,10.000000,2.071355,0
6.238389,-1.996205,16.798880,4.816190,180.847700,0,10.000000,2.027530,0
6.160462,-1.970288,16.257020,4.758877,184.856700,0,10.000000,2.108129,0
6.252497,-2.169193,18.270960,5.346813,-1356.574000,1,10.000000,1.934943,0
6.237875,-2.058503,18.250080,5.504941,-1369.759000,1,10.000000,1.997874,0
6.189123,-1.968580,16.293770,4.761066,184.674500,0,10.000000,2.084011,0
6.198420,-2.258263,18.728820,5.569287,-1360.123000,1,10.000000,1.948298,0
6.214863,-2.159986,17.209300,5.157467,-1339.261000,1,10.000000,1.972901,0
6.319959,-1.849357,16.917290,4.787914,-1354.981000,1,10.000000,2.036300,0
6.339937,-1.867841,14.930470,4.124981,203.027800,0,10.000000,2.009376,0
6.084874,-1.882823,19.159640,5.796782,-1411.334000,1,10.000000,2.217158,0
5.893583,-1.879065,16.345350,4.980031,-1340.445000,1,10.000000,2.386103,0
5.774305,-2.368880,17.062860,5.458588,-1333.552000,1,10.000000,2.313445,0
5.875907,-2.275786,17.721000,5.435266,-1347.402000,1,10.000000,2.244161,0
5.937200,-1.847339,16.413650,4.790567,-1355.202000,1,10.000000,2.363001,0
5.819704,-2.221943,19.332410,5.876937,-1387.331000,1,10.000000,2.314965,0
5.764063,-2.249211,19.245470,5.834331,-1383.775000,1,10.000000,2.358622,0
6.001911,-1.940775,14.530650,4.038873,210.179000,0,10.000000,2.261485,0
5.879092,-2.163346,15.872640,4.984510,197.610100,0,10.000000,2.279965,0
6.059848,-1.984037,18.548360,5.506009,-1386.349000,1,10.000000,2.190062,0
5.820437,-1.960372,17.676390,5.191906,-1375.152000,1,10.000000,2.414813,0
6.045221,-1.870329,19.099550,5.815713,-1412.911000,1,10.000000,2.257724,0
6.204019,-2.050957,18.760380,5.407597,-1378.151000,1,10.000000,2.031312,0
5.976268,-2.081040,18.983800,5.722083,-1389.392000,1,10.000000,2.222606,0
6.102451,-1.902075,16.631090,4.718547,173.234400,0,10.000000,2.192289,0
5.909027,-2.461395,18.290860,5.518121,-1340.052000,1,10.000000,2.159228,1
5.916362,-2.137811,16.805920,5.187434,182.211800,0,10.000000,2.254976,0
6.137589,-2.080091,16.654750,4.935833,186.644500,0,10.000000,2.077212,0
6.030674,-2.080078,18.494030,5.593286,-1377.889000,1,10.000000,2.173592,0
5.454721,-2.264580,16.631580,5.351661,-1340.433000,1,10.000000,2.649394,0
5.578742,-2.099660,17.320020,5.214911,-1361.337000,1,10.000000,2.583235,0
5.660156,-1.839588,16.951980,5.240513,-1378.434000,1,10.000000,2.611786,0
5.298247,-2.426758,16.883240,5.469082,191.829500,0,10.000000,2.761897,0
5.477440,-2.167645,17.163730,5.349024,-1356.758000,1,10.000000,2.656337,0
5.585586,-2.235990,18.966600,5.854989,-1385.499000,1,10.000000,2.532412,0
5.511215,-2.305557,18.267400,5.617346,-1364.899000,1,10.000000,2.583854,0
5.470747,-2.026298,16.677670,5.206007,-1359.833000,1,10.000000,2.710207,0
5.453642,-1.991031,16.203800,4.922064,172.798700,0,10.000000,2.738971,0
5.621036,-1.889704,18.456850,5.786356,-1410.465000,1,10.000000,2.625305,0
5.477096,-2.015868,14.984220,4.618072,195.814100,0,10.000000,2.708055,0
5.545880,-2.663701,19.475220,6.333421,-1363.074000,1,10.000000,2.477055,1
6.177404,-2.349092,18.139170,5.580034,-1344.461000,1,10.000000,1.935339,1
6.256297,-2.126601,16.810940,4.874635,-1330.707000,1,10.000000,1.950212,0
6.319242,-1.957278,16.905260,4.867411,-1345.863000,1,10.000000,1.977933,0
6.379183,-2.041396,16.972630,4.986748,182.403400,0,10.000000,1.883075,0
6.183948,-2.167645,17.167520,5.147118,-1338.398000,1,10.000000,1.997714,0
6.127871,-2.260756,17.091740,5.021291,196.065000,0,10.000000,2.012796,0
6.305759,-2.022125,19.483030,5.811347,-1396.835000,1,10.000000,1.956193,0
6.207857,-2.037567,18.766020,5.427288,-1379.792000,1,10.000000,2.034221,0
6.297007,-2.267329,18.873800,5.555955,-1359.011000,1,10.000000,1.853913,1
6.153626,-2.116299,15.830720,4.492709,206.246300,0,10.000000,2.046955,0
6.415469,-1.855551,16.180280,4.373514,184.662100,0,10.000000,1.954610,0
6.150964,-2.353956,18.101400,5.573086,-1343.881000,1,10.000000,1.958650,1
6.304594,-2.100636,16.874490,4.908801,188.896200,0,10.000000,1.919182,0
6.230102,-2.309653,19.344360,5.856389,-1369.078000,1,10.000000,1.899768,1
6.346826,-2.112100,18.958890,5.546814,-1373.996000,1,10.000000,1.876526,0
5.668760,-1.895659,16.049360,4.948489,169.838500,0,10.000000,2.579583,0
5.603171,-2.065702,15.142350,4.555891,200.988500,0,10.000000,2.572489,0
5.408748,-2.394529,19.280670,6.234981,-1386.467000,1,10.000000,2.661049,0
5.642300,-2.207630,15.569060,4.927736,202.344100,0,10.000000,2.487288,0
5.582385,-2.202809,17.301630,5.539274,-1356.855000,1,10.000000,2.545659,0
5.379335,-2.356987,18.632190,5.908728,-1374.216000,1,10.000000,2.698398,0
5.639965,-2.047392,15.589720,4.660025,193.082600,0,10.000000,2.545040,0
5.805392,-1.842390,13.945220,4.083794,205.691600,0,10.000000,2.481202,0
5.581023,-2.008036,14.730610,4.551878,200.563400,0,10.000000,2.614468,0
5.492212,-2.190770,15.388670,4.708630,204.809700,0,10.000000,2.635120,0
5.813780,-1.842557,15.834560,4.482694,176.354400,0,10.000000,2.473708,0
5.558872,-1.903426,16.356950,4.821712,-1358.552000,1,10.000000,2.676113,0
5.541970,-2.129196,16.299980,5.199074,181.241000,0,10.000000,2.607721,0
5.737525,-2.527971,18.585280,5.780664,-1346.941000,1,10.000000,2.311192,1
5.511150,-2.134176,16.258330,5.192346,181.802100,0,10.000000,2.635152,0
5.793522,-1.939329,14.262050,4.263601,207.260100,0,10.000000,2.448177,0
5.797911,-1.977413,16.658020,5.174070,179.297900,0,10.000000,2.427938,0
5.818675,-1.940426,15.423370,4.485939,191.051500,0,10.000000,2.425052,0
5.648771,-2.049190,15.199660,4.576594,199.265600,0,10.000000,2.536201,0
5.635616,-2.586106,19.006840,6.066675,-1355.806000,1,10.000000,2.400337,1
5.687968,-1.920100,19.149340,5.893322,-1420.141000,1,10.000000,2.551798,0
5.464550,-2.766505,20.002870,6.288827,-1360.103000,1,10.000000,2.546178,1
5.576605,-2.455198,19.551410,6.137127,-1378.283000,1,10.000000,2.483879,0
5.405404,-2.448236,17.537390,5.794554,-1347.338000,1,10.000000,2.652616,0
5.692781,-1.889977,16.080970,4.955965,169.216400,0,10.000000,2.560354,0
5.466150,-2.306753,17.639570,5.745535,-1359.052000,1,10.000000,2.626973,0
5.460818,-2.564091,20.010140,6.356409,-1381.594000,1,10.000000,2.576327,1
5.749633,-1.969154,19.245690,5.816673,-1413.756000,1,10.000000,2.475236,0
5.659350,-1.901297,17.959400,5.627685,-1396.484000,1,10.000000,2.585689,0
5.596164,-2.026442,14.369450,4.458166,207.603500,0,10.000000,2.593500,0
5.551487,-1.969739,15.077780,4.675850,191.005900,0,10.000000,2.656436,0
5.742583,-1.868662,16.594270,5.087428,159.037800,0,10.000000,2.525046,0
5.571327,-2.486861,18.333460,5.842952,-1352.150000,1,10.000000,2.482290,1
5.822287,-1.924398,15.834680,4.593590,182.861900,0,10.000000,2.428858,0
6.187346,-1.889734,15.116640,4.170026,200.044300,0,10.000000,2.125654,0
6.389563,-1.978542,16.550750,4.748294,185.737300,0,10.000000,1.907061,0
6.079710,-2.140918,16.578590,4.855798,-1329.138000,1,10.000000,2.103696,0
6.301131,-2.093320,19.476010,5.703475,-1387.841000,1,10.000000,1.925675,0
6.169982,-2.015723,17.648830,5.220694,-1361.056000,1,10.000000,2.077924,0
5.983006,-2.576568,20.193840,6.202442,-1367.938000,1,10.000000,2.060961,1
6.177543,-2.120693,17.170680,4.974331,-1339.772000,1,10.000000,2.023495,0
5.709597,-2.158763,18.010670,5.715837,-1365.156000,1,10.000000,2.440005,0
5.781798,-2.331998,19.261040,5.947773,-1377.478000,1,10.000000,2.316602,0
5.912624,-1.843991,16.381340,4.795365,-1354.797000,1,10.000000,2.386104,0
5.821352,-1.874402,15.833470,4.657688,177.533300,0,10.000000,2.452239,0
5.713364,-2.381997,16.990810,5.188581,-1326.821000,1,10.000000,2.368677,0
5.850993,-2.125737,18.229790,5.526142,-1372.290000,1,10.000000,2.320036,0
5.844592,-2.132421,15.432700,4.707259,204.164100,0,10.000000,2.323462,0
5.868855,-2.044536,16.312650,4.752596,186.139700,0,10.000000,2.335527,0
6.295176,-2.089872,16.862100,4.922962,187.716600,0,10.000000,1.932552,0
6.352663,-2.114774,16.079520,4.494614,206.087700,0,10.000000,1.870119,0
6.172166,-2.258969,17.151600,5.023707,-1328.108000,1,10.000000,1.972335,0
6.259037,-2.543561,19.980930,6.133152,-1361.371000,1,10.000000,1.799803,1
6.197739,-2.064403,16.745400,4.726456,-1334.134000,1,10.000000,2.030637,0
6.090375,-2.204273,16.580700,5.010972,196.164000,0,10.000000,2.068780,0
6.269112,-2.100085,16.827800,4.909525,188.835900,0,10.000000,1.950852,0
6.398949,-1.929154,15.368930,4.123174,203.935400,0,10.000000,1.926156,0
5.583419,-2.450371,17.290620,5.435350,-1332.373000,1,10.000000,2.478297,0
5.307075,-2.206903,16.438660,5.188971,182.845600,0,10.000000,2.807285,0
5.514149,-2.054747,15.834430,4.969179,183.866800,0,10.000000,2.659503,0
5.377028,-2.119991,18.075860,5.663066,-1384.471000,1,10.000000,2.766658,0
5.379835,-2.441993,17.499780,5.803733,-1348.106000,1,10.000000,2.678925,0
5.444170,-2.265935,19.350330,6.191760,-1398.629000,1,10.000000,2.659158,0
5.392426,-2.247838,16.557200,5.132116,187.586300,0,10.000000,2.713889,0
5.479561,-2.011237,16.238830,4.894760,175.070900,0,10.000000,2.707447,0
5.624860,-1.839425,15.581560,4.702530,173.805400,0,10.000000,2.643525,0
5.376790,-2.424219,16.510760,5.381731,198.364900,0,10.000000,2.685658,0
5.343050,-2.126198,18.013640,5.883265,-1384.232000,1,10.000000,2.796947,0
5.670235,-1.933228,15.639740,4.582268,183.803000,0,10.000000,2.562383,0
5.471010,-1.988702,16.227280,4.925210,-1351.434000,1,10.000000,2.723695,0
5.357752,-2.441805,18.009860,5.911219,-1357.859000,1,10.000000,2.700566,0
5.346542,-2.681153,19.806190,6.431081,-1372.024000,1,10.000000,2.672546,1
5.402377,-2.318144,17.558160,5.481226,-1352.773000,1,10.000000,2.685623,0
5.323977,-2.170100,17.442870,5.698938,-1370.945000,1,10.000000,2.801755,0
5.647484,-1.840979,14.114900,3.933311,203.205900,0,10.000000,2.622529,0
5.497809,-2.000998,16.715260,5.241145,-1362.760000,1,10.000000,2.694246,0
5.694725,-1.908535,18.568490,5.757824,-1408.089000,1,10.000000,2.550606,0
5.457995,-2.205004,17.135960,5.295654,-1352.308000,1,10.000000,2.663420,0
5.405641,-1.978730,14.525180,4.357959,200.931700,0,10.000000,2.788134,0
5.590683,-2.068541,17.325520,5.490602,-1368.563000,1,10.000000,2.583104,0
5.532429,-1.959038,16.763340,5.299424,157.881200,0,10.000000,2.678154,0
5.533961,-1.988555,14.672880,4.575559,198.592800,0,10.000000,2.665402,0
5.286593,-2.208704,19.108190,6.043881,-1402.031000,1,10.000000,2.826434,0
5.815490,-2.034619,14.655900,4.219769,211.661500,0,10.000000,2.388314,0
5.593257,-2.730468,19.551630,6.225732,-1354.050000,1,10.000000,2.421788,1
5.901876,-1.863949,15.538290,4.363017,185.533900,0,10.000000,2.385946,0
5.693399,-2.249891,16.504620,5.035975,-1329.131000,1,10.000000,2.425504,0
5.638323,-2.236409,16.886590,5.390788,181.796800,0,10.000000,2.482054,0
5.819436,-1.932309,19.344540,6.093966,-1415.742000,1,10.000000,2.427926,0
5.832981,-2.129440,16.693240,5.198746,181.268500,0,10.000000,2.335347,0
5.886535,-2.321163,18.257780,5.724344,-1357.282000,1,10.000000,2.219810,0
5.924806,-1.835363,14.083810,4.092376,204.978900,0,10.000000,2.379666,0
5.958026,-1.896798,16.885410,5.049407,-1361.770000,1,10.000000,2.320929,0
5.844683,-1.964591,17.197030,5.291711,-1366.972000,1,10.000000,2.391122,0
6.005166,-1.916743,17.929190,5.476220,-1383.104000,1,10.000000,2.269980,0
5.271147,-2.399358,18.450500,6.095436,-1374.031000,1,10.000000,2.794174,0
5.150289,-2.211998,17.720540,5.759102,-1376.731000,1,10.000000,2.956653,0
5.382166,-1.879696,17.562720,5.440458,-1396.599000,1,10.000000,2.847479,0
5.346091,-2.163862,16.047090,4.915995,189.058300,0,10.000000,2.782510,0
5.264181,-2.044523,14.327940,4.504115,204.538100,0,10.000000,2.897868,0
5.176156,-2.358812,16.232100,5.472573,190.775100,0,10.000000,2.895724,0
5.313932,-2.345213,16.905640,5.585576,-1344.924000,1,10.000000,2.764725,0
5.336222,-1.863646,16.045130,5.094206,158.473800,0,10.000000,2.896034,0
5.288037,-1.953043,16.423910,5.307748,157.187800,0,10.000000,2.907037,0
5.351793,-1.876684,16.077110,4.857851,-1361.557000,1,10.000000,2.876602,0
5.221034,-2.636566,18.359050,5.987831,-1349.206000,1,10.000000,2.802631,1
5.170005,-2.268445,17.738230,5.918873,-1357.528000,1,10.000000,2.923019,0
5.276682,-1.923674,19.114660,6.054564,-1434.338000,1,10.000000,2.928300,0
5.659936,-2.249048,16.928740,5.130435,-1337.769000,1,10.000000,2.457606,0
5.582941,-1.903281,17.326890,5.492099,-1379.881000,1,10.000000,2.654236,0
5.571570,-2.425887,17.273690,5.470326,-1335.295000,1,10.000000,2.495371,0
5.554615,-2.246345,18.333150,5.707060,-1372.387000,1,10.000000,2.558887,0
5.529096,-2.515268,17.719290,5.695976,-1339.094000,1,10.000000,2.518002,1
5.647113,-2.367987,19.665820,6.279899,-1381.539000,1,10.000000,2.436292,0
5.514138,-2.150450,17.216160,5.373589,-1358.806000,1,10.000000,2.627022,0
5.700627,-2.150647,16.514390,5.170087,183.658100,0,10.000000,2.451228,0
5.551020,-2.088971,18.924230,5.852026,-1400.992000,1,10.000000,2.612944,0
5.484946,-2.016809,18.820990,5.964778,-1410.394000,1,10.000000,2.700400,0
5.377558,-2.036652,16.548240,5.191626,-1358.635000,1,10.000000,2.793786,0
5.436022,-2.039315,17.116130,5.301117,-1368.518000,1,10.000000,2.738047,0
5.242093,-2.270403,18.429890,5.801219,-1381.011000,1,10.000000,2.852782,0
5.411773,-2.149959,15.274490,4.994666,197.712400,0,10.000000,2.724241,0
5.491660,-1.949191,15.816340,4.878051,175.700000,0,10.000000,2.719553,0
5.598383,-1.841334,14.056630,3.932626,203.262700,0,10.000000,2.666509,0
5.305798,-2.066753,15.149680,4.867625,191.565600,0,10.000000,2.851259,0
5.418185,-2.511519,19.295890,6.046287,-1370.686000,1,10.000000,2.627619,0
5.522180,-2.185530,17.216430,5.562001,-1353.343000,1,10.000000,2.608248,0
5.641547,-2.004108,19.065670,5.984622,-1412.049000,1,10.000000,2.560098,0
5.475575,-2.187952,15.355310,4.952963,200.240500,0,10.000000,2.651819,0
5.357941,-2.271291,16.981000,5.441443,-1348.689000,1,10.000000,2.740711,0
5.408550,-2.088813,19.316380,6.007510,-1414.722000,1,10.000000,2.746976,0
5.597459,-2.065573,18.996780,5.888584,-1404.041000,1,10.000000,2.577859,0
5.418709,-2.024722,17.594080,5.674692,-1384.677000,1,10.000000,2.759389,0
5.462292,-2.231133,19.391580,6.007705,-1399.011000,1,10.000000,2.651625,0
5.629112,-2.070083,15.174910,4.550442,201.441900,0,10.000000,2.546734,0
5.350477,-2.518074,17.998840,5.795658,-1348.195000,1,10.000000,2.692995,0
5.604984,-2.124631,16.385140,5.205245,-1343.245000,1,10.000000,2.549975,0
5.583565,-2.194431,17.824620,5.663157,-1367.958000,1,10.000000,2.547175,0
5.528466,-2.188694,15.841340,5.031472,194.454800,0,10.000000,2.601288,0
5.583589,-2.237650,16.356230,5.052516,193.461500,0,10.000000,2.533815,0
5.395074,-2.540541,18.066410,5.761618,-1345.348000,1,10.000000,2.645136,1
5.434136,-2.300009,17.089850,5.400417,-1345.265000,1,10.000000,2.659632,0
5.551048,-1.968823,18.350810,5.666479,-1400.480000,1,10.000000,2.657197,0
5.485120,-1.992626,16.697640,5.252772,-1363.728000,1,10.000000,2.709137,0
5.846193,-2.366314,17.666020,5.555431,-1342.406000,1,10.000000,2.245093,0
5.685528,-2.294286,18.519250,5.879673,-1371.024000,1,10.000000,2.419672,0
5.857003,-2.033737,16.748890,4.864354,177.601100,0,10.000000,2.350766,0
5.866446,-2.261179,16.726220,5.265706,-1332.496000,1,10.000000,2.257855,0
5.943171,-2.050927,14.810920,4.200941,213.226600,0,10.000000,2.265234,0
6.025962,-2.014105,15.277470,4.545322,201.109000,0,10.000000,2.206539,0
5.893357,-1.975231,17.769470,5.392667,-1376.144000,1,10.000000,2.342669,0
5.919179,-2.016586,17.806350,5.333587,-1371.223000,1,10.000000,2.301504,0
5.870152,-2.027969,19.422870,5.947340,-1408.940000,1,10.000000,2.341174,0
5.983585,-1.910921,15.248290,4.221091,196.561700,0,10.000000,2.291729,0
5.966646,-2.359769,18.375590,5.667572,-1352.539000,1,10.000000,2.131765,1
6.031733,-2.015269,16.526960,4.791108,182.935200,0,10.000000,2.200857,0
5.795167,-2.138892,16.642140,5.185975,182.333500,0,10.000000,2.367023,0
5.461761,-2.157718,16.653500,5.257284,-1348.346000,1,10.000000,2.674341,0
5.437722,-2.266203,17.094970,5.448712,-1349.296000,1,10.000000,2.665282,0
5.670023,-1.905441,14.864850,4.227544,196.025700,0,10.000000,2.574267,0
5.536793,-2.381598,19.487200,6.255837,-1388.211000,1,10.000000,2.539647,0
5.561374,-1.967108,17.295200,5.404270,-1377.110000,1,10.000000,2.648351,0
5.801072,-2.044255,17.627410,5.512406,-1373.260000,1,10.000000,2.397651,0
5.676359,-1.845650,14.149100,3.928030,203.644000,0,10.000000,2.594577,0
5.405774,-2.629845,19.918400,6.246820,-1372.420000,1,10.000000,2.620501,1
5.862264,-1.850971,16.766940,4.892598,-1364.445000,1,10.000000,2.426970,0
6.462296,-1.975899,18.582240,5.391712,-1376.064000,1,10.000000,1.847516,0
6.265455,-2.035827,16.834490,4.764056,-1337.263000,1,10.000000,1.984509,0
6.465762,-1.905666,18.598290,5.270058,-1381.656000,1,10.000000,1.884530,0
6.216609,-2.280480,19.952580,5.785472,-1379.697000,1,10.000000,1.923069,1
6.175944,-2.215194,18.149580,5.521583,-1355.378000,1,10.000000,1.985724,0
6.537044,-1.868484,18.169880,5.200381,-1375.095000,1,10.000000,1.849478,0
6.233547,-2.284697,18.780480,5.530414,-1356.879000,1,10.000000,1.905785,1
6.136311,-2.376253,18.625100,5.643330,-1350.513000,1,10.000000,1.965298,1
5.844163,-2.556248,19.345840,5.850295,-1353.529000,1,10.000000,2.201033,1
5.984810,-2.026348,18.438010,5.443787,-1381.166000,1,10.000000,2.238077,0
5.888200,-2.528645,20.040930,6.279737,-1374.409000,1,10.000000,2.163764,1
5.709919,-2.262285,16.998170,5.112051,-1336.236000,1,10.000000,2.405970,0
5.718096,-2.504616,19.779620,6.057420,-1371.617000,1,10.000000,2.335057,1
5.793108,-1.985939,14.629340,4.277708,206.844800,0,10.000000,2.428722,0
5.991552,-1.915258,14.882480,4.139422,202.586000,0,10.000000,2.282658,0
5.872393,-1.851260,15.490520,4.597396,181.785800,0,10.000000,2.417915,0
5.863187,-2.177375,15.864280,4.725803,203.379200,0,10.000000,2.289690,0
6.010691,-1.911732,16.956580,5.029225,-1360.090000,1,10.000000,2.267527,0
5.844642,-2.165346,18.220460,5.467892,-1367.433000,1,10.000000,2.311323,0
5.981933,-1.992866,15.627440,4.420388,196.500800,0,10.000000,2.255419,0
6.207829,-2.393149,18.730280,5.618483,-1348.437000,1,10.000000,1.892128,1
6.260063,-1.934959,16.838470,4.675278,176.831400,0,10.000000,2.040023,0
6.250139,-2.003886,17.771400,5.012320,-1359.445000,1,10.000000,2.013518,0
6.103555,-1.930964,18.612640,5.584057,-1392.850000,1,10.000000,2.177002,0
6.236337,-2.172785,19.377850,5.583075,-1377.802000,1,10.000000,1.948022,0
6.154891,-2.007829,16.677810,5.037837,-1332.016000,1,10.000000,2.094954,0
6.315573,-2.075423,17.840550,5.361150,-1358.201000,1,10.000000,1.921494,0
6.066727,-1.997031,18.017140,5.361524,-1373.550000,1,10.000000,2.177956,0
5.964248,-2.391952,19.534130,6.109239,-1366.569000,1,10.000000,2.124619,1
5.870730,-2.048964,18.823890,5.770685,-1393.445000,1,10.000000,2.332008,0
5.929153,-1.959811,18.356160,5.541636,-1389.317000,1,10.000000,2.317413,0
5.977490,-2.287503,19.566810,6.017298,-1383.287000,1,10.000000,2.144341,0
6.045847,-2.154272,16.522110,5.076765,190.678200,0,10.000000,2.129312,0
6.096441,-2.131361,19.776450,5.785790,-1395.469000,1,10.000000,2.092383,0
5.383731,-2.331596,18.061980,5.823142,-1366.301000,1,10.000000,2.700301,0
5.662189,-1.830955,18.529990,5.659549,-1415.595000,1,10.000000,2.613814,0
5.316307,-2.731051,19.104940,6.224792,-1353.971000,1,10.000000,2.697136,1
5.647038,-1.875618,18.507030,5.591877,-1409.964000,1,10.000000,2.607809,0
5.530524,-2.661169,18.842630,5.949388,-1345.987000,1,10.000000,2.492612,1
5.560281,-2.234432,16.778190,5.393534,181.567700,0,10.000000,2.557015,0
5.420212,-2.253665,18.696060,6.070169,-1387.704000,1,10.000000,2.685576,0
5.599099,-2.447899,17.835090,5.537969,-1341.710000,1,10.000000,2.463563,0
5.369549,-2.279435,15.619890,5.159132,199.608700,0,10.000000,2.727359,0
5.404749,-2.294534,17.561660,5.515946,-1355.671000,1,10.000000,2.689425,0
5.528813,-2.300274,16.734490,5.302086,-1336.295000,1,10.000000,2.568342,0
5.717623,-2.375333,18.567880,5.756874,-1360.764000,1,10.000000,2.366317,0
5.717800,-2.446645,18.009640,5.539813,-1341.865000,1,10.000000,2.348327,1
5.973181,-2.051821,16.016920,4.654347,193.555100,0,10.000000,2.237641,0
5.943955,-2.363344,17.311070,5.214489,-1328.984000,1,10.000000,2.152359,1
5.983888,-2.465623,19.564160,5.991898,-1365.372000,1,10.000000,2.085729,1
6.037840,-2.462659,19.040300,5.879622,-1355.217000,1,10.000000,2.034405,1
6.202123,-1.951284,19.337290,5.693053,-1402.694000,1,10.000000,2.081386,0
6.157490,-1.902861,16.703510,4.717513,-1349.129000,1,10.000000,2.144425,0
6.109610,-2.054478,16.629430,4.739516,-1335.221000,1,10.000000,2.113667,0
5.531662,-2.001906,16.762280,5.239883,162.840800,0,10.000000,2.662496,0
5.327438,-2.211388,19.174070,6.039554,-1401.669000,1,10.000000,2.786484,0
5.526543,-1.980045,14.675680,4.357009,201.010700,0,10.000000,2.675500,0
5.246686,-2.504187,18.412280,5.931642,-1360.332000,1,10.000000,2.797601,0
5.198464,-2.663701,18.928450,6.061903,-1356.173000,1,10.000000,2.821649,1
5.553328,-1.849269,14.353770,4.216447,196.189100,0,10.000000,2.703773,0
5.409723,-1.960052,17.078560,5.414351,-1377.950000,1,10.000000,2.791241,0
5.544909,-1.956184,15.467860,4.776959,183.352000,0,10.000000,2.667775,0
5.454710,-2.314369,17.622750,5.734336,-1358.117000,1,10.000000,2.636019,0
5.245028,-2.403554,17.314390,5.603181,-1347.159000,1,10.000000,2.818798,0
5.234172,-2.146813,19.023640,6.143705,-1410.362000,1,10.000000,2.894431,0
5.335826,-2.095850,17.472200,5.570094,-1375.955000,1,10.000000,2.813416,0
6.374808,-1.835326,16.989450,4.806376,-1356.516000,1,10.000000,1.999429,0
6.359845,-1.878109,14.607830,3.826696,211.294600,0,10.000000,1.987146,0
6.126073,-2.242880,19.800210,6.077764,-1387.806000,1,10.000000,2.021097,0
6.201866,-1.960395,19.336890,5.679247,-1401.544000,1,10.000000,2.077032,0
6.224435,-1.997553,18.242430,5.360778,-1373.488000,1,10.000000,2.039002,0
6.343986,-1.833907,17.408510,5.116939,-1374.522000,1,10.000000,2.025378,0
6.297747,-2.116052,18.335600,5.422729,-1362.904000,1,10.000000,1.918079,0
5.921456,-2.134985,17.291970,5.288858,-1350.978000,1,10.000000,2.251354,0
6.083268,-1.937948,18.582800,5.573786,-1391.995000,1,10.000000,2.191305,0
5.841800,-2.300735,18.204380,5.506828,-1354.910000,1,10.000000,2.268656,0
6.040688,-2.079859,19.689330,5.866262,-1402.179000,1,10.000000,2.164617,0
6.132923,-1.895515,16.660110,4.948678,-1352.626000,1,10.000000,2.169301,0
6.282610,-1.875843,16.857730,4.974276,-1348.126000,1,10.000000,2.052597,0
6.182310,-2.555567,19.874190,5.851359,-1353.618000,1,10.000000,1.871235,1
5.442715,-2.297887,17.102110,5.403449,-1345.518000,1,10.000000,2.651918,0
5.409990,-2.147631,15.283260,4.763935,200.202900,0,10.000000,2.726662,0
5.424629,-2.067754,15.716640,4.952067,185.292300,0,10.000000,2.738908,0
5.503970,-1.978033,18.861840,5.802801,-1412.601000,1,10.000000,2.697143,0
5.477038,-2.078511,14.971980,4.774396,198.571700,0,10.000000,2.685978,0
5.542370,-1.945590,15.464600,4.790541,182.221600,0,10.000000,2.674271,0
5.334878,-1.893160,17.493180,5.420657,-1394.952000,1,10.000000,2.885822,0
5.554277,-1.830750,18.366490,5.659861,-1415.621000,1,10.000000,2.710850,0
5.463526,-2.448825,17.119350,5.437559,-1332.558000,1,10.000000,2.595668,0
5.430990,-2.297191,16.598570,5.306790,-1336.676000,1,10.000000,2.663410,0
5.181235,-2.369591,16.716070,5.550749,-1342.015000,1,10.000000,2.888400,0
5.449396,-2.152130,18.753800,5.986020,-1396.435000,1,10.000000,2.687837,0
6.100904,-2.040838,16.617980,4.757463,-1336.714000,1,10.000000,2.127570,0
6.040374,-2.258207,17.457130,5.117714,-1336.708000,1,10.000000,2.095326,0
6.373427,-1.948732,16.976560,4.878655,-1346.799000,1,10.000000,1.936725,0
6.127648,-2.159860,18.636640,5.475960,-1368.106000,1,10.000000,2.052202,0
6.208890,-2.035988,17.213040,5.088797,-1349.307000,1,10.000000,2.034058,0
6.152718,-1.973807,14.707590,4.000798,213.341200,0,10.000000,2.113178,0
5.271353,-2.520818,17.340250,5.687814,-1338.411000,1,10.000000,2.770403,0
5.252163,-2.185959,16.362390,5.218060,180.420200,0,10.000000,2.865880,0
5.366929,-2.581122,19.200170,6.195096,-1367.323000,1,10.000000,2.666182,1
5.506189,-2.563050,18.234770,5.727515,-1342.496000,1,10.000000,2.531802,1
5.373364,-2.159220,19.248140,6.123693,-1408.692000,1,10.000000,2.757921,0
5.391325,-2.506468,19.252570,6.054434,-1371.368000,1,10.000000,2.654950,0
5.498091,-2.161482,17.699200,5.720450,-1359.096000,1,10.000000,2.638686,0
5.486131,-1.861069,14.263400,4.200157,197.542000,0,10.000000,2.759837,0
5.390898,-1.912215,19.287910,6.292346,-1438.473000,1,10.000000,2.826781,0
5.526878,-2.088279,18.876550,6.067508,-1409.344000,1,10.000000,2.635824,0
5.266797,-2.472498,16.825360,5.662723,191.471800,0,10.000000,2.783641,0
5.328151,-1.974983,16.490860,5.052463,-1362.786000,1,10.000000,2.861719,0
5.484940,-1.919816,15.807500,4.916702,172.483700,0,10.000000,2.737211,0
5.200499,-2.781316,19.549650,6.543483,-1359.476000,1,10.000000,2.808030,1
5.324375,-2.545860,19.131530,6.251972,-1372.084000,1,10.000000,2.713893,0
5.701268,-2.071400,16.080640,4.947268,185.692000,0,10.000000,2.479207,0
5.692344,-2.560772,19.095470,6.106258,-1359.120000,1,10.000000,2.349085,1
5.607262,-2.086805,15.536180,4.841918,193.707000,0,10.000000,2.561078,0
5.562202,-2.385919,16.768270,5.434924,-1331.575000,1,10.000000,2.513952,0
5.630100,-2.391436,18.435270,5.732476,-1358.725000,1,10.000000,2.446789,0
5.718692,-2.518150,17.998100,5.691738,-1338.739000,1,10.000000,2.331640,1
5.755017,-2.009186,18.088680,5.697969,-1368.811000,1,10.000000,2.453907,0
5.727012,-1.884751,14.564140,4.175013,199.630200,0,10.000000,2.531848,0
5.616997,-2.047115,18.439450,5.773484,-1393.678000,1,10.000000,2.566455,0
5.577126,-2.112282,14.725220,4.424664,211.149600,0,10.000000,2.580381,0
5.464647,-2.260228,15.745010,5.184404,197.499300,0,10.000000,2.641075,0
5.482455,-2.658509,20.032710,6.468822,-1375.187000,1,10.000000,2.540600,1
5.193378,-2.260859,19.589770,6.354620,-1413.002000,1,10.000000,2.902319,0
5.592834,-1.932506,17.340150,5.453702,-1381.228000,1,10.000000,2.633248,0
5.320153,-2.268650,16.444680,5.346008,185.534300,0,10.000000,2.777850,0
5.434808,-2.220569,17.605860,5.624720,-1364.750000,1,10.000000,2.680993,0
5.307637,-2.349271,19.767790,6.455460,-1405.673000,1,10.000000,2.769886,0
5.376421,-1.937295,14.858830,4.713712,192.395000,0,10.000000,2.830638,0
5.346116,-2.555648,17.978990,6.003600,-1349.761000,1,10.000000,2.690827,1
5.315178,-2.025027,16.461600,5.207772,-1359.980000,1,10.000000,2.856368,0
5.552761,-1.901083,17.284140,5.487860,-1385.323000,1,10.000000,2.682648,0
5.450029,-2.294266,15.738140,4.892561,206.037500,0,10.000000,2.645829,0
5.444116,-1.902875,16.190930,5.041193,-1361.086000,1,10.000000,2.781407,0
5.244474,-2.231385,16.818900,5.498451,-1353.448000,1,10.000000,2.860715,0
5.916870,-2.152664,19.484230,5.985187,-1396.366000,1,10.000000,2.248868,0
5.661414,-2.297058,19.072940,6.002367,-1382.040000,1,10.000000,2.441949,0
5.649339,-2.038877,16.456890,5.084892,-1348.982000,1,10.000000,2.539560,0
5.763767,-1.882527,17.595440,5.303114,-1384.407000,1,10.000000,2.499897,0
5.747713,-2.089894,18.077920,5.578852,-1376.685000,1,10.000000,2.429216,0
5.856611,-2.467008,19.365290,5.989734,-1365.191000,1,10.000000,2.208664,1
5.736370,-2.299511,16.550440,5.213904,-1328.173000,1,10.000000,2.369537,0
5.812814,-2.242244,17.128930,5.382683,-1343.022000,1,10.000000,2.314731,0
5.621556,-2.536849,19.610860,6.266504,-1373.301000,1,10.000000,2.423118,1
5.864645,-2.381633,20.015990,6.255780,-1388.207000,1,10.000000,2.223087,0
5.681033,-2.350432,17.955580,5.681302,-1353.686000,1,10.000000,2.408225,0
5.394405,-2.269652,16.100570,5.009270,197.067300,0,10.000000,2.706018,0
5.492579,-1.996666,15.817550,4.815585,180.898200,0,10.000000,2.700711,0
5.480867,-2.430403,17.649280,5.816851,-1345.262000,1,10.000000,2.582725,0
5.429448,-2.433951,18.697850,6.041387,-1369.510000,1,10.000000,2.632138,0
5.328549,-2.347830,19.163850,6.059671,-1387.593000,1,10.000000,2.749904,0
5.529177,-1.864319,16.770060,5.206165,-1375.576000,1,10.000000,2.719327,0
5.240743,-2.678452,18.983070,6.309628,-1361.080000,1,10.000000,2.777930,1
5.244286,-2.298380,16.339310,5.304716,188.980800,0,10.000000,2.843630,0
5.444340,-1.942416,18.768670,5.858453,-1417.236000,1,10.000000,2.765842,0
5.386611,-2.259821,16.077790,5.267541,191.321600,0,10.000000,2.716187,0
5.548259,-1.896436,17.806980,5.415840,-1394.551000,1,10.000000,2.688659,0
6.040880,-2.163892,16.527500,4.825567,-1326.619000,1,10.000000,2.130077,0
5.911619,-2.664828,20.078700,6.060087,-1356.021000,1,10.000000,2.115107,1
5.823750,-2.360172,17.131530,5.470685,190.932800,0,10.000000,2.268358,0
6.148150,-2.010710,19.244230,5.828643,-1398.278000,1,10.000000,2.099534,0
6.004162,-1.904179,14.533560,4.081461,206.642100,0,10.000000,2.276883,0
6.105792,-2.113341,18.061380,5.426601,-1363.227000,1,10.000000,2.091456,0
6.162402,-2.110882,17.150220,4.987588,-1340.877000,1,10.000000,2.041396,0
6.103355,-2.074843,16.172190,4.857254,192.429600,0,10.000000,2.110255,0
6.181845,-2.068315,19.295280,5.741363,-1391.000000,1,10.000000,2.042970,0
5.796468,-2.073127,16.655710,5.038609,178.844600,0,10.000000,2.390532,0
5.554593,-2.222355,19.540450,6.021864,-1400.193000,1,10.000000,2.566077,0
5.496890,-2.183695,17.180580,5.559044,-1357.298000,1,10.000000,2.632853,0
5.594470,-2.136292,14.746400,4.395401,213.584800,0,10.000000,2.555889,0
5.499163,-2.634363,20.062190,6.492850,-1380.872000,1,10.000000,2.527425,1
5.720621,-1.926410,14.175680,4.278267,206.040900,0,10.000000,2.519557,0
5.818458,-1.969595,19.342090,6.038550,-1416.545000,1,10.000000,2.412646,0
5.611604,-2.408518,18.407240,5.706593,-1356.563000,1,10.000000,2.460546,0
5.645210,-2.094465,15.195040,4.519968,203.977900,0,10.000000,2.522901,0
5.780896,-1.923739,17.619910,5.244239,-1379.507000,1,10.000000,2.466326,0
5.600513,-2.012550,17.351120,5.339355,-1371.703000,1,10.000000,2.594725,0
5.705795,-1.853606,14.171680,4.137146,202.017600,0,10.000000,2.564682,0
5.652194,-2.199244,16.448930,5.104415,189.133900,0,10.000000,2.480606,0
5.696851,-1.924375,14.525800,4.127348,203.588600,0,10.000000,2.541941,0
5.546104,-2.368276,18.892770,5.891089,-1372.742000,1,10.000000,2.533906,0
5.686913,-2.291873,19.741860,6.149925,-1395.134000,1,10.000000,2.419052,0
5.894339,-2.155190,15.904220,4.754244,201.010100,0,10.000000,2.268813,0
5.882986,-2.046506,15.492420,4.579950,198.986500,0,10.000000,2.321831,0
5.739384,-2.071351,18.624880,5.736764,-1390.616000,1,10.000000,2.443926,0
5.713425,-2.580355,19.759040,6.196332,-1367.427000,1,10.000000,2.324764,1
5.859198,-1.880564,14.724350,4.180602,199.166100,0,10.000000,2.415817,0
5.725276,-2.107089,16.548220,5.231663,-1336.584000,1,10.000000,2.443698,0
5.742419,-2.218087,17.542280,5.276964,-1350.750000,1,10.000000,2.389154,0
5.547032,-2.236023,18.906360,5.854937,-1385.495000,1,10.000000,2.569185,0
5.918952,-1.962072,17.817130,5.189479,-1374.950000,1,10.000000,2.325523,0
5.775757,-1.990854,16.627720,5.149789,169.583500,0,10.000000,2.442465,0
5.546727,-2.281925,18.905880,5.783216,-1379.508000,1,10.000000,2.556204,0
5.790551,-1.841833,19.309620,6.015614,-1430.327000,1,10.000000,2.494597,0
5.805907,-2.101911,15.007670,4.437971,210.042300,0,10.000000,2.370782,0
5.855733,-2.554296,18.764380,5.740777,-1343.605000,1,10.000000,2.190099,1
5.841385,-1.894223,15.063450,4.462461,192.244100,0,10.000000,2.425358,0
5.728584,-2.432671,18.025510,5.560362,-1343.581000,1,10.000000,2.341195,1
5.817614,-2.573575,19.927080,6.207268,-1368.342000,1,10.000000,2.223656,1
5.588524,-2.264095,15.920370,4.932260,202.727300,0,10.000000,2.521264,0
5.927586,-1.916541,18.353860,5.605268,-1394.617000,1,10.000000,2.338544,0
5.504819,-2.176823,15.822150,4.808554,197.246700,0,10.000000,2.627460,0
5.317073,-2.267274,15.550840,5.175134,198.273100,0,10.000000,2.781184,0
5.452173,-2.259172,16.628040,5.359173,-1341.060000,1,10.000000,2.653347,0
5.471846,-2.055483,14.217250,4.422815,210.545200,0,10.000000,2.698829,0
5.479712,-1.909621,18.242720,5.756178,-1407.952000,1,10.000000,2.746047,0
5.319238,-2.154966,16.937730,5.367137,-1358.268000,1,10.000000,2.810795,0
5.392030,-2.452383,17.530570,5.531375,-1341.159000,1,10.000000,2.664844,0
5.603300,-2.191372,19.619010,6.071837,-1404.364000,1,10.000000,2.529437,0
5.521005,-2.067672,16.747470,5.148542,-1355.046000,1,10.000000,2.648519,0
5.572675,-2.064094,17.311350,5.265720,-1365.569000,1,10.000000,2.601505,0
5.388403,-2.322520,17.525240,5.722351,-1357.115000,1,10.000000,2.698040,0
5.563156,-1.980680,16.351800,4.936053,171.634800,0,10.000000,2.641443,0
5.824862,-1.964078,15.431100,4.456371,193.509400,0,10.000000,2.409224,0
5.818568,-2.547285,18.708070,5.751400,-1344.493000,1,10.000000,2.227913,1
5.692781,-1.941077,15.266000,4.485125,191.119200,0,10.000000,2.538617,0
5.786785,-2.328573,17.092780,5.262782,-1333.014000,1,10.000000,2.312820,0
5.797627,-2.246532,16.645460,5.040513,194.462300,0,10.000000,2.327694,0
5.933218,-2.022564,18.929860,5.585053,-1393.697000,1,10.000000,2.286256,0
5.825521,-2.015484,17.170410,5.221025,-1361.084000,1,10.000000,2.386971,0
5.793739,-2.632213,19.253900,5.994633,-1349.775000,1,10.000000,2.236706,1
5.886250,-2.519324,19.411600,5.907990,-1358.354000,1,10.000000,2.167715,1
5.720757,-2.284966,16.094360,4.904799,205.017100,0,10.000000,2.388770,0
5.875748,-1.998985,18.831490,5.846409,-1399.759000,1,10.000000,2.348293,0
5.668514,-2.145825,15.614700,4.766252,200.009900,0,10.000000,2.483031,0
5.870857,-2.590684,19.374400,6.059519,-1355.207000,1,10.000000,2.168131,1
6.359846,-2.274707,17.888700,5.337595,-1339.259000,1,10.000000,1.793364,1
6.356691,-1.946299,16.519810,4.565512,185.196000,0,10.000000,1.952114,0
6.336889,-1.855464,16.082060,4.373623,184.653000,0,10.000000,2.018886,0
6.153900,-2.128327,19.252940,5.650436,-1383.418000,1,10.000000,2.041543,0
6.411619,-1.862424,16.175470,4.364924,185.375500,0,10.000000,1.953723,0
6.287755,-2.079679,18.321330,5.474691,-1367.237000,1,10.000000,1.943907,0
6.456420,-2.072865,17.074260,4.945340,185.852500,0,10.000000,1.800616,0
6.146572,-2.524010,19.205050,5.786665,-1347.442000,1,10.000000,1.913573,1
6.384604,-1.875935,16.991920,4.974440,-1347.906000,1,10.000000,1.968000,0
5.954110,-2.212283,17.844700,5.285256,-1351.441000,1,10.000000,2.192297,0
6.106201,-2.189644,16.601520,5.030221,-1327.890000,1,10.000000,2.059891,0
6.089281,-1.943555,14.633270,4.035849,210.430200,0,10.000000,2.183329,0
5.992211,-2.163244,19.007960,5.597532,-1379.007000,1,10.000000,2.175173,0
5.824358,-2.662936,19.937950,6.063138,-1356.276000,1,10.000000,2.201598,1
5.955951,-2.506240,20.163260,6.054801,-1371.398000,1,10.000000,2.102840,1
5.906573,-1.973476,15.533240,4.444625,194.485900,0,10.000000,2.331563,0
5.915653,-2.221360,18.880190,5.744918,-1375.547000,1,10.000000,2.225036,0
5.888694,-2.251849,17.246460,5.126545,-1337.444000,1,10.000000,2.239943,0
5.704247,-2.518022,19.127220,5.910025,-1358.524000,1,10.000000,2.345801,1
5.607403,-2.102163,15.147540,4.510298,204.782600,0,10.000000,2.555510,0
5.399168,-2.352156,16.094760,5.142762,201.736300,0,10.000000,2.680303,0
5.615860,-1.946278,14.063470,4.028803,211.015300,0,10.000000,2.606618,0
5.414740,-2.308482,16.576050,5.290687,-1335.344000,1,10.000000,2.676148,0
5.704131,-1.837424,14.906850,4.310578,189.129800,0,10.000000,2.573441,0
5.731456,-2.080508,17.526620,5.473505,-1367.138000,1,10.000000,2.447806,0
5.433015,-2.671052,19.306760,6.050047,-1355.180000,1,10.000000,2.587976,1
5.729688,-2.314138,17.499490,5.630680,-1330.211000,1,10.000000,2.371650,0
5.753142,-1.904580,17.081130,5.150246,-1370.923000,1,10.000000,2.499663,0
5.464447,-2.446387,18.752540,6.021955,-1367.885000,1,10.000000,2.595287,0
6.188412,-1.982687,18.737430,5.507994,-1386.514000,1,10.000000,2.077685,0
6.105443,-2.120336,19.179520,5.662545,-1384.428000,1,10.000000,2.088816,0
6.294609,-2.170927,18.870280,5.697721,-1370.843000,1,10.000000,1.896239,0
6.351321,-1.910991,16.947470,4.928314,-1350.931000,1,10.000000,1.975875,0
6.235820,-1.844076,15.944800,4.606376,181.039200,0,10.000000,2.109145,0
6.005725,-2.346285,17.893920,5.584044,-1344.796000,1,10.000000,2.098684,1
5.518527,-1.952735,14.301290,4.091038,206.604200,0,10.000000,2.693413,0
5.533552,-2.101728,17.255460,5.211955,-1361.091000,1,10.000000,2.624930,0
5.504339,-2.397890,19.434850,6.229559,-1386.014000,1,10.000000,2.567267,0
5.530042,-2.494482,17.720680,5.726543,-1341.650000,1,10.000000,2.521159,0
5.324499,-2.263959,16.450720,5.352524,184.990500,0,10.000000,2.774899,0
5.356977,-2.224982,16.507970,5.163861,-1340.556000,1,10.000000,2.754310,0
5.558948,-2.573563,18.301460,5.976455,-1347.488000,1,10.000000,2.478020,1
5.418262,-2.067122,16.604770,5.149307,170.385700,0,10.000000,2.745111,0
5.552559,-2.088470,15.066770,4.762026,199.602100,0,10.000000,2.611676,0
5.536412,-1.868515,17.270650,5.323132,-1386.072000,1,10.000000,2.711001,0
5.519028,-2.120586,16.733040,5.308855,-1352.646000,1,10.000000,2.632221,0
5.466761,-2.471738,18.175030,5.865867,-1354.066000,1,10.000000,2.587733,0
5.551975,-2.323031,18.316900,5.836120,-1367.385000,1,10.000000,2.539904,0
5.437238,-2.381010,16.607300,5.189953,198.559600,0,10.000000,2.636456,0
5.545973,-2.290490,19.514540,6.152156,-1395.320000,1,10.000000,2.554535,0
5.589570,-1.966000,16.853940,5.064941,-1363.824000,1,10.000000,2.622848,0
5.545063,-2.287088,16.291910,5.230692,194.397300,0,10.000000,2.556357,0
5.537915,-2.345387,17.238110,5.335592,-1339.854000,1,10.000000,2.547622,0
5.471422,-2.124491,16.678610,5.069627,-1348.472000,1,10.000000,2.675859,0
5.453181,-2.790033,19.983930,6.249614,-1356.817000,1,10.000000,2.555460,1
5.624169,-2.586258,19.615070,6.186812,-1366.629000,1,10.000000,2.411587,1
5.574521,-1.973383,16.367160,4.945913,-1353.157000,1,10.000000,2.633798,0
5.616339,-1.939070,15.170450,4.487632,190.910700,0,10.000000,2.609102,0
5.460979,-1.959070,18.794670,5.832431,-1415.069000,1,10.000000,2.744114,0
5.497631,-2.306709,17.698240,5.498042,-1354.177000,1,10.000000,2.596633,0
5.559075,-2.111579,16.334910,4.986648,183.172900,0,10.000000,2.597577,0
5.606273,-1.979487,15.967140,4.838189,179.017300,0,10.000000,2.602187,0
5.657146,-2.550608,19.040480,6.122139,-1360.449000,1,10.000000,2.385564,1
5.617814,-1.977055,15.172290,4.440153,194.857700,0,10.000000,2.592533,0
5.464455,-2.102731,15.353090,4.821500,195.407800,0,10.000000,2.689624,0
5.487960,-2.745855,19.381810,6.200912,-1351.970000,1,10.000000,2.524863,1
5.301795,-2.333127,17.397870,5.706749,-1355.812000,1,10.000000,2.779394,0
5.437891,-2.076182,14.540620,4.698640,205.439000,0,10.000000,2.723572,0
5.640710,-1.856446,16.456600,5.103937,157.664200,0,10.000000,2.621825,0
5.661525,-1.870446,18.518200,5.815534,-1412.896000,1,10.000000,2.596990,0
5.449960,-2.050749,17.136040,5.284783,-1367.157000,1,10.000000,2.720989,0
5.556162,-2.028037,16.796300,5.203590,165.864000,0,10.000000,2.630030,0
5.560298,-2.024761,14.716900,4.302506,205.541700,0,10.000000,2.627401,0
5.675653,-2.666364,19.684540,6.329123,-1362.714000,1,10.000000,2.348170,1
5.605495,-2.168397,16.853130,5.242450,-1347.109000,1,10.000000,2.534801,0
5.444418,-2.100102,16.179970,5.002157,181.881100,0,10.000000,2.709394,0
5.402336,-2.555931,19.257270,6.235726,-1370.724000,1,10.000000,2.635348,0
5.394568,-1.982022,18.679770,6.019132,-1414.926000,1,10.000000,2.797241,0
5.278431,-2.577670,17.350660,5.604208,-1331.419000,1,10.000000,2.754142,1
5.255644,-2.316351,18.438930,5.972221,-1379.521000,1,10.000000,2.828226,0
5.543343,-2.238904,19.510290,6.235359,-1402.272000,1,10.000000,2.571853,0
5.482138,-2.427211,18.780180,6.051918,-1370.391000,1,10.000000,2.582193,0
5.615950,-2.450542,18.989260,6.015461,-1367.343000,1,10.000000,2.446548,0
5.653434,-1.972483,16.473800,4.947129,-1353.258000,1,10.000000,2.561672,0
5.384800,-2.269422,18.064910,5.906030,-1374.402000,1,10.000000,2.715329,0
5.483510,-2.317665,17.677480,5.481931,-1352.832000,1,10.000000,2.607356,0
5.570634,-2.011336,18.954870,5.973329,-1411.107000,1,10.000000,2.622837,0
5.506598,-2.099559,17.205390,5.446290,-1364.868000,1,10.000000,2.651009,0
5.469762,-2.396977,19.379090,6.231031,-1386.137000,1,10.000000,2.601104,0
5.993904,-2.265456,18.998750,5.678104,-1369.970000,1,10.000000,2.136347,0
6.018474,-1.981890,17.449640,5.042871,-1361.988000,1,10.000000,2.227778,0
5.832614,-2.551261,19.951270,6.243258,-1371.355000,1,10.000000,2.213352,1
5.940270,-1.998589,16.850040,5.139336,-1353.517000,1,10.000000,2.290264,0
5.943633,-2.013201,19.537680,5.970416,-1410.864000,1,10.000000,2.280881,0
5.895905,-2.521876,20.053360,6.290655,-1375.323000,1,10.000000,2.157735,1
6.064118,-2.099844,18.001850,5.445884,-1364.834000,1,10.000000,2.134928,0
5.964324,-2.022142,16.426770,5.012082,180.293100,0,10.000000,2.258358,0
6.061786,-2.436716,18.515500,5.554413,-1343.084000,1,10.000000,2.018406,1
6.064922,-1.903889,14.970230,4.153039,201.455000,0,10.000000,2.223958,0
5.882048,-2.396642,18.251190,5.613346,-1348.008000,1,10.000000,2.202218,0
5.923198,-2.478898,18.866600,5.855017,-1353.159000,1,10.000000,2.141180,1
5.853435,-2.442573,19.360330,6.027915,-1368.384000,1,10.000000,2.217762,1
5.917626,-2.092409,15.934080,4.834734,194.305400,0,10.000000,2.271564,0
5.499186,-2.151759,15.814740,4.841533,194.499600,0,10.000000,2.640755,0
5.414625,-2.351939,16.563300,5.482119,189.977500,0,10.000000,2.665360,0
5.613429,-1.866975,16.419730,5.089707,158.848300,0,10.000000,2.641868,0
5.651788,-2.275558,16.003600,4.917178,203.985000,0,10.000000,2.457421,0
5.781427,-1.841429,17.620670,5.361825,-1389.292000,1,10.000000,2.502869,0
5.596739,-2.613679,18.946160,6.023781,-1351.450000,1,10.000000,2.434114,1
5.539455,-2.060509,19.527520,6.053161,-1418.529000,1,10.000000,2.633804,0
5.601764,-1.907533,14.411560,4.147158,201.943500,0,10.000000,2.635341,0
5.587983,-1.962765,14.752860,4.378549,199.220000,0,10.000000,2.625583,0
5.769362,-1.890384,14.603290,4.391855,197.355600,0,10.000000,2.491384,0
5.613143,-2.053095,15.144030,4.796976,195.586900,0,10.000000,2.567823,0
5.644971,-1.970720,17.938250,5.525592,-1387.980000,1,10.000000,2.570132,0
5.626123,-2.374028,19.643810,6.017416,-1384.063000,1,10.000000,2.455022,0
5.524845,-2.082044,16.752810,5.128581,-1353.383000,1,10.000000,2.639894,0
5.508044,-2.102958,15.022780,4.509191,204.874700,0,10.000000,2.648495,0
5.790334,-2.022814,16.658800,4.879114,-1347.598000,1,10.000000,2.416095,0
5.464540,-2.556875,17.624350,5.634789,-1333.977000,1,10.000000,2.573891,1
5.532269,-2.419858,17.217550,5.478940,-1336.015000,1,10.000000,2.535007,0
5.402023,-2.326819,17.545270,5.716026,-1356.587000,1,10.000000,2.683776,0
5.366472,-2.255269,15.628190,4.943874,201.759000,0,10.000000,2.736803,0
5.394672,-1.993333,18.102590,5.854971,-1400.473000,1,10.000000,2.793047,0
5.634689,-1.849870,16.459400,4.894086,159.402700,0,10.000000,2.630113,0
5.343420,-2.759723,19.148680,6.178545,-1350.095000,1,10.000000,2.667424,1
5.505435,-2.348397,16.689420,5.487037,-1335.929000,1,10.000000,2.578263,0
5.458880,-1.923631,14.606190,4.205102,197.889500,0,10.000000,2.759685,0
5.498580,-2.115705,16.241350,5.217307,179.720900,0,10.000000,2.653126,0
5.444344,-2.471600,17.091940,5.405023,-1329.839000,1,10.000000,2.609710,1
5.224725,-2.327888,16.778200,5.610325,180.028800,0,10.000000,2.855501,0
5.236442,-2.493409,16.781990,5.632851,-1333.051000,1,10.000000,2.809606,0
5.532690,-2.039096,18.895440,5.931080,-1407.553000,1,10.000000,2.647821,0
5.500265,-2.189644,18.250810,5.792971,-1379.558000,1,10.000000,2.627804,0
5.556054,-2.022702,16.330830,5.106751,-1350.803000,1,10.000000,2.632107,0
5.459225,-2.514187,18.163610,5.801548,-1348.687000,1,10.000000,2.586804,0
5.364018,-2.399957,19.861760,6.370982,-1398.608000,1,10.000000,2.703415,0
5.296591,-2.220269,15.536240,4.989926,197.919100,0,10.000000,2.813610,0
5.655091,-1.988315,17.953130,5.499718,-1385.825000,1,10.000000,2.553841,0
5.589147,-2.659245,19.558580,6.069092,-1356.774000,1,10.000000,2.434815,1
5.369898,-2.480716,16.972650,5.650984,192.453600,0,10.000000,2.680876,0
5.545705,-2.114534,15.457250,4.806368,196.668400,0,10.000000,2.609140,0
5.422380,-1.940213,17.610910,5.570455,-1391.717000,1,10.000000,2.786983,0
5.319358,-2.383433,19.787330,6.398522,-1400.911000,1,10.000000,2.750636,0
5.452893,-2.082268,19.387900,6.018068,-1415.603000,1,10.000000,2.707395,0
5.502739,-2.130128,16.722100,5.061797,177.675200,0,10.000000,2.644426,0
5.504134,-2.085809,18.850970,5.856966,-1401.404000,1,10.000000,2.658024,0
5.578845,-2.056063,19.580170,6.293940,-1412.472000,1,10.000000,2.598656,0
5.230463,-2.307196,18.399580,5.986526,-1380.716000,1,10.000000,2.854876,0
5.234682,-2.363937,15.859790,5.380577,197.699100,0,10.000000,2.837528,0
5.275651,-2.714389,19.039370,6.251665,-1356.223000,1,10.000000,2.739279,1
5.244511,-2.322769,17.326010,5.474424,-1352.206000,1,10.000000,2.837492,0
5.564167,-2.538644,19.531350,6.002536,-1367.027000,1,10.000000,2.479139,1
5.278068,-2.396172,17.901880,5.725299,-1358.126000,1,10.000000,2.788104,0
5.384696,-1.954219,18.675470,5.840011,-1415.700000,1,10.000000,2.816642,0
5.454807,-2.129321,15.756340,4.871056,192.040300,0,10.000000,2.689998,0
5.444426,-1.946268,17.128130,5.434043,-1379.590000,1,10.000000,2.764292,0
5.302854,-2.237732,16.420650,5.388949,181.950200,0,10.000000,2.802794,0
5.268977,-2.436444,18.447110,6.037491,-1369.185000,1,10.000000,2.788563,0
5.512664,-1.922424,15.843980,4.913271,172.769200,0,10.000000,2.710721,0
5.229285,-2.403738,18.991210,6.220127,-1385.225000,1,10.000000,2.834147,0
5.898961,-2.600891,20.058280,6.163211,-1364.654000,1,10.000000,2.138610,1
5.934277,-2.304964,18.896140,5.863494,-1369.672000,1,10.000000,2.179516,0
5.839448,-1.985953,16.725170,4.928925,172.227800,0,10.000000,2.386687,0
5.973557,-2.043513,17.872570,5.526143,-1355.252000,1,10.000000,2.240834,0
5.949916,-2.232381,16.839740,5.303473,194.074900,0,10.000000,2.189083,0
6.040251,-2.085034,16.985150,5.022517,180.185000,0,10.000000,2.162817,0
5.768356,-2.228186,19.873220,6.252646,-1403.716000,1,10.000000,2.361341,0
5.986364,-1.922232,18.451250,5.377903,-1391.394000,1,10.000000,2.283925,0
6.097636,-1.987661,19.167690,5.863567,-1401.189000,1,10.000000,2.154952,0
5.890364,-1.945921,14.389880,4.030730,210.855300,0,10.000000,2.358315,0
5.932166,-2.293055,19.495990,6.008622,-1382.562000,1,10.000000,2.185340,0
6.020021,-1.862265,14.193850,4.062246,207.481200,0,10.000000,2.283584,0
5.868840,-2.000043,16.753510,5.137371,170.617900,0,10.000000,2.354094,0
6.148822,-2.200537,19.233470,5.776467,-1378.180000,1,10.000000,2.016433,0
6.135421,-2.530148,19.188150,5.777366,-1346.665000,1,10.000000,1.922866,1
6.145823,-2.253613,18.106550,5.466698,-1350.797000,1,10.000000,1.998766,0
6.032577,-2.179022,16.504640,5.044199,-1329.055000,1,10.000000,2.131844,0
5.918284,-2.282196,16.808520,4.992320,198.480700,0,10.000000,2.201995,0
5.918164,-2.483014,18.291440,5.743407,-1343.060000,1,10.000000,2.145067,1
5.896593,-2.279578,16.766950,5.240841,-1330.421000,1,10.000000,2.223360,0
6.183590,-1.825273,15.879510,4.629880,179.085300,0,10.000000,2.163176,0
6.213270,-1.841318,16.776900,4.798490,-1355.860000,1,10.000000,2.129542,0
5.650888,-2.318536,18.466760,5.842930,-1367.954000,1,10.000000,2.445960,0
5.878030,-1.987515,18.846230,5.638158,-1398.121000,1,10.000000,2.351145,0
5.835554,-1.900586,17.688210,5.486901,-1386.553000,1,10.000000,2.427661,0
5.974595,-1.940847,18.422990,5.569523,-1391.640000,1,10.000000,2.285622,0
5.878393,-2.042682,17.736430,5.528285,-1352.439000,1,10.000000,2.327590,0
5.720864,-2.102596,18.596820,5.689422,-1386.669000,1,10.000000,2.449448,0
5.662435,-2.314795,19.702380,6.112955,-1392.045000,1,10.000000,2.435922,0
5.704219,-2.383815,19.769770,6.001631,-1382.744000,1,10.000000,2.377035,0
5.904898,-1.911342,14.778890,4.143994,202.206300,0,10.000000,2.361065,0
5.717080,-2.228379,17.506080,5.262262,-1349.524000,1,10.000000,2.409798,0
5.983900,-1.907217,14.861940,4.372481,198.966100,0,10.000000,2.293215,0
6.102066,-1.908474,14.648550,4.076702,207.037400,0,10.000000,2.189425,0
6.055691,-2.634560,20.311080,6.108906,-1360.107000,1,10.000000,1.978354,1
5.796516,-2.197698,18.137780,5.658353,-1367.557000,1,10.000000,2.345001,0
5.998428,-1.911378,16.483140,4.927805,-1350.889000,1,10.000000,2.278462,0
5.802100,-2.108391,19.316540,5.821681,-1398.462000,1,10.000000,2.371862,0
6.001768,-1.930163,16.944520,5.004319,-1358.017000,1,10.000000,2.266601,0
5.809621,-2.347032,17.124500,5.237144,194.620800,0,10.000000,2.285635,0
5.958157,-2.178393,18.956350,5.574578,-1377.093000,1,10.000000,2.200945,0
6.081116,-1.955340,18.579640,5.548211,-1389.864000,1,10.000000,2.184819,0
5.765416,-2.551927,18.614480,6.020347,-1336.618000,1,10.000000,2.279064,1
5.867468,-1.978151,15.473030,4.665392,191.876200,0,10.000000,2.364713,0
6.104493,-1.856921,16.633780,4.777960,-1354.154000,1,10.000000,2.213499,0
5.968530,-1.903004,16.022160,4.621017,180.581800,0,10.000000,2.308738,0
5.778358,-2.281142,17.581590,5.427370,-1347.515000,1,10.000000,2.335048,0
6.001307,-2.466254,19.591380,5.990912,-1365.289000,1,10.000000,2.068733,1
5.772934,-2.353664,17.060950,5.479722,190.177700,0,10.000000,2.318959,0
6.020337,-2.386064,19.633760,5.863295,-1370.420000,1,10.000000,2.072676,1
6.021478,-1.885708,14.207440,3.814930,212.270800,0,10.000000,2.270726,0
5.926267,-2.116414,18.340490,5.539852,-1373.433000,1,10.000000,2.254128,0
5.580176,-2.144613,16.351610,5.178242,182.978100,0,10.000000,2.566561,0
5.514734,-2.231929,16.251710,5.302812,193.154100,0,10.000000,2.601246,0
5.709945,-1.872804,14.913850,4.267414,192.714600,0,10.000000,2.552435,0
5.738202,-1.892921,16.151810,4.730592,-1350.216000,1,10.000000,2.518205,0
5.383094,-2.391139,19.251830,5.989819,-1381.757000,1,10.000000,2.686802,0
5.757429,-2.506851,19.831840,6.294218,-1382.686000,1,10.000000,2.296153,1
5.546053,-2.046259,19.538160,6.076147,-1420.446000,1,10.000000,2.632770,0
5.705893,-1.925526,17.512760,5.241688,-1379.295000,1,10.000000,2.533263,0
5.500264,-2.202360,17.702120,5.651498,-1366.985000,1,10.000000,2.623911,0
5.541732,-2.592127,18.860140,6.057266,-1355.018000,1,10.000000,2.491875,1
5.556458,-2.110625,17.276620,5.430481,-1363.550000,1,10.000000,2.600363,0
5.461561,-2.192243,16.191320,5.113877,188.345000,0,10.000000,2.663859,0
5.843750,-1.909559,17.709700,5.264496,-1381.193000,1,10.000000,2.416294,0
5.569586,-2.010988,16.360490,4.895094,175.043000,0,10.000000,2.623939,0
5.639559,-1.952548,15.199470,4.470785,192.311200,0,10.000000,2.582409,0
5.852509,-2.011630,16.731440,5.121714,171.922200,0,10.000000,2.364021,0
5.732870,-2.163772,18.056080,5.470208,-1367.626000,1,10.000000,2.416435,0
5.928253,-2.305292,19.489880,5.989501,-1380.965000,1,10.000000,2.185121,0
5.706247,-2.410041,19.130350,6.078745,-1372.635000,1,10.000000,2.368407,0
5.768247,-2.541625,19.847450,6.258802,-1372.656000,1,10.000000,2.278340,1
5.763875,-2.003039,14.594050,4.257261,208.544700,0,10.000000,2.448303,0
6.007128,-2.051462,16.048820,4.887231,189.932500,0,10.000000,2.207094,0
5.758669,-2.183930,18.642330,5.801628,-1380.280000,1,10.000000,2.385275,0
5.780792,-2.134193,19.283250,5.781365,-1395.100000,1,10.000000,2.382122,0
5.778986,-2.012186,16.194400,4.795163,182.597600,0,10.000000,2.430777,0
5.908140,-2.322670,18.289560,5.722128,-1357.097000,1,10.000000,2.198785,0
6.038045,-2.407058,19.661420,5.830492,-1367.680000,1,10.000000,2.049597,1
5.792512,-2.124484,16.190290,5.098579,181.814500,0,10.000000,2.374769,0
6.080805,-1.963143,17.051320,4.959752,-1354.309000,1,10.000000,2.181371,0
6.049554,-1.965614,17.009090,4.956412,-1354.031000,1,10.000000,2.207757,0
5.828108,-2.446457,18.159010,5.797169,-1347.557000,1,10.000000,2.241322,1
5.857491,-1.885858,14.722290,4.174293,199.689900,0,10.000000,2.414882,0
5.709488,-2.347606,16.972840,5.488137,189.474700,0,10.000000,2.381609,0
5.853931,-2.137507,18.798440,5.636527,-1382.259000,1,10.000000,2.312900,0
5.921670,-2.341648,17.786330,5.340933,-1340.300000,1,10.000000,2.180111,0
5.916464,-2.103650,18.893190,5.687826,-1386.536000,1,10.000000,2.268163,0
5.837959,-1.987922,14.671830,4.505573,209.174800,0,10.000000,2.387200,0
5.895237,-2.052837,14.753400,4.198579,213.423000,0,10.000000,2.308061,0
6.102219,-1.948676,17.565960,5.089002,-1365.827000,1,10.000000,2.169529,0
5.925883,-1.891057,19.521080,5.938701,-1423.921000,1,10.000000,2.351959,0
5.840899,-2.108639,15.428080,4.736987,201.687800,0,10.000000,2.335860,0
5.797802,-2.113259,16.207660,4.892190,190.279900,0,10.000000,2.374023,0
6.140151,-1.877633,16.670000,4.977473,178.588000,0,10.000000,2.172268,0
5.852613,-2.150012,16.731590,4.934710,187.499300,0,10.000000,2.309491,0
5.745402,-2.457796,18.597210,5.886992,-1355.833000,1,10.000000,2.318878,1
6.033073,-2.329836,19.045830,5.825808,-1366.523000,1,10.000000,2.077961,0
5.724157,-2.411478,19.789390,6.207644,-1384.181000,1,10.000000,2.350706,0
5.447403,-2.174403,15.331230,4.729611,203.061900,0,10.000000,2.682790,0
5.350338,-2.147853,15.606960,5.085211,189.974000,0,10.000000,2.783319,0
5.686450,-1.891949,18.555960,5.782954,-1410.182000,1,10.000000,2.565208,0
5.362231,-2.402303,18.029410,5.716011,-1357.350000,1,10.000000,2.704638,0
5.301943,-2.330820,16.901000,5.356401,185.429700,0,10.000000,2.779805,0
5.341970,-2.226054,16.487130,5.162372,-1340.432000,1,10.000000,2.768414,0
5.758453,-1.927629,18.665050,5.728893,-1405.679000,1,10.000000,2.484856,0
5.467413,-2.096221,17.665710,5.569546,-1375.909000,1,10.000000,2.689017,0
5.450202,-2.320356,17.112800,5.371350,-1342.839000,1,10.000000,2.638823,0
5.805987,-2.190026,17.633090,5.317051,-1354.092000,1,10.000000,2.338750,0
5.813164,-2.253180,16.666460,5.031530,-1328.760000,1,10.000000,2.310842,0
6.041557,-1.860499,17.492500,4.995651,-1373.774000,1,10.000000,2.265825,0
5.968856,-2.421444,18.948530,5.687009,-1354.927000,1,10.000000,2.111936,1
5.845967,-2.003636,18.786370,5.839361,-1399.171000,1,10.000000,2.373310,0
5.971428,-2.009564,16.014680,4.708523,189.046900,0,10.000000,2.257447,0
5.792821,-2.302746,18.694070,5.621604,-1365.254000,1,10.000000,2.314693,0
5.994061,-2.559438,20.211670,6.230071,-1370.251000,1,10.000000,2.053749,1
5.833517,-1.971759,15.053570,4.367848,200.109500,0,10.000000,2.398109,0
5.993093,-1.850702,17.923040,5.348579,-1388.190000,1,10.000000,2.312696,0
5.825001,-1.902900,16.716580,4.822424,165.360200,0,10.000000,2.436032,0
5.736663,-1.866005,15.724900,4.668453,176.638300,0,10.000000,2.531529,0
5.499671,-2.553478,18.807570,5.854626,-1353.891000,1,10.000000,2.539888,1
5.570116,-2.669582,19.514310,6.323934,-1362.279000,1,10.000000,2.452246,1
5.588253,-2.522318,18.945990,5.903312,-1357.963000,1,10.000000,2.458597,1
5.386376,-2.230589,19.269130,6.008583,-1399.085000,1,10.000000,2.724522,0
5.678680,-1.829605,16.518850,4.921471,-1366.845000,1,10.000000,2.599682,0
5.409328,-2.390907,19.281610,6.240823,-1386.956000,1,10.000000,2.661310,0
5.719100,-1.861534,14.925100,4.281177,191.571600,0,10.000000,2.549237,0
5.502492,-2.119863,19.456410,6.187173,-1413.991000,1,10.000000,2.648053,0
5.569713,-1.886723,14.730740,4.471304,191.509000,0,10.000000,2.673141,0
5.405540,-2.662999,19.262450,6.063036,-1356.267000,1,10.000000,2.616256,1
5.678544,-2.010332,14.851950,4.549561,200.756200,0,10.000000,2.523609,0
5.435708,-2.251704,17.092090,5.469425,-1351.025000,1,10.000000,2.671244,0
5.609450,-2.118378,15.138110,4.724688,202.712400,0,10.000000,2.547938,0
5.870171,-1.841560,15.100330,4.509023,179.986000,0,10.000000,2.424491,0
5.664732,-1.969476,19.101900,6.038736,-1416.560000,1,10.000000,2.552539,0
5.560011,-2.359258,16.765230,5.471953,-1334.668000,1,10.000000,2.522716,0
5.560997,-2.726613,20.163620,6.355316,-1365.675000,1,10.000000,2.454278,1
5.767028,-1.982772,17.589000,5.381893,-1375.247000,1,10.000000,2.453756,0
5.627883,-2.093727,16.884230,5.346159,169.739000,0,10.000000,2.539345,0
5.713555,-2.053282,18.039100,5.404178,-1377.866000,1,10.000000,2.474693,0
5.601090,-2.450202,18.378560,5.898498,-1356.795000,1,10.000000,2.461107,0
5.587295,-2.100210,19.604680,5.989128,-1413.190000,1,10.000000,2.575028,0
5.875004,-1.884712,17.250380,5.177841,-1373.219000,1,10.000000,2.399891,0
5.845372,-2.010776,15.445400,4.624610,195.269900,0,10.000000,2.370862,0
5.855215,-1.860364,17.233680,4.995837,-1373.790000,1,10.000000,2.428760,0
5.565211,-2.198949,19.557570,6.059616,-1403.344000,1,10.000000,2.563178,0
6.239495,-2.006366,17.265770,4.901341,-1349.448000,1,10.000000,2.021556,0
6.133509,-1.970680,17.112570,5.162460,-1360.162000,1,10.000000,2.131500,0
6.203394,-2.040628,17.695230,5.186103,-1358.175000,1,10.000000,2.036710,0
6.125442,-2.501482,19.173030,5.820798,-1350.297000,1,10.000000,1.939713,1
6.028091,-2.078668,16.075700,4.852349,192.838100,0,10.000000,2.176529,0
6.183258,-2.028610,17.189780,4.871281,-1346.947000,1,10.000000,2.060133,0
6.032899,-1.956943,16.528500,4.867852,-1345.900000,1,10.000000,2.226534,0
6.255278,-2.177732,19.406540,5.575579,-1377.177000,1,10.000000,1.928777,0
5.493906,-2.073769,14.608880,4.707934,218.566300,0,10.000000,2.671780,0
5.431562,-2.125108,18.725940,6.028242,-1399.959000,1,10.000000,2.713358,0
5.558606,-2.533315,19.522380,6.011132,-1367.746000,1,10.000000,2.485598,1
5.293945,-2.358225,15.952560,5.134562,202.420800,0,10.000000,2.781116,0
5.458905,-2.014657,14.578500,4.543164,201.288600,0,10.000000,2.725448,0
5.360132,-2.069929,16.996150,5.488619,-1368.398000,1,10.000000,2.798917,0
5.284596,-2.129747,16.419130,5.062325,-1347.864000,1,10.000000,2.851449,0
5.407701,-2.167222,15.682440,5.059724,192.099200,0,10.000000,2.722780,0
5.462640,-2.013888,14.206710,4.472323,206.425400,0,10.000000,2.722244,0
5.469927,-2.424128,18.179820,5.938004,-1360.099000,1,10.000000,2.594783,0
5.318109,-2.517432,17.949800,5.796633,-1348.276000,1,10.000000,2.724961,0
5.312843,-2.766397,19.099360,6.167781,-1349.193000,1,10.000000,2.697291,1
5.420369,-2.321507,16.583870,5.272595,191.661800,0,10.000000,2.667368,0
5.446097,-1.882242,14.590680,4.255586,193.696900,0,10.000000,2.787795,0
5.571212,-2.040948,15.921010,4.757318,185.746900,0,10.000000,2.611282,0
5.776913,-2.065771,18.681740,5.745217,-1391.321000,1,10.000000,2.411410,0
5.589218,-2.331807,17.298910,5.604725,-1346.524000,1,10.000000,2.501670,0
5.689901,-2.401968,19.104810,6.091359,-1373.690000,1,10.000000,2.386252,0
5.640570,-2.268354,19.667110,6.187860,-1398.303000,1,10.000000,2.470267,0
5.567528,-1.982731,17.824360,5.507929,-1386.509000,1,10.000000,2.636618,0
5.784748,-1.903376,19.300550,5.919453,-1422.317000,1,10.000000,2.471826,0
5.773275,-1.967721,17.597920,5.403395,-1377.037000,1,10.000000,2.454364,0
5.810983,-1.880511,16.686700,5.071416,160.370300,0,10.000000,2.458669,0
5.510222,-2.360438,16.696080,5.470315,190.963700,0,10.000000,2.570609,0
5.626495,-1.878023,17.922030,5.442917,-1396.804000,1,10.000000,2.625330,0
5.611603,-1.927212,15.985240,4.685472,175.984100,0,10.000000,2.618266,0
5.712558,-2.263922,19.152850,6.054142,-1386.365000,1,10.000000,2.402957,0
5.688939,-2.196534,19.128090,5.916638,-1390.644000,1,10.000000,2.446745,0
5.793951,-2.181729,15.775520,4.720221,203.844100,0,10.000000,2.352917,0
5.756268,-2.203075,18.638690,5.772620,-1377.859000,1,10.000000,2.381055,0
5.775275,-2.547907,19.225050,6.126360,-1360.803000,1,10.000000,2.270196,1
5.553380,-2.370465,19.514230,6.284039,-1376.191000,1,10.000000,2.526314,0
5.554166,-2.239104,16.781840,5.144248,186.574700,0,10.000000,2.561458,0
5.753658,-2.166192,16.586050,5.149081,-1338.562000,1,10.000000,2.396099,0
5.613980,-2.148083,15.953860,5.084908,189.999300,0,10.000000,2.533546,0
5.851704,-2.124277,16.730350,4.969486,184.602400,0,10.000000,2.319928,0
5.514081,-2.566616,20.098920,6.352201,-1381.242000,1,10.000000,2.523413,1
6.514403,-2.007335,17.637270,4.900032,-1349.339000,1,10.000000,1.786724,0
6.168447,-2.190830,17.635010,5.211294,-1344.511000,1,10.000000,2.002335,0
6.200418,-2.020213,16.737420,5.014620,180.081700,0,10.000000,2.049018,0
6.101748,-2.323360,18.586650,5.473556,-1352.133000,1,10.000000,2.015242,1
6.431284,-2.005692,17.052690,4.803707,-1340.562000,1,10.000000,1.857288,0
6.501545,-1.941010,17.145130,4.888816,-1347.645000,1,10.000000,1.834891,0
6.236993,-2.497179,19.959640,5.942592,-1361.248000,1,10.000000,1.833309,1
6.378019,-2.107765,19.592510,5.681591,-1386.016000,1,10.000000,1.851190,0
6.155234,-2.178303,18.677210,5.448839,-1365.844000,1,10.000000,2.019492,0
6.211470,-1.912656,16.333620,4.608644,181.610500,0,10.000000,2.093122,0
6.108716,-2.121150,16.179060,4.797893,197.374200,0,10.000000,2.085505,0
6.024589,-2.141707,17.435210,5.279520,-1350.200000,1,10.000000,2.153814,0
5.986605,-2.115647,18.999460,5.669648,-1385.020000,1,10.000000,2.199054,0
6.030372,-2.244902,19.661580,5.841064,-1384.337000,1,10.000000,2.109409,0
5.926486,-2.570302,20.102680,6.212549,-1368.784000,1,10.000000,2.117570,1
6.145966,-1.955872,17.615480,5.303820,-1367.980000,1,10.000000,2.127827,0
6.201829,-1.949991,17.704310,5.087176,-1365.674000,1,10.000000,2.082291,0
5.962388,-2.021759,16.891300,4.880538,-1347.717000,1,10.000000,2.260269,0
5.463036,-2.072448,18.786750,5.877842,-1403.145000,1,10.000000,2.701211,0
5.322881,-1.877681,18.579020,5.959193,-1424.832000,1,10.000000,2.902854,0
5.292830,-2.247972,16.406740,5.374727,-1342.358000,1,10.000000,2.809682,0
5.248621,-2.055922,15.485050,4.967634,183.995500,0,10.000000,2.908843,0
5.402893,-2.139018,14.508460,4.391243,213.930600,0,10.000000,2.736102,0
5.403271,-2.225804,15.262470,4.904410,204.289100,0,10.000000,2.709683,0
5.480567,-2.085751,18.232740,5.714945,-1388.797000,1,10.000000,2.680185,0
5.169029,-2.630393,18.880980,6.115627,-1360.670000,1,10.000000,2.854997,1
5.177911,-2.239408,19.563990,6.390371,-1415.990000,1,10.000000,2.922788,0
5.368137,-1.857978,18.084460,5.618605,-1412.188000,1,10.000000,2.868958,0
5.314569,-2.317098,16.907580,5.619319,-1345.733000,1,10.000000,2.770901,0
5.515042,-1.856398,13.945210,4.132866,202.372900,0,10.000000,2.735479,0
5.332442,-1.968751,18.593820,5.817304,-1413.809000,1,10.000000,2.859955,0
5.282269,-2.134522,16.404210,5.289501,174.463300,0,10.000000,2.852212,0
5.469775,-2.449193,18.760860,6.017570,-1367.519000,1,10.000000,2.589484,0
5.171646,-2.281999,17.752900,5.653038,-1367.878000,1,10.000000,2.918066,0
5.545445,-1.882460,17.283550,5.303210,-1384.414000,1,10.000000,2.696986,0
5.146696,-2.250948,19.511970,6.371137,-1414.382000,1,10.000000,2.949987,0
5.637396,-2.209386,17.392250,5.289394,-1351.786000,1,10.000000,2.491378,0
5.484639,-2.010660,16.245700,4.895538,-1348.965000,1,10.000000,2.702931,0
5.628136,-1.925311,18.467680,5.732527,-1405.151000,1,10.000000,2.603977,0
5.403313,-2.271243,17.559540,5.550200,-1358.530000,1,10.000000,2.697011,0
5.596578,-2.080941,15.942890,4.934714,186.737700,0,10.000000,2.573151,0
5.642526,-2.353360,17.375060,5.573936,-1343.952000,1,10.000000,2.444551,0
5.704987,-1.971155,17.014240,5.057781,-1363.228000,1,10.000000,2.515076,0
5.494385,-2.015514,15.403080,4.700895,189.681600,0,10.000000,2.692085,0
5.451866,-2.244187,16.639750,5.137187,187.163400,0,10.000000,2.657864,0
5.421108,-2.602267,19.943960,6.292782,-1376.267000,1,10.000000,2.609382,1
5.741879,-1.848462,19.233570,6.005255,-1429.465000,1,10.000000,2.534788,0
5.366446,-2.447768,18.023040,5.902184,-1357.103000,1,10.000000,2.690830,0
5.444438,-2.130255,16.179990,4.961409,185.275400,0,10.000000,2.699510,0
5.488811,-2.571316,18.195190,5.979860,-1347.773000,1,10.000000,2.547517,1
5.670987,-1.909729,16.967020,5.143095,-1370.328000,1,10.000000,2.571574,0
5.479115,-2.167365,15.788330,4.820999,196.210000,0,10.000000,2.654833,0
5.461772,-2.640441,18.735200,5.981775,-1348.699000,1,10.000000,2.563569,1
5.558007,-2.464025,18.313280,5.877551,-1355.044000,1,10.000000,2.500120,0
5.751863,-2.133829,18.643790,5.642099,-1382.723000,1,10.000000,2.409226,0
5.775421,-1.907969,15.369300,4.526509,187.678800,0,10.000000,2.478162,0
5.424981,-2.258299,18.715650,5.820129,-1382.589000,1,10.000000,2.679710,0
5.587859,-2.134058,16.373810,4.956269,-1338.268000,1,10.000000,2.562865,0
5.490826,-2.686570,19.386430,6.296535,-1359.983000,1,10.000000,2.528674,1
5.776293,-1.867591,13.911100,4.054999,208.083100,0,10.000000,2.495440,0
5.667085,-2.321462,16.926530,5.272658,191.656500,0,10.000000,2.429590,0
5.866870,-1.841908,16.773160,4.904844,-1365.463000,1,10.000000,2.427224,0
5.684639,-2.205008,16.046830,5.010006,196.244700,0,10.000000,2.448041,0
5.710620,-2.189974,17.496850,5.317127,-1354.098000,1,10.000000,2.428457,0
5.699926,-2.190801,18.553330,5.791219,-1379.411000,1,10.000000,2.438266,0
5.702196,-2.134888,19.148800,6.012959,-1398.684000,1,10.000000,2.455264,0
5.672160,-2.397245,19.718070,5.979970,-1380.934000,1,10.000000,2.404611,0
5.518147,-2.425608,17.716040,5.570750,-1344.449000,1,10.000000,2.547453,0
5.527522,-2.460049,18.851090,6.000607,-1366.100000,1,10.000000,2.530750,0
5.392774,-1.991945,16.580610,5.028907,164.669800,0,10.000000,2.795318,0
5.355706,-2.424540,18.006760,5.937378,-1360.047000,1,10.000000,2.706187,0
5.393850,-2.574550,19.243590,6.205698,-1368.210000,1,10.000000,2.640648,1
5.295835,-2.075365,19.123090,6.258945,-1419.981000,1,10.000000,2.857877,0
5.447907,-2.116290,19.368380,6.192937,-1414.472000,1,10.000000,2.700763,0
5.540824,-2.660449,20.130000,6.465588,-1374.916000,1,10.000000,2.482507,1
5.414189,-2.444599,18.095370,5.906986,-1357.505000,1,10.000000,2.644785,0
5.315393,-2.599033,18.506490,6.046475,-1354.115000,1,10.000000,2.714386,1
5.385341,-2.002601,17.043730,5.353566,-1372.887000,1,10.000000,2.798436,0
5.205327,-2.407316,19.597270,6.358717,-1397.582000,1,10.000000,2.856829,0
5.418250,-2.570282,18.667200,6.091401,-1357.876000,1,10.000000,2.617268,1
5.430123,-2.494987,18.119520,5.830640,-1351.120000,1,10.000000,2.619028,0
5.371670,-2.604749,18.594420,6.037544,-1353.368000,1,10.000000,2.657883,1
5.489152,-1.924008,15.407580,4.594090,182.820300,0,10.000000,2.731687,0
5.362568,-2.445106,17.474390,5.799155,-1347.723000,1,10.000000,2.695172,0
5.517872,-2.126440,15.828640,5.101536,185.915200,0,10.000000,2.631362,0
5.582753,-2.126400,15.104560,4.714625,203.550500,0,10.000000,2.570264,0
5.580033,-2.425948,18.933140,6.053889,-1370.556000,1,10.000000,2.487122,0
5.442611,-2.149921,16.177530,4.934833,187.489100,0,10.000000,2.694971,0
5.637762,-2.033369,16.008580,4.767291,184.917100,0,10.000000,2.552361,0
5.424728,-2.617627,19.293390,6.136218,-1362.394000,1,10.000000,2.603504,1
5.674855,-2.265155,19.722410,6.193018,-1398.734000,1,10.000000,2.438503,0
5.448387,-2.318594,16.622780,5.276641,-1334.171000,1,10.000000,2.641031,0
5.728015,-1.866187,14.210090,3.904399,205.604600,0,10.000000,2.539182,0
6.369254,-1.962816,15.707570,4.378889,199.191700,0,10.000000,1.932637,0
6.247740,-2.525929,19.964930,6.143114,-1367.441000,1,10.000000,1.815257,1
6.304622,-1.871891,14.900380,3.901944,205.808200,0,10.000000,2.036403,0
6.350030,-1.861184,15.684130,4.502831,188.888100,0,10.000000,2.004819,0
5.563596,-2.275548,19.542960,6.176255,-1397.334000,1,10.000000,2.541829,0
5.585648,-2.384315,16.813430,5.185363,198.942700,0,10.000000,2.491619,0
5.374076,-2.612501,19.211690,6.144485,-1363.086000,1,10.000000,2.654361,1
5.451558,-2.493804,20.007660,6.214572,-1385.527000,1,10.000000,2.598228,1
5.287397,-2.356673,15.943710,5.136660,202.245700,0,10.000000,2.787846,0
5.638683,-1.981090,14.077560,4.214228,211.364600,0,10.000000,2.571769,0
5.571172,-2.173610,18.370020,5.581825,-1377.697000,1,10.000000,2.565566,0
5.413874,-2.183001,18.698300,5.937785,-1392.409000,1,10.000000,2.712109,0
5.658098,-2.232583,19.707390,6.005367,-1398.816000,1,10.000000,2.464433,0
5.436527,-2.326131,17.608390,5.469481,-1351.793000,1,10.000000,2.650564,0
5.602762,-2.299357,19.606130,6.137853,-1394.125000,1,10.000000,2.497529,0
5.458423,-2.197014,16.187080,5.107430,188.882600,0,10.000000,2.665408,0
5.519856,-1.926453,18.303550,5.730677,-1405.828000,1,10.000000,2.702520,0
5.494678,-1.992446,16.259260,4.920152,172.957900,0,10.000000,2.700334,0
5.347822,-2.282394,16.966550,5.425583,-1347.365000,1,10.000000,2.747545,0
5.694097,-1.918354,18.021440,5.383606,-1391.868000,1,10.000000,2.546988,0
5.564732,-2.324295,17.784540,5.719739,-1356.897000,1,10.000000,2.527273,0
5.605915,-2.226357,18.410880,5.737345,-1374.915000,1,10.000000,2.515983,0
5.638338,-1.836321,16.454540,5.121498,-1368.570000,1,10.000000,2.632793,0
5.620300,-2.441529,17.866260,5.547335,-1342.493000,1,10.000000,2.444353,1
5.556905,-1.903769,15.483310,4.844064,193.550100,0,10.000000,2.677767,0
5.648649,-1.906856,14.456170,4.371550,199.043600,0,10.000000,2.593032,0
5.715179,-2.511781,19.774920,6.045864,-1370.651000,1,10.000000,2.336400,1
5.609376,-2.525151,18.391120,5.784937,-1347.298000,1,10.000000,2.437327,1
5.976308,-2.254075,16.886930,5.030322,195.312100,0,10.000000,2.156788,0
5.980848,-2.551097,18.953950,5.745625,-1344.010000,1,10.000000,2.068450,1
6.046803,-2.243778,17.466060,5.137756,-1338.379000,1,10.000000,2.094481,0
6.168877,-2.209860,16.683990,5.003622,196.777100,0,10.000000,1.994325,0
6.163177,-2.034133,17.639380,5.195124,-1358.926000,1,10.000000,2.075288,0
6.183444,-2.229952,19.900750,5.864423,-1386.286000,1,10.000000,1.973031,0
6.210268,-2.060164,18.769570,5.394057,-1377.023000,1,10.000000,2.021493,0
5.156651,-2.452080,16.205010,5.343033,201.597900,0,10.000000,2.895660,0
5.519587,-1.973752,17.753860,5.521134,-1387.609000,1,10.000000,2.684332,0
5.355594,-2.146370,16.989670,5.379417,-1359.292000,1,10.000000,2.778771,0
5.424171,-1.970929,18.147340,5.889216,-1385.320000,1,10.000000,2.773784,0
5.200749,-2.206088,16.768460,5.294106,-1352.179000,1,10.000000,2.909656,0
5.443671,-1.863068,14.954370,4.582580,183.017500,0,10.000000,2.797755,0
5.306335,-2.686527,18.492330,5.909765,-1342.670000,1,10.000000,2.711844,1
5.392439,-2.172695,15.662360,5.052522,192.699600,0,10.000000,2.735654,0
5.323133,-2.065023,16.016070,5.049561,177.932400,0,10.000000,2.835454,0
5.253978,-2.572370,19.017990,6.209213,-1368.505000,1,10.000000,2.779119,0
5.413525,-2.170072,14.891930,4.659827,208.115200,0,10.000000,2.716364,0
5.414925,-2.657708,19.920170,6.470156,-1375.299000,1,10.000000,2.607639,1
5.436000,-2.538363,19.324630,6.002990,-1367.065000,1,10.000000,2.605227,1
5.713248,-2.091114,18.585280,5.706818,-1388.120000,1,10.000000,2.460753,0
5.642935,-2.035672,16.015380,4.764261,185.169200,0,10.000000,2.546701,0
5.759772,-2.383841,19.859380,6.001589,-1382.740000,1,10.000000,2.323419,0
5.599887,-2.233290,19.613500,6.004227,-1398.721000,1,10.000000,2.519601,0
5.584719,-2.549704,17.801090,5.645334,-1334.858000,1,10.000000,2.456898,1
5.648195,-2.150501,17.931570,5.489725,-1369.254000,1,10.000000,2.500527,0
5.897656,-2.593389,20.056180,6.175312,-1365.667000,1,10.000000,2.141304,1
5.822937,-2.112266,16.691480,4.985719,-1340.721000,1,10.000000,2.351100,0
5.879582,-2.074573,16.768030,5.036654,-1344.964000,1,10.000000,2.313566,0
5.745322,-1.908796,18.645160,5.757429,-1408.056000,1,10.000000,2.504855,0
6.219010,-2.060616,19.351590,5.753029,-1391.973000,1,10.000000,2.013546,0
6.214844,-2.259504,19.333500,5.687123,-1370.723000,1,10.000000,1.932645,0
6.331838,-1.951640,16.053490,4.698532,189.118600,0,10.000000,1.970235,0
6.239948,-2.017775,17.746010,5.217844,-1360.818000,1,10.000000,2.015577,0
6.178446,-2.231637,17.636750,5.397414,-1344.251000,1,10.000000,1.976977,0
6.195655,-1.905945,18.748080,5.620850,-1395.915000,1,10.000000,2.110122,0
6.219728,-2.195992,19.340900,5.783353,-1378.755000,1,10.000000,1.953407,0
6.146920,-2.144207,18.664990,5.498981,-1370.025000,1,10.000000,2.041149,0
5.381311,-2.114857,16.541760,5.316811,-1353.309000,1,10.000000,2.764238,0
5.671144,-1.962766,16.052510,4.860190,177.186400,0,10.000000,2.549397,0
5.568577,-1.848539,16.370060,4.895885,159.253200,0,10.000000,2.690294,0
5.539650,-2.189672,15.449490,4.710036,204.692500,0,10.000000,2.590358,0
5.626144,-2.129376,16.881810,5.296647,-1351.628000,1,10.000000,2.528473,0
5.311478,-2.408216,16.902130,5.495571,-1337.405000,1,10.000000,2.752882,0
5.657384,-1.998669,19.090420,5.993121,-1412.757000,1,10.000000,2.547649,0
5.698636,-2.593057,19.735180,6.175847,-1365.712000,1,10.000000,2.337066,1
5.408796,-2.371110,18.099960,5.763273,-1361.299000,1,10.000000,2.666428,0
5.366577,-2.312806,17.493140,5.736634,-1358.309000,1,10.000000,2.721609,0
5.419342,-2.327007,19.310290,6.093258,-1390.399000,1,10.000000,2.666968,0
5.474977,-2.372008,19.400030,6.020675,-1384.335000,1,10.000000,2.601944,0
5.617773,-2.222657,16.870180,5.167091,184.670100,0,10.000000,2.505847,0
5.410064,-2.478866,17.042970,5.394641,198.048900,0,10.000000,2.641845,1
5.504770,-2.376833,16.701100,5.195753,198.075400,0,10.000000,2.571869,0
5.433745,-2.599472,18.691410,6.045789,-1354.058000,1,10.000000,2.597323,1
5.793887,-1.859739,18.729540,5.615939,-1411.966000,1,10.000000,2.483371,0
5.686654,-1.871446,16.518690,5.083665,-1364.620000,1,10.000000,2.573947,0
5.758881,-2.027812,17.577360,5.317550,-1369.887000,1,10.000000,2.442901,0
5.779417,-2.214633,19.269460,5.888358,-1388.284000,1,10.000000,2.355375,0
5.852459,-1.850359,15.077400,4.523620,200.228700,0,10.000000,2.435900,0
5.778541,-2.132838,17.105160,5.058034,-1347.507000,1,10.000000,2.384712,0
5.596916,-2.700678,19.557540,6.273779,-1358.076000,1,10.000000,2.421654,1
5.470982,-2.251027,17.142490,5.470391,-1351.105000,1,10.000000,2.637593,0
5.516418,-2.487515,18.833740,5.957690,-1362.511000,1,10.000000,2.535906,1
5.413373,-2.380471,17.047700,5.535207,-1340.716000,1,10.000000,2.659785,0
5.685928,-2.047891,16.976530,5.176016,-1357.334000,1,10.000000,2.502287,0
5.830354,-2.021798,18.210870,5.450478,-1381.723000,1,10.000000,2.379967,0
5.828873,-1.962309,16.710880,4.960877,-1354.403000,1,10.000000,2.406366,0
5.630636,-2.172501,15.987700,4.814240,196.773000,0,10.000000,2.509709,0
5.356899,-2.212561,15.615590,5.000068,197.073300,0,10.000000,2.757906,0
5.370973,-2.356885,16.987130,5.568902,-1343.531000,1,10.000000,2.706544,0
5.333014,-2.252695,16.462540,5.368169,-1341.811000,1,10.000000,2.769707,0
5.332926,-1.869735,18.020320,5.816612,-1412.986000,1,10.000000,2.896685,0
5.444524,-1.882330,15.350360,4.647524,178.378300,0,10.000000,2.789201,0
5.461458,-1.857634,18.215060,5.834948,-1414.513000,1,10.000000,2.783738,0
5.274962,-2.004875,13.978600,4.482050,205.615900,0,10.000000,2.901052,0
5.246639,-2.376843,18.424850,5.877703,-1371.624000,1,10.000000,2.822999,0
5.249920,-2.141992,14.308010,4.384921,214.456800,0,10.000000,2.880818,0
5.442996,-2.341614,18.731660,5.932747,-1376.223000,1,10.000000,2.640405,0
5.443084,-2.542399,18.719160,5.871935,-1355.339000,1,10.000000,2.597541,1
5.174539,-2.468866,19.545960,6.256135,-1389.003000,1,10.000000,2.874949,0
6.121657,-2.320776,17.557880,5.273610,-1333.918000,1,10.000000,1.997378,1
6.400063,-1.907967,17.979630,5.145542,-1370.531000,1,10.000000,1.937094,0
6.445396,-2.026182,16.612220,4.901983,181.084100,0,10.000000,1.834424,0
6.489365,-1.909544,16.261730,4.524540,187.842400,0,10.000000,1.863092,0
6.201066,-2.173738,17.680310,5.235033,-1346.490000,1,10.000000,1.979614,0
6.397326,-2.031142,18.489420,5.312795,-1369.491000,1,10.000000,1.872766,0
6.390867,-1.995608,16.552420,4.726415,187.558000,0,10.000000,1.896869,0
6.306932,-2.135221,17.839040,5.054724,-1347.231000,1,10.000000,1.901137,0
6.281417,-1.894026,15.600450,4.462779,192.217700,0,10.000000,2.043699,0
6.195677,-2.166017,17.672830,5.245757,-1347.385000,1,10.000000,1.987740,0
6.518394,-1.923731,16.727120,4.594444,-1338.137000,1,10.000000,1.831260,0
5.464672,-2.418856,16.632810,5.389178,197.742600,0,10.000000,2.601080,0
5.315308,-2.294959,19.142490,6.144947,-1394.718000,1,10.000000,2.775726,0
5.425799,-2.210021,18.137980,5.762096,-1376.981000,1,10.000000,2.692690,0
5.477293,-1.848826,16.246700,4.895496,-1364.686000,1,10.000000,2.772950,0
5.459854,-2.104126,19.399130,5.982811,-1412.663000,1,10.000000,2.693498,0
5.466339,-2.549955,18.174390,5.747354,-1344.155000,1,10.000000,2.573320,1
5.581367,-2.031976,16.376410,4.866733,-1346.568000,1,10.000000,2.605159,0
5.333700,-2.111407,16.475640,5.321603,171.786400,0,10.000000,2.810472,0
5.519518,-2.020702,15.853000,4.783958,183.530100,0,10.000000,2.666799,0
5.519871,-2.087708,18.292290,5.711978,-1388.550000,1,10.000000,2.642596,0
5.273661,-2.580415,17.882450,5.701202,-1340.295000,1,10.000000,2.758437,1
5.394926,-2.584654,19.245330,6.189400,-1366.846000,1,10.000000,2.637977,1
5.346264,-2.120009,16.047330,4.975255,184.122000,0,10.000000,2.795836,0
6.034180,-2.628388,20.276380,6.118860,-1360.941000,1,10.000000,2.000636,1
6.245931,-2.079011,18.261580,5.475645,-1367.316000,1,10.000000,1.981156,0
6.408865,-1.897130,19.072570,5.414819,-1394.466000,1,10.000000,1.935984,0
6.196088,-2.080085,15.883800,4.537974,202.479400,0,10.000000,2.024930,0
6.209428,-1.987866,18.221000,5.374617,-1374.640000,1,10.000000,2.056833,0
6.176978,-1.977129,15.473090,4.361434,200.642700,0,10.000000,2.090377,0
6.376997,-1.857031,16.121270,4.590181,182.385400,0,10.000000,1.985074,0
6.248325,-2.353006,18.789830,5.677517,-1353.369000,1,10.000000,1.867342,1
6.277082,-1.871074,15.212590,4.416224,211.535100,0,10.000000,2.059835,0
5.668844,-1.846739,14.492720,4.219782,195.912200,0,10.000000,2.600827,0
5.612454,-2.399630,18.408530,5.720062,-1357.688000,1,10.000000,2.461874,0
5.408683,-2.463285,17.028050,5.675884,-1336.650000,1,10.000000,2.646315,0
5.366066,-2.108049,17.004630,5.434163,-1363.857000,1,10.000000,2.780860,0
5.341418,-2.167006,16.969420,5.349938,-1356.834000,1,10.000000,2.786025,0
5.498523,-1.974847,16.253840,5.169645,173.388100,0,10.000000,2.703392,0
5.486154,-1.872337,15.820170,4.757675,169.981600,0,10.000000,2.755185,0
5.479983,-2.027488,15.374320,4.904020,183.904100,0,10.000000,2.701159,0
5.328462,-2.193593,15.178460,4.704956,205.115700,0,10.000000,2.790593,0
5.530601,-1.890669,15.867580,4.955053,169.292300,0,10.000000,2.707129,0
5.520970,-2.026550,16.747420,5.205657,-1359.804000,1,10.000000,2.663305,0
5.465597,-2.673621,18.741180,5.929931,-1344.359000,1,10.000000,2.555332,1
5.391534,-2.241027,18.651290,6.090388,-1371.523000,1,10.000000,2.716640,0
5.745398,-2.100551,16.138700,4.908913,188.887000,0,10.000000,2.427394,0
5.795671,-2.404494,18.686130,5.712691,-1357.073000,1,10.000000,2.283351,0
5.828178,-2.024108,17.174100,5.209048,-1360.086000,1,10.000000,2.381003,0
5.729271,-2.608330,19.784590,6.151212,-1363.649000,1,10.000000,2.304260,1
5.940996,-2.040013,16.396070,4.988567,-1340.197000,1,10.000000,2.271799,0
5.808170,-1.996384,18.740380,5.624720,-1397.001000,1,10.000000,2.410677,0
5.608828,-2.442890,19.603380,6.156979,-1379.943000,1,10.000000,2.455214,0
5.629878,-2.360089,19.649860,6.039899,-1385.941000,1,10.000000,2.454988,0
6.028758,-1.882020,15.292330,4.477420,191.000500,0,10.000000,2.266202,0
5.836998,-1.973334,19.382200,5.810143,-1413.212000,1,10.000000,2.394289,0
5.875178,-2.085969,19.430730,5.856715,-1401.383000,1,10.000000,2.313076,0
5.865666,-2.346366,19.392080,5.925324,-1375.603000,1,10.000000,2.232178,0
5.863675,-2.100371,17.211710,5.336933,-1354.987000,1,10.000000,2.318020,0
5.881013,-2.058753,16.769960,5.058033,177.226700,0,10.000000,2.318631,0
5.736507,-2.191181,17.533830,5.315401,-1353.955000,1,10.000000,2.403661,0
5.959472,-2.076654,18.389330,5.598321,-1378.308000,1,10.000000,2.239715,0
5.912813,-2.191271,19.477890,5.924863,-1391.331000,1,10.000000,2.238390,0
6.043761,-2.057688,16.095790,4.879248,190.597500,0,10.000000,2.171364,0
5.833077,-1.985110,17.192150,5.038398,-1361.616000,1,10.000000,2.392813,0
6.043870,-2.334964,18.489160,5.704049,-1355.586000,1,10.000000,2.066087,1
5.889721,-2.628451,20.043380,6.118759,-1360.932000,1,10.000000,2.142738,1
6.145011,-2.243360,17.590320,5.381133,-1342.892000,1,10.000000,2.003369,0
6.099057,-2.107509,18.051760,5.434934,-1363.921000,1,10.000000,2.100030,0
6.136646,-2.172503,16.653510,4.814238,196.773200,0,10.000000,2.038833,0
6.163965,-2.051490,16.689450,4.973466,-1338.939000,1,10.000000,2.066566,0
5.860526,-2.256868,17.207340,5.119575,-1336.863000,1,10.000000,2.264861,0
6.091490,-1.897882,14.625440,4.303371,200.527300,0,10.000000,2.203877,0
6.124417,-2.161845,18.087990,5.357309,-1357.449000,1,10.000000,2.054340,0
6.161967,-2.177564,16.674890,5.046116,193.233700,0,10.000000,2.013645,0
6.008672,-2.171390,16.473190,5.054242,192.556300,0,10.000000,2.156846,0
5.781105,-2.670224,19.868190,6.051383,-1355.292000,1,10.000000,2.243268,1
6.010327,-2.082143,17.415580,5.372351,-1343.234000,1,10.000000,2.191177,0
6.172464,-1.874991,19.303130,5.592829,-1410.043000,1,10.000000,2.146051,0
6.004624,-2.180661,19.621350,5.941440,-1392.714000,1,10.000000,2.157044,0
5.871197,-2.125194,17.222160,5.302455,-1352.112000,1,10.000000,2.301541,0
5.856899,-2.061454,17.705820,5.500727,-1369.407000,1,10.000000,2.339605,0
6.059803,-2.086051,17.995690,5.465587,-1366.477000,1,10.000000,2.144684,0
5.514812,-2.047189,15.835300,4.979125,183.038400,0,10.000000,2.661579,0
5.562113,-2.341435,19.540570,6.069987,-1388.455000,1,10.000000,2.525273,0
5.543815,-2.096864,18.328570,5.698107,-1387.393000,1,10.000000,2.616964,0
5.548275,-1.986930,17.796050,5.501754,-1385.994000,1,10.000000,2.652785,0
5.519484,-2.060792,15.841450,4.961226,184.529300,0,10.000000,2.652371,0
5.538410,-1.984870,16.306990,5.157876,-1355.061000,1,10.000000,2.662690,0
5.751047,-2.070470,17.566160,5.256610,-1364.811000,1,10.000000,2.433478,0
5.436565,-2.518064,19.982670,6.174136,-1382.145000,1,10.000000,2.608345,1
5.575402,-1.932453,15.926520,4.900074,173.867400,0,10.000000,2.649214,0
5.514156,-2.131755,16.726270,5.293342,-1351.353000,1,10.000000,2.633110,0
5.653414,-1.983783,16.462400,5.159345,-1355.184000,1,10.000000,2.557179,0
5.606261,-2.104740,17.869900,5.557019,-1374.865000,1,10.000000,2.555676,0
5.569830,-2.325299,18.929840,5.958241,-1378.353000,1,10.000000,2.522092,0
5.494064,-1.981913,18.264470,5.646645,-1398.828000,1,10.000000,2.704850,0
5.570182,-1.869539,18.390580,5.601090,-1410.731000,1,10.000000,2.679917,0
5.716167,-2.290471,19.158500,6.012659,-1382.900000,1,10.000000,2.391510,0
5.660852,-1.968921,18.517180,5.666330,-1400.468000,1,10.000000,2.556313,0
5.692065,-2.206709,17.458320,5.533703,-1356.390000,1,10.000000,2.440466,0
5.677976,-1.947620,17.472880,5.210124,-1376.668000,1,10.000000,2.549372,0
5.575388,-2.111346,19.573990,6.200911,-1415.137000,1,10.000000,2.582334,0
5.576958,-2.007672,17.828610,5.678179,-1394.257000,1,10.000000,2.618367,0
5.654462,-2.104978,19.085860,5.827013,-1398.907000,1,10.000000,2.510500,0
5.746796,-1.856694,14.947720,4.508146,188.446200,0,10.000000,2.526673,0
5.662872,-1.870981,17.964570,5.672268,-1400.198000,1,10.000000,2.595544,0
5.571156,-2.356322,18.931910,5.909768,-1374.303000,1,10.000000,2.512689,0
5.512815,-2.209516,16.724410,5.185340,-1342.347000,1,10.000000,2.609781,0
5.771102,-1.865548,16.643740,4.872898,161.164100,0,10.000000,2.500993,0
5.361074,-2.523901,19.843910,6.423394,-1387.202000,1,10.000000,2.681529,0
5.502667,-1.970682,17.728980,5.525648,-1387.985000,1,10.000000,2.701142,0
5.648885,-2.123395,16.456280,4.970679,184.503100,0,10.000000,2.509218,0
5.691511,-1.827174,14.167380,3.949629,201.852100,0,10.000000,2.589333,0
5.678650,-2.303613,18.508830,5.865541,-1369.843000,1,10.000000,2.423555,0
5.622992,-2.315484,19.638760,6.111843,-1391.952000,1,10.000000,2.473606,0
5.646748,-1.988648,18.484520,5.862072,-1401.065000,1,10.000000,2.561373,0
5.739487,-1.860059,18.078350,5.680660,-1399.535000,1,10.000000,2.531676,0
5.570017,-2.157324,16.349700,4.924829,188.322400,0,10.000000,2.571949,0
5.794343,-1.883763,18.157910,5.653470,-1398.632000,1,10.000000,2.472024,0
5.776171,-1.901286,17.603260,5.488255,-1384.819000,1,10.000000,2.480441,0
5.517809,-2.232158,18.277390,5.728555,-1374.181000,1,10.000000,2.598240,0
5.847726,-1.971762,16.736350,4.948102,-1353.339000,1,10.000000,2.385279,0
5.706554,-1.848374,18.586420,5.848977,-1415.682000,1,10.000000,2.566347,0
5.720344,-2.031330,18.607320,5.571772,-1392.591000,1,10.000000,2.476925,0
5.830271,-1.964502,17.188250,5.067021,-1363.997000,1,10.000000,2.404159,0
5.634213,-2.334061,19.030440,5.944549,-1377.209000,1,10.000000,2.457727,0
5.456739,-2.520670,20.003350,6.428777,-1387.652000,1,10.000000,2.588037,1
5.591048,-2.091770,16.844760,5.115072,-1352.258000,1,10.000000,2.574477,0
6.171028,-1.851274,16.281780,4.687339,-1345.860000,1,10.000000,2.159794,0
6.294616,-1.877689,19.488210,5.588741,-1409.703000,1,10.000000,2.041548,0
6.299093,-2.014455,18.889440,5.690775,-1378.076000,1,10.000000,1.965803,0
6.260630,-2.048024,18.843630,5.411909,-1378.510000,1,10.000000,1.982843,0
6.164998,-1.936960,18.703000,5.575239,-1392.115000,1,10.000000,2.120681,0
6.126696,-2.279986,19.199950,5.656090,-1368.133000,1,10.000000,2.006910,0
6.234080,-1.873363,17.749100,5.193603,-1374.531000,1,10.000000,2.094704,0
6.197924,-1.982581,16.745640,4.834117,-1343.093000,1,10.000000,2.069449,0
6.470811,-1.959958,17.578360,4.964055,-1354.667000,1,10.000000,1.849353,0
6.409576,-1.879588,16.172920,4.343467,187.157300,0,10.000000,1.945449,0
6.355667,-2.068149,17.906730,5.147879,-1354.991000,1,10.000000,1.890021,0
6.268609,-2.015464,17.305110,4.889045,-1348.425000,1,10.000000,1.991740,0
6.070115,-1.842245,16.152400,4.698914,174.106000,0,10.000000,2.250523,0
5.971639,-1.894894,17.384590,5.163700,-1372.042000,1,10.000000,2.309872,0
5.872709,-1.903946,19.437990,5.918561,-1422.243000,1,10.000000,2.393053,0
5.979955,-1.845657,18.441820,5.490514,-1400.765000,1,10.000000,2.326605,0
6.027189,-1.865960,19.072240,5.822333,-1413.463000,1,10.000000,2.275528,0
5.769186,-2.298604,19.241340,5.999953,-1381.838000,1,10.000000,2.338480,0
5.887768,-2.251148,19.438760,5.831304,-1383.522000,1,10.000000,2.241050,0
5.972472,-2.325586,19.558970,5.957791,-1378.315000,1,10.000000,2.136751,0
5.800241,-2.426371,19.912110,6.183621,-1382.172000,1,10.000000,2.273321,1
5.959477,-2.023233,18.400760,5.448366,-1381.547000,1,10.000000,2.262257,0
6.074125,-2.013407,17.515700,5.223909,-1361.324000,1,10.000000,2.163876,0
6.028341,-1.916323,19.073980,5.746023,-1407.106000,1,10.000000,2.249843,0
6.010255,-1.949045,17.438230,5.088489,-1365.784000,1,10.000000,2.250243,0
5.916874,-2.156881,18.893810,5.607172,-1379.811000,1,10.000000,2.247279,0
6.013631,-2.063611,19.040410,5.748490,-1391.594000,1,10.000000,2.196016,0
5.849152,-2.191410,18.227090,5.429564,-1364.237000,1,10.000000,2.297818,0
5.759749,-2.389715,19.846800,6.242745,-1387.116000,1,10.000000,2.321889,0
5.976076,-1.868035,16.909800,5.088275,-1365.004000,1,10.000000,2.318969,0
6.074498,-1.958963,17.516210,5.299526,-1367.623000,1,10.000000,2.188907,0
5.873437,-2.103588,19.416370,6.061867,-1402.766000,1,10.000000,2.307775,0
5.982496,-1.928333,17.399670,5.117256,-1368.177000,1,10.000000,2.284468,0
5.952451,-1.928802,16.422640,4.904878,-1348.981000,1,10.000000,2.310827,0
5.946879,-2.026835,18.370810,5.671586,-1384.417000,1,10.000000,2.272082,0
6.083078,-1.888987,16.594520,4.957267,169.108000,0,10.000000,2.215613,0
5.664396,-1.931490,16.043620,4.901342,173.761900,0,10.000000,2.568415,0
5.890933,-1.910905,18.865780,5.754234,-1407.790000,1,10.000000,2.373667,0
5.543966,-2.069593,15.885160,4.719627,188.883400,0,10.000000,2.626359,0
5.801750,-2.006824,16.662850,5.128207,171.381200,0,10.000000,2.412198,0
5.836672,-1.873857,15.445860,4.569149,184.133900,0,10.000000,2.438891,0
5.617155,-1.987863,19.038690,5.787441,-1411.321000,1,10.000000,2.588894,0
5.456866,-2.204827,16.646700,5.191853,-1342.890000,1,10.000000,2.664551,0
5.723811,-2.387694,19.170440,5.860748,-1370.207000,1,10.000000,2.357108,0
5.679948,-1.876964,18.546110,5.805658,-1412.074000,1,10.000000,2.577566,0
5.780646,-2.026396,17.608450,5.319573,-1370.055000,1,10.000000,2.423517,0
5.516946,-2.101408,16.266230,5.236780,194.369300,0,10.000000,2.640648,0
5.746846,-1.933432,15.737950,4.582006,183.824700,0,10.000000,2.492844,0
5.751200,-2.193629,18.083040,5.426300,-1363.965000,1,10.000000,2.389003,0
5.827955,-1.869776,19.368060,5.971951,-1426.691000,1,10.000000,2.448506,0
5.924427,-1.968864,16.385770,4.852166,-1344.595000,1,10.000000,2.317595,0
5.584270,-2.303084,17.825660,5.503372,-1354.622000,1,10.000000,2.514248,0
5.701874,-2.299128,19.765990,6.138224,-1394.156000,1,10.000000,2.402625,0
5.967858,-2.013944,16.887320,5.118587,-1351.789000,1,10.000000,2.258740,0
5.849506,-1.980415,16.287190,4.836968,-1343.330000,1,10.000000,2.379954,0
5.241684,-2.134924,18.429250,6.012904,-1398.679000,1,10.000000,2.890789,0
5.575141,-1.852927,16.367990,5.108691,157.268600,0,10.000000,2.682483,0
5.353388,-1.960821,16.525910,5.072133,-1364.423000,1,10.000000,2.843316,0
5.361345,-1.901681,17.532100,5.408125,-1393.909000,1,10.000000,2.858112,0
5.340525,-2.392043,19.822610,6.384171,-1399.711000,1,10.000000,2.728080,0
5.441844,-1.982292,17.124450,5.382579,-1375.304000,1,10.000000,2.753160,0
5.286906,-2.278789,19.745650,6.324736,-1410.505000,1,10.000000,2.807316,0
5.457660,-2.299471,19.372090,6.137670,-1394.110000,1,10.000000,2.637088,0
5.394051,-2.170362,16.559400,5.240162,-1346.906000,1,10.000000,2.734826,0
5.339409,-2.181224,18.581950,5.940560,-1392.641000,1,10.000000,2.783728,0
5.249940,-2.245801,16.359300,5.134945,-1338.145000,1,10.000000,2.851604,0
5.392371,-1.863269,14.523030,4.278238,191.815700,0,10.000000,2.844624,0
5.240316,-2.549705,19.642640,6.380386,-1383.601000,1,10.000000,2.796180,0
5.447711,-2.313221,17.624830,5.488465,-1353.377000,1,10.000000,2.643075,0
5.367995,-2.497962,19.868390,6.207641,-1384.947000,1,10.000000,2.679457,0
5.552696,-1.839823,15.090890,4.611691,180.597300,0,10.000000,2.708377,0
5.477518,-1.946431,15.392660,4.565342,185.210100,0,10.000000,2.733665,0
5.225471,-2.221649,16.803780,5.271877,-1350.325000,1,10.000000,2.881638,0
5.373868,-1.982393,16.543120,5.266985,-1364.912000,1,10.000000,2.816398,0
5.572796,-1.842247,14.736030,4.509453,181.308800,0,10.000000,2.689184,0
5.399259,-2.284558,18.085510,5.894413,-1372.255000,1,10.000000,2.697353,0
5.324583,-2.384465,19.144920,6.251212,-1387.825000,1,10.000000,2.745312,0
5.213000,-2.136037,17.291570,5.510994,-1371.027000,1,10.000000,2.917842,0
5.212186,-2.296711,18.371030,6.002908,-1382.085000,1,10.000000,2.875156,0
5.364438,-1.983724,16.530020,5.265137,-1364.758000,1,10.000000,2.824713,0
5.507226,-2.058109,17.724260,5.625595,-1380.583000,1,10.000000,2.664785,0
5.529269,-2.055482,18.890240,5.904351,-1405.355000,1,10.000000,2.645113,0
5.390982,-1.951614,15.281720,4.558698,185.762500,0,10.000000,2.811777,0
5.402747,-2.044089,18.692550,5.922153,-1406.840000,1,10.000000,2.767578,0
5.425378,-1.853582,18.160400,5.841086,-1415.024000,1,10.000000,2.818324,0
6.400734,-2.004572,19.638210,5.612314,-1395.968000,1,10.000000,1.883754,0
6.341669,-1.889106,16.500540,4.638836,179.100500,0,10.000000,1.996033,0
6.370263,-2.137455,18.993430,5.508909,-1370.853000,1,10.000000,1.843916,0
6.183254,-2.166742,18.706510,5.703876,-1371.357000,1,10.000000,1.998721,0
5.437918,-2.077877,16.621210,5.365242,-1352.741000,1,10.000000,2.722972,0
5.208559,-2.508152,19.589710,6.449641,-1389.399000,1,10.000000,2.834441,0
5.568029,-1.996435,16.358390,4.914760,173.406500,0,10.000000,2.630898,0
5.472364,-2.026354,16.229110,4.874329,176.771000,0,10.000000,2.708676,0
5.591312,-1.865445,14.768580,4.276254,191.980400,0,10.000000,2.662517,0
5.342721,-2.571113,19.813320,6.344706,-1380.614000,1,10.000000,2.691668,1
5.489119,-2.489459,19.410300,6.081866,-1373.662000,1,10.000000,2.562260,1
5.317050,-2.432040,19.783480,6.317510,-1394.136000,1,10.000000,2.742408,0
5.271170,-2.213228,19.083310,6.036587,-1401.422000,1,10.000000,2.839987,0
5.329581,-2.257452,16.940490,5.461215,176.681500,0,10.000000,2.771735,0
5.435177,-2.265762,17.606400,5.558259,-1359.203000,1,10.000000,2.667850,0
5.232714,-2.293523,17.833170,5.880827,-1371.120000,1,10.000000,2.856043,0
5.373886,-2.528347,19.224450,6.019145,-1368.416000,1,10.000000,2.668132,0
5.300450,-2.171181,17.948060,5.820947,-1381.893000,1,10.000000,2.823917,0
6.334772,-1.952331,17.394530,4.974360,-1355.525000,1,10.000000,1.967383,0
6.063548,-1.939571,18.012590,5.443609,-1380.387000,1,10.000000,2.207795,0
6.262574,-1.886868,16.830700,4.960056,168.876000,0,10.000000,2.063423,0
5.999187,-2.088847,19.612990,6.084426,-1387.961000,1,10.000000,2.198512,0
6.388883,-1.878523,19.631040,5.587478,-1409.598000,1,10.000000,1.963010,0
6.048130,-2.158170,19.080910,5.840659,-1383.538000,1,10.000000,2.125670,0
6.282268,-2.027212,17.804780,5.204737,-1359.727000,1,10.000000,1.974062,0
5.979277,-2.160128,18.407040,5.718154,-1362.113000,1,10.000000,2.188311,0
6.233367,-1.967041,18.803440,5.531804,-1388.474000,1,10.000000,2.046459,0
6.268606,-1.964765,18.316640,5.185631,-1374.630000,1,10.000000,2.017284,0
6.075165,-2.139775,19.133640,5.633090,-1381.972000,1,10.000000,2.108311,0
6.116412,-1.939763,19.207420,5.710508,-1404.148000,1,10.000000,2.161482,0
6.202135,-2.002072,17.215280,4.907144,-1349.931000,1,10.000000,2.056254,0
6.025254,-2.125656,17.447820,5.068009,-1348.338000,1,10.000000,2.159653,0
5.915655,-1.926491,17.801320,5.462294,-1381.944000,1,10.000000,2.344551,0
5.853796,-1.930210,15.467260,4.498707,189.989900,0,10.000000,2.398050,0
5.846590,-1.987915,17.702660,5.374546,-1374.635000,1,10.000000,2.379389,0
6.050758,-1.900006,17.010720,5.045071,-1361.409000,1,10.000000,2.238198,0
6.058344,-1.914005,19.119440,5.749537,-1407.399000,1,10.000000,2.224727,0
5.833564,-2.142171,19.365700,5.768899,-1394.061000,1,10.000000,2.330089,0
5.956460,-2.066879,19.557720,5.886545,-1403.870000,1,10.000000,2.246502,0
6.042300,-1.852765,17.010230,4.890173,-1364.243000,1,10.000000,2.269083,0
5.868786,-1.962665,17.241740,5.069572,-1364.210000,1,10.000000,2.370261,0
5.971402,-1.988518,18.418300,5.499417,-1385.800000,1,10.000000,2.266783,0
6.016782,-2.090625,17.934230,5.459054,-1365.932000,1,10.000000,2.181769,0
5.388857,-2.035592,15.669570,4.994385,181.767300,0,10.000000,2.783550,0
5.394502,-2.005744,17.056820,5.349647,-1371.720000,1,10.000000,2.788757,0
5.429484,-2.201585,17.609930,5.414600,-1362.989000,1,10.000000,2.691657,0
5.403357,-1.876325,13.824610,3.890798,206.733100,0,10.000000,2.829347,0
5.214725,-2.262063,16.776400,5.454627,177.231300,0,10.000000,2.881373,0
5.449188,-1.957613,18.776240,5.834706,-1415.258000,1,10.000000,2.755579,0
5.451043,-1.869996,14.974750,4.355458,186.161600,0,10.000000,2.788206,0
5.356571,-2.385371,19.209050,5.999121,-1382.534000,1,10.000000,2.713943,0
5.501148,-2.071991,18.263920,5.735794,-1390.535000,1,10.000000,2.665607,0
5.231818,-2.390880,18.389880,6.107536,-1368.807000,1,10.000000,2.834406,0
5.313903,-2.506280,19.127700,6.054737,-1371.393000,1,10.000000,2.731094,0
5.515019,-2.126736,16.275380,4.966165,184.879200,0,10.000000,2.633955,0
5.465520,-2.028319,18.790630,5.946793,-1408.894000,1,10.000000,2.714360,0
5.490464,-1.915842,18.840730,5.899975,-1420.695000,1,10.000000,2.733710,0
5.476105,-1.951956,16.234160,4.974868,-1355.567000,1,10.000000,2.732845,0
5.507956,-1.917879,18.285510,5.743667,-1406.910000,1,10.000000,2.716849,0
5.648139,-1.987245,19.075970,6.010972,-1414.246000,1,10.000000,2.560648,0
5.463822,-1.989426,18.207360,5.860893,-1400.967000,1,10.000000,2.730102,0
5.650293,-1.945218,16.938280,5.093805,-1366.226000,1,10.000000,2.575595,0
5.434643,-2.337293,18.139120,5.814510,-1365.579000,1,10.000000,2.649573,0
5.549883,-2.177177,17.775080,5.688531,-1370.076000,1,10.000000,2.584591,0
5.654813,-1.999728,16.464280,5.137797,170.582400,0,10.000000,2.549597,0
5.406364,-2.167493,16.576560,5.243707,178.281600,0,10.000000,2.723971,0
5.555381,-1.884137,15.492490,4.645206,178.570800,0,10.000000,2.687250,0
5.680630,-1.832176,14.154390,3.943744,202.340400,0,10.000000,2.596785,0
5.702466,-2.250632,18.557170,5.700565,-1371.845000,1,10.000000,2.416653,0
5.700034,-2.021810,16.090520,4.782501,183.651400,0,10.000000,2.499340,0
5.654686,-2.070159,16.464170,5.042796,179.259200,0,10.000000,2.522915,0
5.692669,-1.865716,14.881410,4.497075,189.366600,0,10.000000,2.571065,0
6.218721,-1.931038,16.342920,4.585076,-1337.358000,1,10.000000,2.077410,0
5.979757,-1.984736,18.430580,5.504981,-1386.263000,1,10.000000,2.261005,0
6.169233,-1.926596,19.287450,5.730459,-1405.809000,1,10.000000,2.122240,0
6.182319,-2.032962,17.177130,5.092887,-1349.648000,1,10.000000,2.058914,0
6.214482,-1.992691,18.228220,5.367723,-1374.066000,1,10.000000,2.050060,0
5.875169,-1.979945,18.841900,5.649628,-1399.076000,1,10.000000,2.356994,0
5.734283,-2.015344,16.571680,5.116694,172.340300,0,10.000000,2.470429,0
5.614579,-2.204062,17.870230,5.648993,-1366.776000,1,10.000000,2.514707,0
5.650358,-2.093248,16.458270,5.011418,-1342.862000,1,10.000000,2.518534,0
5.698392,-2.017226,16.076860,5.018550,179.754300,0,10.000000,2.502648,0
5.575168,-2.051008,19.585120,6.068488,-1419.807000,1,10.000000,2.603920,0
5.652641,-1.849044,18.504740,5.847961,-1415.597000,1,10.000000,2.614344,0
5.714384,-2.296413,18.017000,5.513185,-1355.441000,1,10.000000,2.391459,0
5.591257,-1.871777,15.139090,4.571750,183.917800,0,10.000000,2.659874,0
5.669789,-1.962449,15.237260,4.458407,193.340100,0,10.000000,2.550764,0
6.163043,-2.003091,18.154730,5.352867,-1372.829000,1,10.000000,2.090033,0
6.194914,-1.864422,15.893670,4.580943,183.153500,0,10.000000,2.132574,0
6.030762,-2.189170,18.482260,5.670893,-1368.604000,1,10.000000,2.129635,0
6.104465,-1.897098,19.189320,5.775152,-1409.532000,1,10.000000,2.193044,0
6.073895,-1.944760,17.526620,5.094441,-1366.279000,1,10.000000,2.196227,0
6.299854,-2.008523,19.485360,5.606328,-1395.469000,1,10.000000,1.968127,0
5.514048,-2.087413,17.216030,5.463641,-1366.315000,1,10.000000,2.648164,0
5.422811,-2.106419,17.097260,5.205254,-1360.533000,1,10.000000,2.727708,0
5.438756,-2.046488,15.331760,4.661184,192.986200,0,10.000000,2.732976,0
5.466479,-2.104969,19.409820,5.981452,-1412.550000,1,10.000000,2.686970,0
5.437092,-2.042341,16.630930,5.183722,167.518900,0,10.000000,2.735984,0
5.560851,-1.971206,18.355950,5.872001,-1407.060000,1,10.000000,2.647237,0
5.629464,-2.273170,18.446560,5.666418,-1368.995000,1,10.000000,2.479460,0
5.585963,-1.929826,15.132480,4.499187,189.950000,0,10.000000,2.640615,0
5.514841,-2.252690,18.272890,5.697447,-1371.584000,1,10.000000,2.595089,0
5.876110,-2.149086,18.820270,5.854422,-1384.687000,1,10.000000,2.288004,0
5.987054,-2.087279,17.891760,5.463832,-1366.331000,1,10.000000,2.210206,0
5.970647,-1.945203,16.013670,4.791038,182.180400,0,10.000000,2.287110,0
5.971920,-1.866986,17.892800,5.325316,-1386.254000,1,10.000000,2.323107,0
6.019943,-2.170910,19.038200,5.821355,-1381.927000,1,10.000000,2.146629,0
6.147285,-1.860106,17.141170,5.098990,-1365.896000,1,10.000000,2.175296,0
5.631931,-1.873317,16.912780,5.193667,-1374.536000,1,10.000000,2.622435,0
5.588357,-1.932159,17.333750,5.454197,-1381.269000,1,10.000000,2.637480,0
5.331752,-2.438187,18.545200,6.034766,-1368.957000,1,10.000000,2.726753,0
5.536700,-2.121266,16.769270,5.074106,176.649800,0,10.000000,2.615343,0
5.589085,-1.980745,15.524490,4.745471,185.972300,0,10.000000,2.617517,0
5.618220,-1.972394,19.029220,6.034176,-1416.181000,1,10.000000,2.594003,0
5.628376,-1.918344,19.056220,5.896065,-1420.369000,1,10.000000,2.606641,0
5.585369,-2.199841,16.825170,5.198780,182.027800,0,10.000000,2.543757,0
5.532948,-1.965819,16.764060,5.290005,158.665800,0,10.000000,2.675047,0
5.615900,-2.008832,18.437790,5.831488,-1398.515000,1,10.000000,2.581927,0
5.363060,-2.532649,19.847220,6.408812,-1385.981000,1,10.000000,2.678035,0
5.520043,-2.189183,18.864190,5.928124,-1391.603000,1,10.000000,2.609140,0
5.579343,-2.134191,17.830310,5.513710,-1371.254000,1,10.000000,2.570838,0
5.522055,-1.977966,15.052370,4.438966,194.956400,0,10.000000,2.680441,0
5.436558,-2.036480,16.630190,5.191863,-1358.654000,1,10.000000,2.738540,0
5.626844,-1.906762,14.811960,4.225883,196.163800,0,10.000000,2.612860,0
5.557087,-2.112022,16.332220,4.986049,183.222900,0,10.000000,2.599294,0
5.641497,-1.936236,16.013490,4.895098,174.281600,0,10.000000,2.587302,0
5.750804,-1.898824,19.247520,5.926565,-1422.910000,1,10.000000,2.504290,0
6.022820,-1.967240,19.065610,5.668878,-1400.680000,1,10.000000,2.230658,0
5.882541,-1.849865,16.341730,4.787243,167.523500,0,10.000000,2.409656,0
6.011778,-1.872376,16.968980,4.863672,-1362.040000,1,10.000000,2.285730,0
5.907149,-1.964902,16.363040,4.857379,-1345.029000,1,10.000000,2.334835,0
5.907104,-1.892103,16.362980,4.953167,169.449200,0,10.000000,2.368048,0
5.724261,-2.175619,18.590200,5.814222,-1381.331000,1,10.000000,2.420453,0
5.869159,-2.047554,18.256510,5.641116,-1381.877000,1,10.000000,2.334018,0
5.861012,-1.989130,16.302330,4.825499,180.073100,0,10.000000,2.365825,0
5.875669,-2.110519,19.431490,5.818355,-1398.185000,1,10.000000,2.303033,0
5.968125,-1.931830,16.899060,5.002066,-1357.830000,1,10.000000,2.295540,0
5.262322,-2.149826,15.933890,4.934961,187.478300,0,10.000000,2.866649,0
5.247555,-2.283602,19.033210,6.163265,-1396.248000,1,10.000000,2.844148,0
5.464156,-2.359558,18.764720,5.904710,-1373.880000,1,10.000000,2.615468,0
5.465195,-2.215976,16.658270,5.176368,183.896400,0,10.000000,2.653286,0
5.387203,-2.426448,19.245930,6.183499,-1382.161000,1,10.000000,2.675008,0
5.565288,-1.842699,16.365620,4.903776,-1365.374000,1,10.000000,2.695769,0
5.472749,-2.062033,19.419930,6.050704,-1418.324000,1,10.000000,2.695697,0
5.473551,-2.222675,17.146150,5.510895,-1354.486000,1,10.000000,2.643327,0
5.349933,-2.273882,18.011380,5.913354,-1364.790000,1,10.000000,2.747745,0
5.448537,-1.898806,15.355500,4.626400,180.134300,0,10.000000,2.778955,0
5.304727,-2.216779,16.435400,5.175253,183.989400,0,10.000000,2.806766,0
5.213869,-2.382511,18.373650,5.868846,-1370.884000,1,10.000000,2.853738,0
6.202176,-2.105227,18.210640,5.206957,-1360.675000,1,10.000000,2.008181,0
6.440063,-1.908475,19.118450,5.398135,-1393.077000,1,10.000000,1.903899,0
6.221326,-1.909538,16.787500,4.708728,174.050700,0,10.000000,2.086334,0
6.215507,-1.897756,16.768770,4.945728,-1352.381000,1,10.000000,2.097465,0
6.165230,-1.865403,16.713690,4.766799,169.223100,0,10.000000,2.157241,0
6.037927,-2.194506,17.964430,5.310652,-1353.558000,1,10.000000,2.120979,0
6.034752,-2.309001,19.060630,5.612128,-1364.463000,1,10.000000,2.083190,0
6.121618,-2.102037,18.083990,5.442750,-1364.573000,1,10.000000,2.081984,0
5.987258,-2.130504,18.989000,5.890973,-1374.302000,1,10.000000,2.192522,0
6.103559,-1.889896,15.790400,4.330583,188.227400,0,10.000000,2.197458,0
5.954714,-1.871860,16.004450,4.660946,177.262400,0,10.000000,2.335785,0
5.843827,-2.143005,18.771360,5.863638,-1385.456000,1,10.000000,2.320242,0
5.547952,-2.268313,17.772250,5.554508,-1358.890000,1,10.000000,2.558888,0
5.457700,-2.393053,18.754640,5.852376,-1369.508000,1,10.000000,2.613747,0
5.470835,-2.170360,17.154300,5.345147,-1356.435000,1,10.000000,2.661762,0
5.417687,-1.981983,18.715890,6.019194,-1414.931000,1,10.000000,2.775734,0
5.495864,-2.234096,17.695650,5.604827,-1363.090000,1,10.000000,2.618646,0
5.508172,-2.097045,16.729650,5.107745,173.847700,0,10.000000,2.650384,0
5.448462,-2.158158,18.172320,5.840678,-1383.539000,1,10.000000,2.686828,0
5.590451,-2.199711,16.832230,5.198960,182.012700,0,10.000000,2.538974,0
5.604525,-1.945721,15.964850,4.882617,175.320000,0,10.000000,2.617213,0
5.625912,-1.854892,16.447540,4.887300,159.966900,0,10.000000,2.635824,0
5.357863,-2.087143,16.063000,5.019670,180.422300,0,10.000000,2.795388,0
5.523661,-2.406898,19.466020,6.215031,-1384.799000,1,10.000000,2.546375,0
5.502836,-2.297709,18.825160,6.001351,-1381.955000,1,10.000000,2.594040,0
5.883649,-2.087788,18.277820,5.581949,-1376.943000,1,10.000000,2.304577,0
5.989798,-2.097517,19.004300,5.697117,-1387.311000,1,10.000000,2.203495,0
5.909580,-2.071877,17.287160,5.142701,-1354.560000,1,10.000000,2.287196,0
5.864796,-2.426501,20.016230,6.183414,-1382.154000,1,10.000000,2.210882,1
5.850064,-1.934414,15.462610,4.493453,190.426800,0,10.000000,2.399521,0
5.904155,-2.105649,19.464360,6.058645,-1402.497000,1,10.000000,2.278690,0
5.940691,-2.242209,19.521450,5.845271,-1384.688000,1,10.000000,2.194310,0
5.717225,-2.235581,18.579540,5.723370,-1373.748000,1,10.000000,2.407364,0
5.798384,-2.213405,17.622230,5.283654,-1351.307000,1,10.000000,2.337914,0
5.713887,-2.305542,19.785360,6.127879,-1393.292000,1,10.000000,2.389265,0
5.969982,-2.229461,18.962500,5.732642,-1374.522000,1,10.000000,2.171337,0
6.056364,-1.875370,18.554190,5.446820,-1397.129000,1,10.000000,2.245554,0
5.730859,-2.333401,19.812740,6.082945,-1389.538000,1,10.000000,2.365027,0
6.357367,-2.009256,18.974540,5.697513,-1369.397000,1,10.000000,1.918285,0
6.158890,-2.164859,19.862390,5.966131,-1394.776000,1,10.000000,2.021669,0
6.204406,-2.068852,18.760950,5.381280,-1375.959000,1,10.000000,2.022670,0
6.419125,-1.918701,17.047770,4.696671,-1347.396000,1,10.000000,1.915300,0
6.263319,-1.939532,16.400100,4.574187,184.474900,0,10.000000,2.034859,0
6.198136,-1.902804,16.305200,4.846407,196.743700,0,10.000000,2.109634,0
6.324605,-1.871920,16.913590,4.967269,164.988300,0,10.000000,2.019781,0
6.258701,-1.868704,15.984330,4.357072,186.027500,0,10.000000,2.076524,0
5.817785,-1.941599,16.695890,4.988863,-1356.731000,1,10.000000,2.425340,0
5.853724,-1.851328,15.874980,4.687269,175.074100,0,10.000000,2.434327,0
5.611891,-2.166134,19.632860,6.112543,-1407.761000,1,10.000000,2.529506,0
5.880785,-2.005743,17.751520,5.349653,-1371.721000,1,10.000000,2.340859,0
5.506748,-2.311390,19.451310,6.118865,-1391.698000,1,10.000000,2.586598,0
5.840007,-1.872626,15.450030,4.570688,184.006000,0,10.000000,2.436502,0
5.613215,-1.935871,19.032530,5.868679,-1418.088000,1,10.000000,2.613257,0
5.577677,-2.061748,16.826190,5.156770,169.764100,0,10.000000,2.597684,0
5.851727,-2.004450,18.806380,5.612498,-1395.984000,1,10.000000,2.367741,0
6.116066,-1.870585,17.585190,5.197461,-1374.852000,1,10.000000,2.196540,0
6.177080,-1.925437,16.729280,4.687807,-1346.659000,1,10.000000,2.116063,0
5.968164,-2.155547,17.864770,5.366306,-1358.199000,1,10.000000,2.200331,0
6.170478,-1.959566,16.709520,4.864399,176.836100,0,10.000000,2.104674,0
5.887902,-2.046950,18.295500,5.413489,-1378.642000,1,10.000000,2.317167,0
5.826185,-2.261550,18.181410,5.564453,-1359.720000,1,10.000000,2.295818,0
5.886268,-2.259762,19.424280,6.060642,-1386.908000,1,10.000000,2.239601,0
5.485538,-2.042073,15.808290,4.755839,185.870100,0,10.000000,2.690752,0
5.470829,-1.962479,16.689020,5.069831,-1364.231000,1,10.000000,2.733707,0
5.630454,-1.834551,16.453680,4.914787,157.681800,0,10.000000,2.640647,0
5.591036,-1.982885,15.526990,4.742728,186.200500,0,10.000000,2.614887,0
5.594600,-2.015949,16.394290,4.888390,175.600900,0,10.000000,2.598904,0
5.636481,-1.857452,14.812610,4.507095,188.533600,0,10.000000,2.625193,0
5.693449,-2.131180,18.543730,5.892185,-1372.739000,1,10.000000,2.464756,0
5.569478,-2.094438,18.942050,6.079179,-1394.603000,1,10.000000,2.593739,0
5.350342,-2.500906,19.838960,6.202735,-1384.537000,1,10.000000,2.696254,0
5.498735,-1.905348,15.409790,4.832076,177.244300,0,10.000000,2.730309,0
5.524361,-2.084532,17.749450,5.586736,-1377.343000,1,10.000000,2.639483,0
5.659074,-1.956530,17.434780,5.419381,-1378.369000,1,10.000000,2.562960,0
5.443620,-2.265575,18.744780,5.808762,-1381.641000,1,10.000000,2.659786,0
5.689800,-2.220687,19.129430,5.878900,-1387.495000,1,10.000000,2.438104,0
6.269493,-2.062165,17.787040,5.156190,-1355.683000,1,10.000000,1.968296,0
6.256294,-2.160858,18.825830,5.474492,-1367.983000,1,10.000000,1.935115,0
6.406720,-1.954548,19.058470,5.549376,-1389.961000,1,10.000000,1.905652,0
6.314316,-2.148149,19.484220,5.855844,-1384.805000,1,10.000000,1.888699,0
6.304865,-1.920196,16.897420,4.694703,-1347.232000,1,10.000000,2.009840,0
6.225762,-1.964950,18.792350,5.534078,-1388.687000,1,10.000000,2.054081,0
6.260803,-2.064445,18.282830,5.496454,-1369.051000,1,10.000000,1.974860,0
6.551138,-1.885905,19.270850,5.650320,-1398.370000,1,10.000000,1.827678,0
6.418649,-2.021915,19.665360,5.586037,-1393.779000,1,10.000000,1.859388,0
6.218500,-2.129053,17.716210,5.063292,-1347.945000,1,10.000000,1.983001,0
6.471419,-1.877288,18.078730,5.188153,-1374.077000,1,10.000000,1.896587,0
5.430991,-1.999915,16.161820,5.137545,170.603400,0,10.000000,2.756806,0
5.480043,-1.832870,13.916320,3.941816,202.500300,0,10.000000,2.777116,0
5.517793,-1.913880,18.883440,5.903039,-1420.950000,1,10.000000,2.709430,0
5.327552,-2.087553,19.174260,6.239288,-1418.340000,1,10.000000,2.823922,0
5.579987,-1.833804,15.534820,4.493916,175.422500,0,10.000000,2.686351,0
5.493526,-1.876440,15.819360,4.975341,175.744400,0,10.000000,2.746780,0
5.372889,-2.403383,19.235360,5.970069,-1380.107000,1,10.000000,2.694005,0
5.576705,-1.944134,15.939320,4.663205,177.835100,0,10.000000,2.643333,0
5.380468,-1.917958,14.494660,4.432071,194.770600,0,10.000000,2.834213,0
5.481907,-2.241666,18.222990,5.714149,-1372.979000,1,10.000000,2.629802,0
5.485581,-2.271534,18.798200,6.042248,-1385.372000,1,10.000000,2.617817,0
5.284134,-2.516747,19.715670,6.435317,-1388.200000,1,10.000000,2.758525,0
5.586185,-1.878619,16.382920,5.073972,160.157600,0,10.000000,2.661579,0
6.040693,-2.106422,17.968390,5.436486,-1364.051000,1,10.000000,2.153454,0
6.051194,-1.852063,16.128140,4.686326,175.152500,0,10.000000,2.261770,0
5.863675,-1.987199,17.727060,5.375569,-1374.720000,1,10.000000,2.364244,0
5.935778,-2.240642,18.342580,5.595200,-1362.286000,1,10.000000,2.199463,0
6.024899,-1.873099,16.519060,4.969376,167.791700,0,10.000000,2.273968,0
5.951515,-1.899238,17.852620,5.501268,-1368.088000,1,10.000000,2.325504,0
5.698855,-2.088925,16.982800,5.352829,-1356.312000,1,10.000000,2.474939,0
5.784359,-2.009392,18.143230,5.468721,-1383.243000,1,10.000000,2.427008,0
5.743913,-2.396888,19.821260,6.231175,-1386.149000,1,10.000000,2.335310,0
5.824507,-2.062359,18.190850,5.619344,-1380.062000,1,10.000000,2.368953,0
5.924543,-2.170041,18.337960,5.460988,-1366.857000,1,10.000000,2.235252,0
6.013814,-2.058335,18.469240,5.625262,-1380.555000,1,10.000000,2.198105,0
5.682656,-2.140012,18.538930,5.632732,-1381.942000,1,10.000000,2.471773,0
5.981490,-2.103531,17.387030,5.098737,-1350.897000,1,10.000000,2.208628,0
6.016730,-2.015570,19.056390,5.595651,-1394.580000,1,10.000000,2.214151,0
5.785801,-2.303485,19.267300,5.992324,-1381.201000,1,10.000000,2.321166,0
6.122536,-1.950414,16.646440,4.876442,-1346.615000,1,10.000000,2.150930,0
6.039930,-2.027085,18.519070,5.442703,-1381.075000,1,10.000000,2.188250,0
5.910346,-2.024705,17.793730,5.321988,-1370.257000,1,10.000000,2.306047,0
5.948000,-1.969990,16.871860,4.950498,-1353.539000,1,10.000000,2.296002,0
5.862703,-2.070716,17.714110,5.487495,-1368.304000,1,10.000000,2.330581,0
6.012248,-2.196074,18.455030,5.660741,-1367.757000,1,10.000000,2.144168,0
6.207479,-1.906950,17.222510,5.035689,-1360.628000,1,10.000000,2.099497,0
6.168091,-1.977809,17.646200,5.273352,-1365.443000,1,10.000000,2.097800,0
6.229164,-2.015308,17.731030,5.221269,-1361.104000,1,10.000000,2.026198,0
6.282707,-1.983532,17.324160,4.932197,-1352.016000,1,10.000000,1.995571,0
6.225076,-1.914346,16.781360,4.923900,171.884600,0,10.000000,2.080625,0
6.000017,-2.051612,17.921840,5.283550,-1367.055000,1,10.000000,2.213452,0
6.191375,-1.843856,19.331790,5.640002,-1413.969000,1,10.000000,2.146577,0
6.208854,-2.127696,19.336200,5.651392,-1383.498000,1,10.000000,1.992265,0
6.074295,-1.922829,18.027950,5.467526,-1382.380000,1,10.000000,2.206499,0
5.931826,-2.013152,16.850000,4.892170,-1348.685000,1,10.000000,2.291552,0
5.862796,-2.024792,16.756720,4.876441,176.595300,0,10.000000,2.349185,0
5.948215,-2.166117,19.533210,5.964166,-1394.611000,1,10.000000,2.214765,0
5.872886,-2.056230,16.317960,4.737210,187.420200,0,10.000000,2.327083,0
6.019709,-1.961590,17.440120,5.295878,-1367.319000,1,10.000000,2.236034,0
6.232475,-1.853864,16.802170,4.781982,-1354.488000,1,10.000000,2.106602,0
6.186655,-2.085027,18.188470,5.235814,-1363.079000,1,10.000000,2.031107,0
6.213448,-1.835663,16.777140,4.805930,-1356.479000,1,10.000000,2.132475,0
6.292718,-1.984497,19.463270,5.868360,-1401.589000,1,10.000000,1.986469,0
6.088405,-2.042771,18.590360,5.419634,-1379.154000,1,10.000000,2.137869,0
6.254114,-2.163645,19.404780,5.596923,-1378.956000,1,10.000000,1.935874,0
6.278089,-2.039166,17.798960,5.188303,-1358.353000,1,10.000000,1.971847,0
6.145394,-2.280951,19.829160,6.027533,-1384.142000,1,10.000000,1.989119,0
5.979012,-2.225209,18.976180,5.739084,-1375.060000,1,10.000000,2.164415,0
6.058447,-2.059979,19.717080,5.897324,-1404.769000,1,10.000000,2.157144,0
6.221237,-1.910105,16.776310,4.929480,171.420300,0,10.000000,2.086113,0
6.032139,-1.886621,16.996500,4.844421,-1360.440000,1,10.000000,2.260993,0
6.155622,-1.983868,17.152430,4.931743,-1351.978000,1,10.000000,2.105767,0
6.171514,-1.957432,16.710890,4.867209,176.602400,0,10.000000,2.104831,0
5.592452,-1.982052,17.339600,5.382922,-1375.332000,1,10.000000,2.613907,0
5.339800,-2.410249,19.821400,6.353829,-1397.173000,1,10.000000,2.724788,0
5.457763,-2.383655,18.174140,5.744264,-1359.710000,1,10.000000,2.615885,0
5.579448,-2.094085,17.309460,5.454110,-1365.520000,1,10.000000,2.584522,0
5.533970,-2.151618,18.301870,5.850585,-1384.366000,1,10.000000,2.607883,0
5.636529,-2.138093,18.457270,5.871078,-1386.077000,1,10.000000,2.515726,0
5.461388,-2.295095,18.191900,5.633197,-1366.222000,1,10.000000,2.634661,0
5.663547,-1.905690,17.976510,5.402231,-1393.418000,1,10.000000,2.580025,0
5.373613,-2.098860,17.527770,5.565667,-1375.586000,1,10.000000,2.776682,0
5.582101,-2.421566,19.560270,6.191371,-1382.820000,1,10.000000,2.486126,0
5.339816,-2.252753,16.955110,5.467927,-1350.900000,1,10.000000,2.763143,0
5.592530,-1.850699,15.140690,4.598096,181.727500,0,10.000000,2.667734,0
5.549751,-1.833619,16.344620,4.916047,-1366.394000,1,10.000000,2.713699,0
5.523222,-2.171840,17.735880,5.696380,-1370.731000,1,10.000000,2.611566,0
5.684816,-1.933742,17.471550,5.451937,-1381.081000,1,10.000000,2.548918,0
5.506621,-2.205520,17.193400,5.535402,-1356.531000,1,10.000000,2.616894,0
5.689630,-1.887462,16.533650,4.843285,-1360.345000,1,10.000000,2.564284,0
5.604328,-1.922475,15.964590,4.913205,172.774800,0,10.000000,2.626843,0
5.467185,-2.355585,18.769460,5.910919,-1374.399000,1,10.000000,2.613508,0
5.625354,-2.220788,18.440340,5.745782,-1375.619000,1,10.000000,2.499223,0
5.952768,-1.977489,16.423070,4.840816,178.798500,0,10.000000,2.288380,0
5.670978,-2.232499,18.509470,5.728040,-1374.138000,1,10.000000,2.452224,0
5.896918,-1.942070,18.874850,5.707013,-1403.856000,1,10.000000,2.354182,0
6.002184,-1.964362,17.936030,5.186207,-1374.678000,1,10.000000,2.250293,0
5.884835,-2.267127,18.822900,5.902265,-1379.339000,1,10.000000,2.238532,0
5.790985,-2.093267,19.288360,6.076960,-1397.408000,1,10.000000,2.387867,0
5.912107,-2.229508,18.874810,5.732571,-1374.516000,1,10.000000,2.225523,0
5.711768,-2.107569,19.163760,6.055647,-1402.247000,1,10.000000,2.456102,0
5.814499,-1.890593,15.824690,4.636930,179.258900,0,10.000000,2.450958,0
5.938434,-2.365551,19.505780,5.895347,-1373.098000,1,10.000000,2.156984,1
6.085441,-1.878606,17.057590,5.073988,-1363.815000,1,10.000000,2.218797,0
6.081496,-1.841913,16.177790,4.483520,176.286000,0,10.000000,2.240942,0
5.931993,-1.915264,15.185380,4.215795,197.001500,0,10.000000,2.335231,0
5.996950,-2.095223,17.396810,5.344081,-1355.583000,1,10.000000,2.197915,0
5.891692,-1.937084,19.467660,5.866784,-1417.930000,1,10.000000,2.361091,0
6.081409,-1.945429,19.154380,5.701925,-1403.432000,1,10.000000,2.189318,0
5.809195,-1.965139,17.649230,5.407083,-1377.345000,1,10.000000,2.422925,0
5.972778,-1.863638,16.460460,4.769122,169.030100,0,10.000000,2.323994,0
5.407660,-2.292663,18.110500,5.636882,-1366.529000,1,10.000000,2.687109,0
5.394528,-2.264386,19.270270,6.194258,-1398.838000,1,10.000000,2.707326,0
5.631946,-1.920857,16.912800,5.127638,-1369.042000,1,10.000000,2.602351,0
5.342288,-2.371783,19.825550,6.417940,-1402.535000,1,10.000000,2.730950,0
5.477770,-2.010624,18.228500,5.828773,-1398.288000,1,10.000000,2.709337,0
5.536557,-1.924325,18.912760,5.886721,-1419.591000,1,10.000000,2.688053,0
5.376674,-2.227676,18.063550,5.735347,-1374.748000,1,10.000000,2.734653,0
5.587451,-1.923913,16.384630,5.012764,165.251100,0,10.000000,2.641658,0
5.523886,-2.102750,16.276710,5.224786,178.020600,0,10.000000,2.633666,0
5.572572,-1.897416,16.375460,4.829834,-1359.227000,1,10.000000,2.666102,0
5.435264,-1.955271,17.115050,5.421181,-1378.519000,1,10.000000,2.769356,0
6.177701,-1.963609,19.300280,5.674379,-1401.138000,1,10.000000,2.096397,0
6.070595,-2.079179,17.499730,5.367412,-1349.841000,1,10.000000,2.137876,0
5.963111,-2.123817,17.349820,5.304367,-1352.272000,1,10.000000,2.217344,0
5.986017,-2.081471,17.890280,5.472130,-1367.023000,1,10.000000,2.213554,0
6.022427,-2.117158,19.649160,6.040664,-1400.996000,1,10.000000,2.165688,0
5.930102,-2.004413,16.847680,4.903980,174.303500,0,10.000000,2.296882,0
5.965777,-2.209036,18.386700,5.641680,-1366.166000,1,10.000000,2.182587,0
5.956988,-2.173243,18.373770,5.694317,-1370.559000,1,10.000000,2.203956,0
6.022799,-1.893345,15.296120,4.242526,194.781600,0,10.000000,2.265835,0
5.770991,-2.244083,19.877470,6.227005,-1401.574000,1,10.000000,2.353697,0
5.915826,-2.025789,18.336570,5.444609,-1381.234000,1,10.000000,2.300624,0
5.817548,-1.996042,17.159340,5.248028,-1363.333000,1,10.000000,2.402296,0
5.944764,-2.079946,16.856110,5.029395,-1344.359000,1,10.000000,2.251776,0
6.078083,-1.954725,18.033360,5.421961,-1378.584000,1,10.000000,2.187777,0
5.839900,-1.976831,18.788460,5.654346,-1399.469000,1,10.000000,2.390168,0
6.015365,-1.989265,16.505430,4.825321,180.087900,0,10.000000,2.227187,0
6.008012,-2.080401,17.933260,5.242422,-1363.629000,1,10.000000,2.194010,0
5.912720,-2.192897,19.477750,5.922977,-1390.308000,1,10.000000,2.237890,0
5.497681,-1.942699,17.215320,5.217154,-1377.253000,1,10.000000,2.716521,0
5.370889,-2.509793,19.873210,6.187922,-1383.298000,1,10.000000,2.674421,0
5.319728,-2.028638,15.179160,4.684069,191.081800,0,10.000000,2.850860,0
5.258483,-2.149565,19.062850,6.139268,-1409.992000,1,10.000000,2.870393,0
5.529108,-2.138795,17.237550,5.390238,-1360.195000,1,10.000000,2.616674,0
5.350941,-2.329422,18.587820,5.951798,-1377.815000,1,10.000000,2.732615,0
5.411187,-2.139219,16.583260,5.282977,-1350.488000,1,10.000000,2.728168,0
5.501532,-2.069306,16.257010,5.044852,-1345.615000,1,10.000000,2.666183,0
5.324366,-2.143342,16.017740,4.943724,186.748600,0,10.000000,2.809427,0
5.487229,-1.904393,15.821580,4.715496,173.488000,0,10.000000,2.741236,0
5.468620,-1.962199,15.381260,4.545127,186.890700,0,10.000000,2.735857,0
5.225409,-2.242841,19.643150,6.384649,-1415.511000,1,10.000000,2.876047,0
5.641621,-1.908063,15.202050,4.526392,187.688500,0,10.000000,2.598900,0
5.703551,-1.932799,17.498310,5.453283,-1381.193000,1,10.000000,2.532310,0
5.751324,-1.907614,19.248330,5.912830,-1421.766000,1,10.000000,2.499970,0
5.551211,-2.180944,17.258600,5.554605,-1363.224000,1,10.000000,2.582135,0
5.549173,-2.347944,18.312650,5.798374,-1364.231000,1,10.000000,2.536086,0
5.589419,-2.027110,16.375920,5.100795,-1350.307000,1,10.000000,2.599503,0
5.624396,-1.898731,15.580960,4.626497,180.126200,0,10.000000,2.618452,0
5.696863,-1.851199,15.684670,4.471615,177.274600,0,10.000000,2.573749,0
5.620926,-2.155141,17.368720,5.366888,-1358.248000,1,10.000000,2.524635,0
5.450718,-2.189793,17.113690,5.568879,-1344.137000,1,10.000000,2.674934,0
5.383211,-2.414497,19.893750,6.346749,-1396.581000,1,10.000000,2.681492,0
5.889764,-1.916463,17.775430,5.254633,-1380.372000,1,10.000000,2.372161,0
5.849316,-2.017074,18.238760,5.457424,-1382.302000,1,10.000000,2.364653,0
5.906708,-1.941221,15.942900,4.572021,184.654900,0,10.000000,2.345823,0
5.904849,-1.845256,17.302620,5.016821,-1375.534000,1,10.000000,2.392298,0
5.827078,-1.863730,17.685880,5.329968,-1386.641000,1,10.000000,2.452080,0
5.919542,-1.993431,18.342030,5.492194,-1385.198000,1,10.000000,2.311166,0
5.765032,-2.013433,16.624610,4.891791,-1348.654000,1,10.000000,2.443030,0
5.992006,-1.881487,15.650960,4.341094,187.354500,0,10.000000,2.298502,0
5.891889,-1.886299,16.796030,5.063593,-1362.950000,1,10.000000,2.384211,0
5.678075,-2.207601,18.520220,5.765764,-1377.287000,1,10.000000,2.453413,0
5.664172,-2.171140,16.934760,5.238094,-1346.061000,1,10.000000,2.478528,0
5.510509,-2.212188,19.458630,6.268379,-1404.852000,1,10.000000,2.611171,0
5.779022,-2.075231,17.105830,5.138044,-1354.172000,1,10.000000,2.405814,0
5.834148,-2.011055,19.366620,5.973768,-1411.143000,1,10.000000,2.380950,0
5.904818,-1.927838,19.478770,6.084593,-1427.354000,1,10.000000,2.353576,0
5.853819,-2.013338,18.809550,5.599032,-1394.862000,1,10.000000,2.362116,0
5.920516,-1.862638,18.344110,5.685949,-1392.865000,1,10.000000,2.370199,0
6.147355,-1.956602,18.143420,5.197293,-1375.601000,1,10.000000,2.126259,0
6.149921,-2.161111,19.848370,5.971988,-1395.264000,1,10.000000,2.031385,0
5.555165,-2.102719,16.329630,4.998620,-1341.796000,1,10.000000,2.604290,0
5.725070,-1.830857,15.306360,4.622899,179.665600,0,10.000000,2.557773,0
5.533528,-2.077814,17.243860,5.477355,-1367.458000,1,10.000000,2.633232,0
5.736075,-1.995341,17.544770,5.363936,-1373.751000,1,10.000000,2.476832,0
5.634200,-1.886128,17.933360,5.430999,-1395.812000,1,10.000000,2.614903,0
5.581668,-2.393559,19.559580,6.236546,-1386.598000,1,10.000000,2.493211,0
5.406934,-2.370252,19.290280,6.023507,-1384.572000,1,10.000000,2.668440,0
5.759563,-1.916139,16.617220,5.023270,-1359.595000,1,10.000000,2.488837,0
5.411500,-2.168061,17.069530,5.348431,-1356.709000,1,10.000000,2.718907,0
5.708175,-2.123515,16.536400,4.970517,-1339.455000,1,10.000000,2.453709,0
5.705196,-1.930827,16.108390,4.680715,176.379500,0,10.000000,2.531651,0
6.118664,-1.838623,15.809280,4.394674,182.904800,0,10.000000,2.210932,0
6.002748,-1.895628,18.475340,5.417029,-1394.650000,1,10.000000,2.282247,0
5.896884,-2.338578,19.440960,5.937430,-1375.843000,1,10.000000,2.204671,0
5.874238,-2.194943,18.817440,5.784943,-1378.887000,1,10.000000,2.273099,0
5.888043,-2.057136,16.337900,4.736018,-1334.929000,1,10.000000,2.312867,0
6.143434,-1.883502,16.685010,4.742985,-1351.246000,1,10.000000,2.166427,0
5.592113,-1.959594,18.988440,6.054176,-1417.848000,1,10.000000,2.623044,0
5.220095,-2.197043,17.290100,5.659316,-1367.638000,1,10.000000,2.893546,0
5.311234,-2.226518,17.424130,5.615970,-1364.020000,1,10.000000,2.797810,0
5.258878,-2.282988,19.698940,6.317737,-1409.921000,1,10.000000,2.833347,0
5.244661,-2.088062,17.875300,5.711443,-1388.505000,1,10.000000,2.902331,0
5.445422,-1.955149,17.140660,5.199368,-1375.773000,1,10.000000,2.759997,0
5.558195,-2.020326,17.810640,5.452641,-1381.903000,1,10.000000,2.631002,0
5.316322,-2.038871,17.454940,5.425369,-1379.632000,1,10.000000,2.850595,0
5.463380,-1.995955,18.787290,5.997363,-1413.111000,1,10.000000,2.728103,0
5.283672,-2.226762,17.922640,5.736732,-1374.863000,1,10.000000,2.824240,0
5.446524,-2.261904,18.737180,6.057296,-1386.629000,1,10.000000,2.658012,0
5.198502,-2.269129,18.361780,5.803207,-1381.177000,1,10.000000,2.895266,0
5.628349,-1.934411,17.401980,5.228995,-1378.239000,1,10.000000,2.600040,0
5.327796,-2.133100,16.479130,5.057670,-1347.476000,1,10.000000,2.809304,0
5.479102,-2.086513,16.226840,5.020520,180.351400,0,10.000000,2.681303,0
5.459939,-2.295944,17.642820,5.513872,-1355.498000,1,10.000000,2.635831,0
5.392647,-2.183340,17.042610,5.326602,-1354.889000,1,10.000000,2.732256,0
5.561029,-2.026086,16.803060,5.206301,165.638200,0,10.000000,2.626231,0
5.341639,-2.321654,17.998210,5.838205,-1367.559000,1,10.000000,2.743544,0
5.498916,-2.313288,18.248770,5.605633,-1363.921000,1,10.000000,2.593645,0
5.478498,-2.507620,20.039610,6.450528,-1389.473000,1,10.000000,2.569126,0
5.406385,-1.906290,14.539990,4.225758,196.174000,0,10.000000,2.814790,0
6.084683,-2.232629,19.136290,5.727841,-1374.121000,1,10.000000,2.063321,0
6.333825,-1.906952,19.536830,5.760223,-1408.289000,1,10.000000,1.992710,0
6.378401,-1.939575,19.604370,5.710793,-1404.171000,1,10.000000,1.937546,0
6.282102,-2.073579,18.324820,5.252170,-1364.441000,1,10.000000,1.951776,0
6.185975,-2.192173,19.904570,5.924605,-1391.277000,1,10.000000,1.985767,0
6.245334,-1.990126,17.273660,4.923287,-1351.274000,1,10.000000,2.024524,0
5.481997,-2.051205,17.181810,5.284131,-1367.103000,1,10.000000,2.690827,0
5.463531,-2.003814,15.779320,4.806179,181.680900,0,10.000000,2.725080,0
5.417192,-2.107095,16.591600,5.327592,171.287100,0,10.000000,2.732796,0
5.311817,-2.409754,19.774760,6.354654,-1397.242000,1,10.000000,2.752221,0
5.376542,-2.242111,18.639970,5.845426,-1384.701000,1,10.000000,2.730738,0
5.476403,-2.170528,19.414340,6.105455,-1407.170000,1,10.000000,2.656419,0
5.531238,-2.346656,18.285470,5.800324,-1364.394000,1,10.000000,2.553751,0
5.592456,-2.009288,17.849680,5.697307,-1369.662000,1,10.000000,2.603417,0
5.541061,-2.229593,17.254620,5.260528,-1349.379000,1,10.000000,2.576802,0
5.731741,-2.140888,19.206600,5.770904,-1394.228000,1,10.000000,2.425504,0
5.586705,-2.209647,17.841140,5.402744,-1362.001000,1,10.000000,2.539420,0
5.908897,-2.206351,19.471770,5.901299,-1389.364000,1,10.000000,2.236647,0
5.850478,-1.892023,16.299550,4.731772,172.134900,0,10.000000,2.418276,0
5.665649,-2.174367,18.513160,5.580678,-1377.602000,1,10.000000,2.476058,0
5.744485,-1.966451,16.149000,4.855340,177.590000,0,10.000000,2.481042,0
5.583517,-2.303150,18.951230,5.992848,-1381.244000,1,10.000000,2.514953,0
5.921093,-1.985803,19.502470,6.013225,-1414.433000,1,10.000000,2.313104,0
5.675241,-1.962216,16.057900,4.860913,177.126100,0,10.000000,2.545878,0
5.974039,-1.858964,18.423480,5.678415,-1402.364000,1,10.000000,2.325184,0
5.716594,-2.314416,19.159160,5.975244,-1379.774000,1,10.000000,2.384107,0
5.423090,-2.195784,18.712700,5.917810,-1390.742000,1,10.000000,2.699487,0
5.460189,-2.211973,18.190090,5.759139,-1376.734000,1,10.000000,2.659253,0
5.520598,-2.004627,16.294290,4.903691,-1349.644000,1,10.000000,2.671741,0
5.725608,-2.043416,18.045410,5.647203,-1382.384000,1,10.000000,2.467369,0
5.639024,-2.029983,16.010240,4.771747,184.546200,0,10.000000,2.552478,0
5.639584,-2.123411,17.918900,5.529562,-1372.575000,1,10.000000,2.517930,0
5.548173,-2.128123,19.530090,6.173851,-1412.879000,1,10.000000,2.602235,0
5.575387,-2.175460,17.824490,5.453020,-1366.193000,1,10.000000,2.560979,0
5.489302,-2.403114,19.423130,5.970504,-1380.143000,1,10.000000,2.580674,0
5.485616,-1.998723,16.247010,4.911668,173.663800,0,10.000000,2.706415,0
5.624594,-1.933738,16.434830,4.999487,-1357.615000,1,10.000000,2.603741,0
5.449406,-2.383613,18.741680,5.867125,-1370.740000,1,10.000000,2.624016,0
5.650518,-2.058337,17.934980,5.625259,-1380.555000,1,10.000000,2.531164,0
5.548804,-1.969054,18.931890,5.816832,-1413.769000,1,10.000000,2.659175,0
5.615230,-1.971882,16.889580,5.056771,-1363.144000,1,10.000000,2.596951,0
6.165746,-2.143238,18.692670,5.500406,-1370.144000,1,10.000000,2.024482,0
6.231842,-2.057923,19.371030,5.757109,-1392.313000,1,10.000000,2.003470,0
6.377725,-2.146829,19.592070,5.622402,-1381.081000,1,10.000000,1.832942,0
6.109753,-2.204758,18.610320,5.409934,-1362.601000,1,10.000000,2.050718,0
6.381983,-1.953025,18.478600,5.202403,-1376.026000,1,10.000000,1.927209,0
6.251683,-1.889011,18.841420,5.426759,-1395.459000,1,10.000000,2.071451,0
5.640655,-2.324619,19.040510,5.959304,-1378.442000,1,10.000000,2.454109,0
5.217221,-2.322163,17.273500,5.722874,-1357.159000,1,10.000000,2.864144,0
5.366964,-2.005406,16.086680,4.902639,174.415300,0,10.000000,2.814622,0
5.323763,-2.057054,17.995150,5.758426,-1392.423000,1,10.000000,2.837497,0
5.386930,-1.945044,17.558780,5.563352,-1391.125000,1,10.000000,2.817990,0
5.584171,-1.833342,14.759950,4.315417,188.728000,0,10.000000,2.682782,0
5.566216,-1.994839,16.355930,4.916917,-1350.744000,1,10.000000,2.633183,0
5.561068,-2.094741,17.294760,5.221937,-1361.922000,1,10.000000,2.601516,0
5.628693,-1.987100,17.914310,5.501505,-1385.974000,1,10.000000,2.578578,0
5.322171,-2.050098,19.177060,6.069953,-1419.929000,1,10.000000,2.841317,0
5.614262,-1.954635,15.556770,4.778944,183.186700,0,10.000000,2.604714,0
5.469679,-2.029161,16.676180,5.202029,-1359.501000,1,10.000000,2.710175,0
5.885440,-1.890105,18.857460,5.785748,-1410.415000,1,10.000000,2.388144,0
5.892503,-1.834712,14.775380,4.019473,196.814800,0,10.000000,2.408202,0
5.689554,-2.160693,16.969880,5.253152,177.494000,0,10.000000,2.458170,0
5.585534,-2.332072,18.954380,5.947658,-1377.469000,1,10.000000,2.505150,0
5.862948,-2.177589,18.800330,5.811237,-1381.082000,1,10.000000,2.289836,0
5.779575,-2.184135,18.674010,5.801318,-1380.254000,1,10.000000,2.365571,0
5.974951,-1.863219,18.993080,5.826485,-1413.809000,1,10.000000,2.322304,0
5.825665,-1.887406,16.717480,4.843362,163.619500,0,10.000000,2.442458,0
5.844548,-2.105221,17.185150,5.330195,-1354.425000,1,10.000000,2.333796,0
5.800203,-2.068615,18.166530,5.381629,-1375.988000,1,10.000000,2.388846,0
5.852786,-1.837448,15.466010,4.614660,180.350500,0,10.000000,2.441732,0
5.528257,-2.185805,16.745850,5.218275,180.402200,0,10.000000,2.602388,0
5.805964,-1.965495,17.655720,5.184588,-1374.543000,1,10.000000,2.425694,0
5.825673,-1.863533,16.717490,4.875622,-1363.034000,1,10.000000,2.453417,0
5.815227,-2.098025,16.681060,5.004963,181.647300,0,10.000000,2.363640,0
5.746935,-2.402322,19.838670,5.971783,-1380.250000,1,10.000000,2.330991,0
5.833196,-1.829824,18.789090,5.661264,-1415.738000,1,10.000000,2.462590,0
5.821030,-2.161615,19.334480,5.971200,-1395.198000,1,10.000000,2.334695,0
5.606044,-2.170857,17.857680,5.697825,-1370.852000,1,10.000000,2.533476,0
5.707232,-1.953313,17.006120,5.307375,-1368.277000,1,10.000000,2.520385,0
5.960543,-2.173373,18.948200,5.817625,-1381.615000,1,10.000000,2.200613,0
5.942784,-1.911876,18.944350,5.752763,-1407.667000,1,10.000000,2.327263,0
5.787382,-2.098263,17.105750,5.339859,-1355.231000,1,10.000000,2.389311,0
6.064199,-1.875244,16.580760,4.753851,170.299600,0,10.000000,2.238839,0
5.839308,-2.221644,18.764510,5.744486,-1375.511000,1,10.000000,2.296612,0
6.107764,-1.956045,17.087760,4.969343,-1355.107000,1,10.000000,2.161111,0
5.993741,-1.991491,16.922300,5.148929,-1354.316000,1,10.000000,2.245477,0
6.038857,-2.071112,17.977320,5.255693,-1364.734000,1,10.000000,2.170003,0
5.846774,-1.973105,18.798870,5.659990,-1399.940000,1,10.000000,2.385560,0
5.718370,-2.412900,19.780060,6.205349,-1383.989000,1,10.000000,2.355954,0
5.641502,-2.301406,19.668610,6.134549,-1393.849000,1,10.000000,2.459786,0
5.918956,-1.843809,18.352120,5.493231,-1400.991000,1,10.000000,2.380656,0
5.795365,-1.893405,17.640580,5.287574,-1383.113000,1,10.000000,2.466773,0
5.888918,-1.899422,17.774220,5.278978,-1382.398000,1,10.000000,2.380744,0
5.730021,-1.850330,16.141050,4.786633,-1354.875000,1,10.000000,2.544513,0
5.692848,-2.075573,19.145830,5.872960,-1402.738000,1,10.000000,2.485461,0
6.414496,-1.905378,16.593920,4.617974,-1340.093000,1,10.000000,1.926660,0
6.298476,-1.867977,16.034050,4.357981,185.952100,0,10.000000,2.043688,0
6.345248,-1.826028,16.515930,4.503886,-1346.333000,1,10.000000,2.028895,0
6.275196,-2.146963,19.436720,5.622200,-1381.064000,1,10.000000,1.924220,0
6.468738,-1.931946,19.741250,5.722352,-1405.134000,1,10.000000,1.866951,0
6.239115,-1.887880,16.799830,4.958724,-1353.462000,1,10.000000,2.082673,0
6.042511,-1.889085,17.010510,4.841091,-1360.163000,1,10.000000,2.250754,0
5.967758,-2.132288,17.367970,5.058798,-1347.570000,1,10.000000,2.209735,0
6.112031,-1.837619,16.643690,4.803357,-1356.265000,1,10.000000,2.217105,0
6.145994,-2.001324,16.677310,4.809455,-1341.040000,1,10.000000,2.105871,0
6.193776,-2.287796,19.301580,5.644257,-1367.145000,1,10.000000,1.941567,1
6.122207,-1.999667,16.646010,4.811635,181.226800,0,10.000000,2.127621,0
6.309046,-1.949457,16.891850,4.877702,-1346.720000,1,10.000000,1.990720,0
6.237919,-2.242251,19.985870,5.845206,-1384.682000,1,10.000000,1.918101,0
6.172304,-1.891087,17.174980,5.057123,-1362.411000,1,10.000000,2.137794,0
6.136790,-1.957317,18.661510,5.545303,-1389.622000,1,10.000000,2.135121,0
6.268159,-1.857550,15.985220,4.589533,182.439400,0,10.000000,2.074721,0
6.185005,-1.930942,16.739710,4.680564,176.392000,0,10.000000,2.106441,0
5.186932,-2.269870,17.241330,5.552217,-1358.698000,1,10.000000,2.906276,0
5.437327,-1.977788,17.117990,5.389014,-1375.840000,1,10.000000,2.759023,0
5.231199,-2.206847,18.412870,5.900523,-1389.300000,1,10.000000,2.880165,0
5.282833,-2.052571,15.131860,4.653387,193.635100,0,10.000000,2.877606,0
5.551680,-1.922127,17.812000,5.378060,-1391.407000,1,10.000000,2.675086,0
5.324793,-2.072908,15.185660,4.627312,195.804900,0,10.000000,2.831295,0
5.317400,-1.928810,17.456530,5.587225,-1393.114000,1,10.000000,2.888561,0
5.224545,-2.400755,18.996100,5.974308,-1380.461000,1,10.000000,2.839409,0
5.533187,-1.917452,18.323750,5.744314,-1406.964000,1,10.000000,2.693896,0
5.398973,-2.049396,17.052170,5.521439,-1361.428000,1,10.000000,2.769295,0
5.314388,-1.998775,18.554490,5.992957,-1412.743000,1,10.000000,2.866176,0
5.280904,-2.258222,18.478390,6.063048,-1387.109000,1,10.000000,2.818460,0
5.439225,-1.925446,16.184330,5.010692,165.423500,0,10.000000,2.777091,0
5.149955,-2.487153,18.863270,6.085587,-1373.973000,1,10.000000,2.895819,0
6.219602,-1.976147,16.344050,4.527245,-1332.551000,1,10.000000,2.053799,0
6.283510,-2.184935,18.865850,5.439085,-1365.031000,1,10.000000,1.900176,0
6.431966,-2.042037,19.084160,5.649230,-1382.553000,1,10.000000,1.837505,0
6.094163,-2.079998,17.532340,5.368778,-1348.016000,1,10.000000,2.116275,0
6.053526,-1.870778,16.557090,4.965233,162.276900,0,10.000000,2.250312,0
6.228092,-2.066971,18.236100,5.492844,-1368.750000,1,10.000000,2.002549,0
6.015095,-1.891548,16.081860,4.635704,179.360800,0,10.000000,2.273437,0
6.239123,-1.954523,18.274520,5.200263,-1375.848000,1,10.000000,2.047855,0
6.189350,-1.846332,15.897640,4.385037,183.705100,0,10.000000,2.146952,0
6.154679,-1.892201,16.699810,4.731539,172.154400,0,10.000000,2.152308,0
5.887600,-2.040590,17.761240,5.299295,-1368.366000,1,10.000000,2.320065,0
5.947017,-2.032092,16.870530,4.866575,-1346.555000,1,10.000000,2.269710,0
5.934016,-2.106402,17.827550,5.205279,-1360.535000,1,10.000000,2.250957,0
5.919056,-1.960648,19.510410,5.829965,-1414.863000,1,10.000000,2.326065,0
5.906330,-1.917551,18.889110,5.744164,-1406.951000,1,10.000000,2.356936,0
5.805983,-1.982982,17.644640,5.381594,-1375.222000,1,10.000000,2.418271,0
5.869936,-1.857973,16.777310,4.883135,-1363.658000,1,10.000000,2.416898,0
6.047039,-1.892144,16.558180,4.731612,-1350.301000,1,10.000000,2.245306,0
5.983423,-1.962379,17.898130,5.411025,-1377.673000,1,10.000000,2.267871,0
6.020869,-1.894710,16.981260,4.833490,-1359.531000,1,10.000000,2.266854,0
5.902702,-2.120129,19.462100,6.036022,-1400.609000,1,10.000000,2.274386,0
5.913733,-1.952970,17.292920,5.307851,-1368.316000,1,10.000000,2.334263,0
5.893570,-1.838172,15.926060,4.704136,173.672000,0,10.000000,2.405595,0
5.958483,-1.929848,16.009280,4.586601,183.442800,0,10.000000,2.304998,0
6.071340,-1.892699,19.139130,5.781818,-1410.088000,1,10.000000,2.223926,0
6.041659,-1.875113,16.115920,4.656776,177.609100,0,10.000000,2.258422,0
5.785540,-2.072011,18.144970,5.376634,-1375.572000,1,10.000000,2.401041,0
5.955863,-1.951865,19.556800,6.066252,-1418.855000,1,10.000000,2.297190,0
6.350861,-1.840347,18.434140,5.363370,-1389.421000,1,10.000000,2.016049,0
6.157428,-2.099625,18.146710,5.214961,-1361.341000,1,10.000000,2.050792,0
6.123082,-2.160904,19.194470,5.836515,-1383.192000,1,10.000000,2.055943,0
6.252514,-1.946088,18.831690,5.561816,-1390.997000,1,10.000000,2.040695,0
5.459796,-1.976636,14.974210,4.440555,194.824200,0,10.000000,2.738597,0
5.303931,-2.190535,17.425290,5.430850,-1364.344000,1,10.000000,2.814964,0
5.386376,-2.228386,17.021620,5.502735,-1353.805000,1,10.000000,2.725145,0
5.235268,-2.512284,19.000860,6.045052,-1370.583000,1,10.000000,2.807421,0
5.588111,-1.907835,15.954330,4.710967,173.864500,0,10.000000,2.647647,0
5.468760,-2.237695,17.139310,5.489438,-1352.695000,1,10.000000,2.643537,0
5.509704,-1.994986,16.743020,5.024683,-1360.474000,1,10.000000,2.685447,0
5.352471,-2.067200,18.613990,5.886042,-1403.829000,1,10.000000,2.807049,0
5.530221,-1.947185,15.867080,4.880691,175.480300,0,10.000000,2.684814,0
5.286867,-2.263824,16.879470,5.452110,177.441300,0,10.000000,2.811236,0
5.680233,-1.918938,17.465000,5.473083,-1382.843000,1,10.000000,2.559299,0
6.246853,-1.860707,18.824360,5.681991,-1397.860000,1,10.000000,2.090816,0
6.058524,-1.884177,18.557360,5.433867,-1396.051000,1,10.000000,2.239283,0
6.158599,-1.963197,17.644260,5.068834,-1364.148000,1,10.000000,2.113225,0
6.182370,-2.007260,17.188580,4.900133,-1349.348000,1,10.000000,2.071065,0
6.097057,-1.835930,15.386680,4.312544,188.966500,0,10.000000,2.230751,0
6.136874,-2.036553,18.117350,5.305061,-1368.847000,1,10.000000,2.097491,0
6.119928,-2.171917,18.625290,5.458230,-1366.627000,1,10.000000,2.054359,0
6.094333,-2.075662,19.162680,5.730231,-1390.072000,1,10.000000,2.118010,0
5.945253,-1.955295,15.981120,4.778099,183.257100,0,10.000000,2.305080,0
5.556492,-1.996967,16.331420,5.141529,170.271600,0,10.000000,2.641365,0
5.326781,-2.432509,18.537430,6.043640,-1369.699000,1,10.000000,2.732791,0
5.416957,-1.939840,19.329940,6.247790,-1434.758000,1,10.000000,2.792140,0
5.323846,-2.293298,17.971250,5.881170,-1371.149000,1,10.000000,2.767892,0
5.302449,-2.049604,18.535830,5.913536,-1406.121000,1,10.000000,2.860076,0
5.406868,-1.914520,14.165670,4.135863,202.881600,0,10.000000,2.811157,0
5.483740,-2.340713,17.677820,5.448037,-1350.003000,1,10.000000,2.601197,0
5.215344,-2.224147,16.777290,5.508792,172.710400,0,10.000000,2.890719,0
5.421400,-1.952704,14.926090,4.470440,192.339900,0,10.000000,2.783165,0
5.170386,-2.314762,17.217000,5.486199,-1353.188000,1,10.000000,2.911402,0
5.678364,-2.173885,16.954340,5.234828,179.021900,0,10.000000,2.464236,0
5.523759,-1.936714,15.869650,4.672968,177.023500,0,10.000000,2.694874,0
5.499122,-2.049198,18.843130,5.914170,-1406.174000,1,10.000000,2.675521,0
5.750633,-1.904620,15.742810,4.618946,180.754000,0,10.000000,2.501901,0
5.775759,-1.971843,17.101300,5.281639,-1366.133000,1,10.000000,2.450379,0
5.664940,-1.871320,18.523370,5.814211,-1412.786000,1,10.000000,2.593535,0
5.520906,-2.031297,15.854820,4.770016,184.690100,0,10.000000,2.661633,0
5.732361,-2.041631,16.569080,5.081172,-1348.672000,1,10.000000,2.461840,0
6.458063,-1.869455,17.099000,4.761467,-1352.783000,1,10.000000,1.911989,0
6.145626,-2.281722,19.228630,5.653460,-1367.913000,1,10.000000,1.988624,0
6.347868,-1.971447,17.907140,5.057376,-1363.195000,1,10.000000,1.946140,0
6.427523,-2.074040,19.667520,5.732689,-1390.277000,1,10.000000,1.824853,0
6.116364,-1.890945,17.099370,5.057315,-1362.428000,1,10.000000,2.185883,0
5.972017,-2.152804,18.965590,5.848790,-1384.216000,1,10.000000,2.197830,0
6.243970,-1.904813,16.375290,4.618699,180.774600,0,10.000000,2.069559,0
6.153050,-2.017327,17.137580,5.114016,-1351.408000,1,10.000000,2.092097,0
6.043937,-1.931917,16.554090,4.679281,176.498700,0,10.000000,2.228673,0
6.044496,-1.864125,15.716570,4.362796,185.552200,0,10.000000,2.261461,0
6.224778,-1.934740,18.790910,5.578505,-1392.387000,1,10.000000,2.070313,0
5.850441,-1.916345,15.870770,4.603914,182.003600,0,10.000000,2.407262,0
5.882430,-1.984867,17.753860,5.378901,-1374.997000,1,10.000000,2.348318,0
5.999149,-2.312989,19.006690,5.606085,-1363.959000,1,10.000000,2.115512,0
5.891675,-2.036343,18.289620,5.657604,-1383.251000,1,10.000000,2.318118,0
5.998049,-2.178610,18.434150,5.686424,-1369.900000,1,10.000000,2.163906,0
5.987441,-1.894884,16.479760,4.728008,172.447900,0,10.000000,2.296013,0
5.723565,-2.273879,18.589140,5.665341,-1368.905000,1,10.000000,2.389437,0
5.651914,-1.857567,16.482680,4.883684,-1363.704000,1,10.000000,2.611257,0
5.806239,-2.004129,16.219610,5.031778,182.184600,0,10.000000,2.409221,0
5.583190,-2.065143,17.847390,5.386735,-1376.413000,1,10.000000,2.591318,0
5.785638,-1.851439,18.717040,5.628513,-1413.013000,1,10.000000,2.494512,0
5.656395,-2.115547,16.923820,5.315854,172.265900,0,10.000000,2.504943,0
5.496092,-2.241639,17.695980,5.593735,-1362.164000,1,10.000000,2.616232,0
5.727738,-2.284663,18.583200,5.894254,-1372.242000,1,10.000000,2.382201,0
5.646588,-1.968061,19.073550,6.040947,-1416.745000,1,10.000000,2.569717,0
5.672883,-1.865557,15.241120,4.579524,183.271400,0,10.000000,2.588906,0
5.637602,-2.179507,19.047880,5.943243,-1392.865000,1,10.000000,2.500826,0
5.512889,-2.062816,16.736200,5.155287,-1355.608000,1,10.000000,2.657825,0
5.759443,-2.071684,17.566600,5.486112,-1368.189000,1,10.000000,2.425256,0
5.745068,-2.143807,19.215790,5.999023,-1397.521000,1,10.000000,2.412009,0
5.380858,-2.428875,18.634570,5.796402,-1364.832000,1,10.000000,2.680688,0
5.497551,-2.266804,18.236160,5.901733,-1380.034000,1,10.000000,2.607648,0
5.627550,-2.013281,17.912630,5.463002,-1382.766000,1,10.000000,2.569461,0
5.776440,-1.882562,16.640020,5.068643,-1363.370000,1,10.000000,2.488551,0
5.510311,-2.003358,15.830340,5.030516,180.467000,0,10.000000,2.681762,0
5.644605,-1.988113,16.919140,5.259040,-1364.250000,1,10.000000,2.563552,0
5.511568,-2.018765,15.831030,5.016525,179.922900,0,10.000000,2.674905,0
5.468089,-2.182701,17.654800,5.680408,-1369.398000,1,10.000000,2.660555,0
5.611569,-2.096549,19.643830,5.995035,-1413.683000,1,10.000000,2.553591,0
5.480716,-2.124072,18.222580,5.879456,-1389.129000,1,10.000000,2.667217,0
5.357753,-2.435566,18.585820,6.038862,-1369.299000,1,10.000000,2.701862,0
5.760825,-1.937186,17.580140,5.447017,-1380.671000,1,10.000000,2.478604,0
5.684066,-2.128168,17.458920,5.405421,-1361.461000,1,10.000000,2.474599,0
5.709679,-2.070019,17.495510,5.488491,-1368.387000,1,10.000000,2.471930,0
6.419420,-1.851002,16.611020,4.471867,177.253700,0,10.000000,1.954080,0
6.316800,-1.879492,18.937180,5.440756,-1396.624000,1,10.000000,2.022053,0
6.159943,-1.925353,17.158270,5.010818,-1358.558000,1,10.000000,2.130886,0
6.209041,-2.242298,19.929940,6.076758,-1389.100000,1,10.000000,1.944645,0
6.136682,-2.108398,18.649930,5.551640,-1374.416000,1,10.000000,2.065650,0
6.207478,-1.909244,17.233440,4.813850,-1357.898000,1,10.000000,2.098305,0
5.888776,-1.969741,16.780380,5.178889,-1338.229000,1,10.000000,2.349191,0
5.662066,-2.381438,19.689250,6.256095,-1388.233000,1,10.000000,2.418378,0
6.001036,-1.952073,17.923300,5.425748,-1378.900000,1,10.000000,2.256991,0
6.132544,-1.902273,18.655270,5.626250,-1396.365000,1,10.000000,2.166194,0
5.903059,-1.935375,16.368730,4.674731,-1345.572000,1,10.000000,2.351720,0
6.213096,-1.885612,16.776670,4.740209,-1351.015000,1,10.000000,2.105917,0
6.252820,-2.008140,17.272410,5.126430,-1352.442000,1,10.000000,2.009085,0
6.114650,-2.182754,18.074030,5.327440,-1354.958000,1,10.000000,2.054856,0
6.040960,-2.118105,18.509160,5.537364,-1373.226000,1,10.000000,2.148389,0
5.956838,-2.127993,19.558320,5.791052,-1395.908000,1,10.000000,2.221465,0
6.072275,-1.864606,15.356460,4.277573,191.870900,0,10.000000,2.237240,0
5.903707,-2.167218,19.463670,5.962445,-1394.468000,1,10.000000,2.255653,0
5.873240,-2.041420,18.262510,5.650136,-1382.629000,1,10.000000,2.332806,0
5.745710,-2.279668,19.204660,6.029540,-1384.310000,1,10.000000,2.366580,0
6.140599,-1.949465,17.132130,4.978234,-1355.847000,1,10.000000,2.135649,0
6.426237,-1.838545,19.098120,5.500974,-1401.635000,1,10.000000,1.955942,0
6.133305,-2.028725,16.660610,4.773402,-1338.040000,1,10.000000,2.104264,0
6.263085,-1.944908,16.831380,4.883687,-1347.218000,1,10.000000,2.032263,0
5.944828,-2.284681,19.515770,6.021706,-1383.655000,1,10.000000,2.176100,0
6.006705,-2.205192,19.018140,5.769413,-1377.591000,1,10.000000,2.145914,0
6.054919,-1.933358,16.121710,4.806223,180.916800,0,10.000000,2.218347,0
6.049933,-2.158085,19.692150,5.976716,-1395.659000,1,10.000000,2.124048,0
6.254483,-1.838644,16.831130,4.802009,-1356.153000,1,10.000000,2.096563,0
5.835804,-2.054729,19.369200,5.905529,-1405.453000,1,10.000000,2.361627,0
6.002718,-2.001003,17.427760,5.016325,-1359.779000,1,10.000000,2.233188,0
5.972333,-1.998827,18.419660,5.484258,-1384.537000,1,10.000000,2.261367,0
5.940132,-1.850626,17.340830,5.225182,-1377.159000,1,10.000000,2.358838,0
5.957935,-1.881563,18.398490,5.656707,-1398.902000,1,10.000000,2.328290,0
6.022766,-1.935250,16.515160,4.896395,-1348.275000,1,10.000000,2.245696,0
6.044579,-2.143728,19.683770,5.999148,-1397.531000,1,10.000000,2.134683,0
5.635689,-2.027504,15.994350,5.005026,180.880800,0,10.000000,2.556504,0
5.645592,-1.956190,17.939160,5.546960,-1389.760000,1,10.000000,2.575418,0
5.828117,-1.863473,18.770610,5.826100,-1413.776000,1,10.000000,2.451279,0
5.828279,-1.842421,16.710230,5.133027,170.486500,0,10.000000,2.460967,0
5.733681,-2.013834,16.570860,5.118735,-1351.801000,1,10.000000,2.471584,0
5.805981,-1.942286,17.644640,5.439731,-1380.064000,1,10.000000,2.435668,0
5.722740,-2.061145,19.192540,5.895504,-1404.617000,1,10.000000,2.463201,0
5.678761,-2.094238,17.451340,5.453892,-1365.502000,1,10.000000,2.491698,0
5.761595,-2.063848,18.098330,5.617155,-1379.879000,1,10.000000,2.426281,0
5.735275,-1.906255,15.723120,4.616850,180.928200,0,10.000000,2.515007,0
5.961259,-1.843396,17.370180,5.235225,-1377.995000,1,10.000000,2.343971,0
5.981457,-2.012803,18.991660,5.825473,-1398.013000,1,10.000000,2.247014,0
5.828418,-2.078228,17.174430,5.133882,-1353.825000,1,10.000000,2.359117,0
5.963950,-1.966466,16.437770,4.855320,177.591500,0,10.000000,2.283352,0
6.091389,-1.940135,18.594740,5.570570,-1391.727000,1,10.000000,2.183143,0
5.667480,-2.328016,18.491910,5.828567,-1366.754000,1,10.000000,2.427388,0
5.975845,-1.836455,16.464500,4.804889,166.056600,0,10.000000,2.334746,0
5.742429,-2.294227,18.058240,5.516398,-1355.709000,1,10.000000,2.365321,0
5.778659,-2.058061,18.134850,5.397150,-1377.281000,1,10.000000,2.412801,0
6.049855,-2.044523,19.095290,5.777412,-1394.006000,1,10.000000,2.171636,0
5.983919,-2.086625,18.425270,5.583659,-1377.086000,1,10.000000,2.213332,0
6.274968,-1.830297,16.858080,4.812992,-1357.066000,1,10.000000,2.084212,0
6.109789,-1.957674,18.089750,5.195762,-1375.473000,1,10.000000,2.158551,0
6.083541,-1.989057,19.157610,5.635820,-1397.926000,1,10.000000,2.166753,0
5.882231,-2.192766,18.263840,5.665605,-1368.162000,1,10.000000,2.266401,0
5.930113,-2.059314,18.357580,5.395307,-1377.128000,1,10.000000,2.273615,0
5.997505,-2.189221,18.433360,5.670819,-1368.598000,1,10.000000,2.160405,0
6.118801,-2.025639,16.641530,4.777462,184.070600,0,10.000000,2.118559,0
5.912574,-2.057601,19.489150,5.901042,-1405.079000,1,10.000000,2.290298,0
5.935758,-2.005609,18.922420,5.836372,-1398.922000,1,10.000000,2.291268,0
6.115665,-2.142721,18.075360,5.385689,-1359.785000,1,10.000000,2.070179,0
6.335755,-1.892843,16.080640,4.326900,188.533300,0,10.000000,1.998877,0
6.296095,-1.948436,18.344810,5.430945,-1379.333000,1,10.000000,2.002269,0
6.385735,-1.862390,17.003830,4.770764,-1353.555000,1,10.000000,1.974844,0
6.170324,-2.123712,19.267500,5.878812,-1389.957000,1,10.000000,2.028692,0
6.260914,-1.865391,18.855000,5.461494,-1398.350000,1,10.000000,2.076477,0
6.120502,-1.839499,15.415270,4.308192,189.328000,0,10.000000,2.208908,0
5.974157,-2.014619,16.907210,4.890189,-1348.520000,1,10.000000,2.252779,0
6.195189,-1.939110,16.742030,4.891316,-1347.853000,1,10.000000,2.093521,0
6.008307,-2.161237,18.461140,5.473934,-1367.937000,1,10.000000,2.161103,0
6.087787,-2.036500,19.762920,5.934011,-1407.828000,1,10.000000,2.141236,0
6.149048,-1.909621,18.690490,5.396450,-1392.937000,1,10.000000,2.148243,0
6.041230,-2.151400,19.082230,5.615477,-1380.503000,1,10.000000,2.134690,0
6.114456,-1.944428,16.646880,4.662819,-1344.582000,1,10.000000,2.160904,0
5.974293,-2.020924,19.585590,5.958349,-1409.858000,1,10.000000,2.249906,0
6.074031,-2.111109,18.016010,5.429790,-1363.492000,1,10.000000,2.121199,0
5.899947,-1.863964,15.524960,4.581513,183.106000,0,10.000000,2.387635,0
5.642735,-1.970187,18.478360,5.890755,-1383.372000,1,10.000000,2.572394,0
5.705052,-1.947799,17.511560,5.209868,-1376.647000,1,10.000000,2.524661,0
5.779885,-1.937717,17.118270,5.104221,-1367.093000,1,10.000000,2.461169,0
5.876647,-1.898298,17.745460,5.503670,-1364.994000,1,10.000000,2.392149,0
5.816582,-2.011971,18.190620,5.464931,-1382.927000,1,10.000000,2.396563,0
5.795230,-1.838781,17.640390,5.365609,-1389.607000,1,10.000000,2.491874,0
5.720735,-2.417649,19.783880,6.197690,-1383.348000,1,10.000000,2.352484,0
5.708749,-1.976320,16.537700,5.172186,-1347.192000,1,10.000000,2.509532,0
5.840307,-1.889427,18.225510,5.645142,-1397.938000,1,10.000000,2.428507,0
5.878689,-1.939701,16.325590,4.890539,-1347.788000,1,10.000000,2.371539,0
5.616758,-1.973850,18.440200,5.877210,-1400.493000,1,10.000000,2.594769,0
6.149193,-2.121886,18.668330,5.531805,-1372.762000,1,10.000000,2.048553,0
6.059562,-2.001379,19.121280,5.617150,-1396.371000,1,10.000000,2.182325,0
6.116797,-2.007668,17.088590,5.127068,-1352.495000,1,10.000000,2.128655,0
6.184134,-2.276975,19.889690,6.033747,-1384.661000,1,10.000000,1.954516,0
5.915247,-2.343338,19.469560,5.930055,-1375.998000,1,10.000000,2.185726,0
6.064655,-1.901656,16.570280,4.940597,170.495300,0,10.000000,2.225291,0
6.239486,-1.897433,16.811400,4.724654,-1349.722000,1,10.000000,2.077273,0
6.006352,-1.907773,16.950720,5.034575,-1360.535000,1,10.000000,2.273234,0
5.549537,-2.132264,18.910270,6.017060,-1399.026000,1,10.000000,2.599564,0
5.477292,-2.322935,19.403760,6.099824,-1390.948000,1,10.000000,2.611986,0
5.493148,-2.097401,16.245820,5.005806,181.577100,0,10.000000,2.664393,0
5.501455,-1.931386,18.857910,5.875687,-1418.672000,1,10.000000,2.717473,0
5.644473,-2.114338,17.402350,5.425178,-1363.108000,1,10.000000,2.516526,0
5.463964,-2.208994,16.656560,5.186066,-1342.408000,1,10.000000,2.656533,0
5.393523,-2.307214,19.268650,6.125181,-1393.066000,1,10.000000,2.696975,0
5.717429,-1.935957,16.124480,4.673966,176.940600,0,10.000000,2.518396,0
5.615304,-2.143934,19.013030,5.998827,-1397.505000,1,10.000000,2.533698,0
5.731278,-1.996728,16.579000,4.914365,173.439400,0,10.000000,2.480656,0
5.503750,-2.214380,17.707240,5.633821,-1365.510000,1,10.000000,2.616957,0
5.758437,-1.866838,18.665030,5.821002,-1413.352000,1,10.000000,2.511705,0
5.676055,-2.031601,18.528930,5.796990,-1395.638000,1,10.000000,2.517641,0
5.772408,-1.869257,18.136610,5.455809,-1397.877000,1,10.000000,2.498148,0
5.626644,-1.899383,15.583850,4.625660,180.195900,0,10.000000,2.616138,0
5.646027,-2.218685,18.471660,5.748971,-1375.885000,1,10.000000,2.480250,0
5.767221,-1.836941,19.273170,6.023258,-1430.964000,1,10.000000,2.517540,0
5.680044,-1.913146,18.000770,5.391265,-1392.506000,1,10.000000,2.561922,0
5.690389,-2.303923,19.747460,6.130489,-1393.510000,1,10.000000,2.412224,0
5.644284,-1.858067,16.028240,4.776452,168.420600,0,10.000000,2.617902,0
5.685330,-2.143425,19.134090,5.766942,-1393.898000,1,10.000000,2.468080,0
5.979144,-1.983920,16.913950,4.931674,-1351.972000,1,10.000000,2.261919,0
5.759496,-1.897174,16.617120,5.048896,-1361.727000,1,10.000000,2.497215,0
5.916037,-2.008031,16.817300,5.126577,171.517000,0,10.000000,2.308009,0
5.859166,-2.251134,18.229920,5.580413,-1360.224000,1,10.000000,2.268033,0
5.737137,-2.293677,18.050460,5.517206,-1355.776000,1,10.000000,2.370536,0
6.040157,-1.855518,19.091880,5.838154,-1414.781000,1,10.000000,2.269543,0
5.803545,-1.871474,16.687580,4.864891,-1362.142000,1,10.000000,2.469409,0
5.939883,-2.088923,16.849510,5.017263,-1343.349000,1,10.000000,2.252585,0
5.940651,-2.080281,16.850550,5.028941,-1344.321000,1,10.000000,2.255394,0
6.246102,-2.059248,17.754550,5.160241,-1356.020000,1,10.000000,1.990269,0
5.962245,-2.274645,18.939000,5.914605,-1363.145000,1,10.000000,2.163004,0
6.210929,-1.998467,17.227170,4.912014,-1350.336000,1,10.000000,2.050328,0
6.196394,-1.837082,16.325090,4.489714,-1345.156000,1,10.000000,2.146013,0
5.436799,-2.187937,17.620690,5.434670,-1364.663000,1,10.000000,2.688763,0
5.483883,-1.902096,14.279570,4.155387,201.260100,0,10.000000,2.745221,0
5.475264,-1.940563,16.233030,4.990264,-1356.848000,1,10.000000,2.738010,0
5.531930,-2.074200,17.253140,5.251281,-1364.367000,1,10.000000,2.635996,0
5.628705,-1.868823,16.451320,4.868473,-1362.440000,1,10.000000,2.627280,0
5.585108,-2.099361,17.838790,5.564929,-1375.524000,1,10.000000,2.577373,0
5.424855,-2.216269,18.136550,5.752630,-1376.190000,1,10.000000,2.691767,0
5.592650,-1.856648,17.872260,5.474352,-1399.420000,1,10.000000,2.665068,0
5.471912,-1.915037,15.801430,4.701491,174.652300,0,10.000000,2.751068,0
5.340583,-2.383269,19.183260,6.002512,-1382.818000,1,10.000000,2.729992,0
5.631470,-1.924409,16.444120,5.012094,165.306900,0,10.000000,2.601313,0
5.589243,-1.841767,14.756250,4.527239,205.183300,0,10.000000,2.674556,0
5.493753,-2.162354,16.697940,5.250844,177.686500,0,10.000000,2.642522,0
5.689744,-2.306091,19.746420,6.126992,-1393.218000,1,10.000000,2.412217,0
5.786297,-2.039036,16.641970,5.084678,175.007200,0,10.000000,2.413283,0
5.760922,-2.097119,17.580270,5.218541,-1361.639000,1,10.000000,2.414263,0
5.851758,-2.068170,18.242350,5.382283,-1376.042000,1,10.000000,2.341634,0
5.824272,-1.905699,18.764780,5.762121,-1408.447000,1,10.000000,2.435423,0
5.866909,-1.983781,18.829390,5.643815,-1398.592000,1,10.000000,2.362790,0
5.757015,-2.192357,19.234420,5.923447,-1391.206000,1,10.000000,2.383961,0
5.846422,-1.954909,17.210680,5.080344,-1365.106000,1,10.000000,2.393766,0
5.747784,-2.354160,19.840030,6.049463,-1386.740000,1,10.000000,2.342987,0
5.761335,-2.141793,19.252840,5.769492,-1394.110000,1,10.000000,2.397528,0
5.967005,-1.870285,15.608780,4.573614,183.762700,0,10.000000,2.325795,0
5.806924,-2.013468,18.727220,5.824465,-1397.929000,1,10.000000,2.404751,0
5.823046,-2.071306,17.669030,5.255416,-1364.711000,1,10.000000,2.366770,0
5.863930,-1.882978,16.758250,5.068081,-1363.323000,1,10.000000,2.410505,0
5.784605,-2.143033,19.277570,6.000234,-1397.622000,1,10.000000,2.375367,0
5.827335,-2.146175,18.758140,5.623394,-1381.163000,1,10.000000,2.334414,0
5.883887,-2.284646,18.832060,5.649029,-1367.543000,1,10.000000,2.233756,0
6.036833,-2.113888,19.075560,5.672313,-1385.242000,1,10.000000,2.153885,0
6.069531,-1.919440,18.021150,5.472367,-1382.783000,1,10.000000,2.212311,0
5.978695,-2.064984,18.987470,5.746409,-1391.421000,1,10.000000,2.227090,0
5.773069,-2.022054,16.175110,5.012197,180.283400,0,10.000000,2.432201,0
6.495178,-2.101939,19.177120,5.561139,-1375.208000,1,10.000000,1.752428,0
6.369499,-1.954545,16.536230,4.554938,-1334.853000,1,10.000000,1.936881,0
6.268557,-2.017203,17.293670,5.114182,-1351.422000,1,10.000000,1.990926,0
6.416881,-1.945118,18.517350,5.435684,-1379.727000,1,10.000000,1.902378,0
6.430130,-1.830033,16.613960,4.714571,172.804500,0,10.000000,1.957885,0
6.412203,-2.002687,17.499160,4.906313,-1349.862000,1,10.000000,1.875029,0
5.764699,-2.321071,19.234330,5.964847,-1378.905000,1,10.000000,2.336132,0
6.031529,-2.245810,19.663390,5.839644,-1384.218000,1,10.000000,2.108004,0
5.970820,-2.048267,18.975540,5.771739,-1393.533000,1,10.000000,2.241287,0
5.980968,-2.307460,18.979150,5.614463,-1364.658000,1,10.000000,2.134503,0
5.990440,-2.298312,18.993500,5.628323,-1365.815000,1,10.000000,2.128544,0
6.179419,-2.174286,19.894470,5.951401,-1393.546000,1,10.000000,1.999080,0
6.210840,-1.938887,19.350490,5.711836,-1404.258000,1,10.000000,2.080157,0
6.320943,-2.063055,17.858500,5.154955,-1355.580000,1,10.000000,1.922784,0
6.359267,-1.999670,17.911720,5.242990,-1362.913000,1,10.000000,1.921631,0
6.222652,-2.126193,17.721980,5.067263,-1348.276000,1,10.000000,1.980531,0
6.213231,-1.949371,18.773930,5.556988,-1390.595000,1,10.000000,2.072767,0
6.087286,-2.279442,19.140240,5.656914,-1368.201000,1,10.000000,2.043936,0
6.110902,-2.152578,18.068680,5.370550,-1358.553000,1,10.000000,2.070462,0
5.290397,-2.271177,19.751470,6.337422,-1411.565000,1,10.000000,2.805910,0
5.630480,-2.115760,19.048380,5.810168,-1397.502000,1,10.000000,2.529131,0
5.514367,-2.048810,16.274490,5.071469,-1347.864000,1,10.000000,2.661416,0
5.363336,-2.086392,17.000730,5.465100,-1366.437000,1,10.000000,2.790462,0
5.409947,-2.129624,16.593230,5.062498,-1347.879000,1,10.000000,2.732385,0
5.323768,-2.488308,19.783310,6.467567,-1393.931000,1,10.000000,2.724711,0
5.506709,-2.151769,17.723500,5.487859,-1369.098000,1,10.000000,2.633628,0
5.393068,-2.516662,19.897220,6.435458,-1388.212000,1,10.000000,2.651360,0
5.507867,-1.843768,16.740470,5.234708,-1377.951000,1,10.000000,2.747290,0
5.348818,-2.510242,19.823480,6.446157,-1389.107000,1,10.000000,2.696040,0
5.488318,-1.907881,15.406510,4.614765,181.101500,0,10.000000,2.738844,0
6.277432,-2.181841,18.856910,5.443635,-1365.410000,1,10.000000,1.906994,0
6.282553,-1.855428,18.336560,5.341828,-1387.628000,1,10.000000,2.063897,0
6.422575,-1.919844,18.010900,5.129046,-1369.159000,1,10.000000,1.911808,0
6.104089,-2.094424,19.177470,5.701804,-1387.701000,1,10.000000,2.101082,0
5.562435,-1.899670,15.501530,4.625293,180.226400,0,10.000000,2.674407,0
5.592495,-2.269737,18.379550,5.906550,-1373.722000,1,10.000000,2.515822,0
5.615400,-2.121077,16.411030,4.973812,-1339.729000,1,10.000000,2.541422,0
5.626430,-2.387843,19.018280,5.860516,-1370.188000,1,10.000000,2.451239,0
5.439170,-2.186334,17.097720,5.563300,-1351.607000,1,10.000000,2.686987,0
5.515311,-1.921196,15.847460,4.914887,172.634700,0,10.000000,2.708782,0
5.684051,-1.942197,19.132090,6.081359,-1420.115000,1,10.000000,2.546089,0
5.705238,-2.020602,17.500720,5.327849,-1370.745000,1,10.000000,2.495026,0
5.543855,-2.120278,18.913030,5.803109,-1396.913000,1,10.000000,2.608939,0
5.423980,-2.206166,16.601020,5.189993,182.760300,0,10.000000,2.695562,0
5.567106,-2.034778,16.811500,5.194227,166.643900,0,10.000000,2.617370,0
5.410684,-2.311918,17.570380,5.490381,-1353.537000,1,10.000000,2.679181,0
5.591420,-1.930082,15.527490,4.810422,180.567200,0,10.000000,2.635523,0
5.542004,-1.911428,17.278630,5.261827,-1380.971000,1,10.000000,2.688258,0
5.601226,-1.880384,17.873920,5.658441,-1399.046000,1,10.000000,2.647198,0
5.408641,-1.874063,14.547150,4.266040,192.828700,0,10.000000,2.825398,0
5.474145,-2.117023,19.410700,6.191753,-1414.373000,1,10.000000,2.675741,0
5.280732,-2.317473,18.478130,5.970468,-1379.375000,1,10.000000,2.803616,0
5.552207,-2.256344,19.524590,6.207230,-1399.921000,1,10.000000,2.558264,0
5.461875,-2.202947,17.141500,5.298593,-1352.553000,1,10.000000,2.660333,0
5.538268,-2.101867,16.296280,5.223384,176.116500,0,10.000000,2.620452,0
5.532675,-1.893789,17.265310,5.287027,-1383.068000,1,10.000000,2.703959,0
5.745991,-1.917427,19.239990,5.897497,-1420.488000,1,10.000000,2.500504,0
5.462093,-2.065360,17.657880,5.614932,-1379.693000,1,10.000000,2.704537,0
5.723616,-2.239443,19.801060,6.234490,-1402.199000,1,10.000000,2.400078,0
5.631554,-1.986166,17.918520,5.502877,-1386.088000,1,10.000000,2.576314,0
5.616761,-2.126414,16.412860,4.966599,184.843000,0,10.000000,2.538303,0
5.612806,-2.359486,19.622330,6.040873,-1386.022000,1,10.000000,2.471629,0
5.394977,-2.277540,17.547290,5.540938,-1357.757000,1,10.000000,2.703348,0
5.496062,-2.261756,17.695940,5.564150,-1359.695000,1,10.000000,2.610500,0
5.583058,-2.028445,16.367320,5.098990,173.815000,0,10.000000,2.604904,0
6.306969,-2.069969,18.900350,5.608153,-1379.128000,1,10.000000,1.931660,0
6.241827,-1.878134,17.268920,5.074628,-1363.868000,1,10.000000,2.085606,0
6.310588,-1.835373,19.501630,5.868676,-1417.323000,1,10.000000,2.051943,0
6.396611,-2.039705,19.620680,5.784711,-1394.614000,1,10.000000,1.868963,0
5.940779,-2.043668,17.330490,5.181882,-1357.823000,1,10.000000,2.270454,0
6.105858,-1.991532,16.624490,4.822340,180.336100,0,10.000000,2.145876,0
5.887911,-1.941113,17.761680,5.441406,-1380.204000,1,10.000000,2.362660,0
6.088807,-2.251411,19.142540,5.699384,-1371.746000,1,10.000000,2.052570,0
5.869118,-2.068084,18.821450,5.741712,-1391.029000,1,10.000000,2.325753,0
6.052890,-1.826673,16.565880,4.817760,164.986600,0,10.000000,2.273309,0
6.095456,-1.938496,16.621890,4.670624,177.218400,0,10.000000,2.180385,0
5.929806,-1.917587,16.392850,4.919636,172.239500,0,10.000000,2.336091,0
5.904489,-1.942438,16.813060,4.987731,167.334300,0,10.000000,2.347255,0
5.729048,-1.955218,17.545840,5.199270,-1375.765000,1,10.000000,2.499758,0
5.909606,-2.000862,16.808600,5.136265,170.710100,0,10.000000,2.316900,0
5.876489,-2.016838,19.432770,5.964734,-1410.390000,1,10.000000,2.340065,0
5.918136,-2.210357,17.793300,5.288007,-1351.670000,1,10.000000,2.226588,0
5.761459,-1.935198,18.669610,5.717425,-1404.724000,1,10.000000,2.478884,0
5.717388,-2.092217,17.008540,5.348258,-1355.931000,1,10.000000,2.456499,0
5.910290,-2.011702,18.883830,5.827140,-1398.152000,1,10.000000,2.311627,0
5.924451,-2.169748,18.905290,5.587676,-1378.185000,1,10.000000,2.235447,0
5.850644,-1.998978,16.728920,5.138810,170.498000,0,10.000000,2.371028,0
5.784596,-2.053490,18.132150,5.632387,-1381.149000,1,10.000000,2.409127,0
5.851829,-1.948177,16.290250,4.879385,-1346.860000,1,10.000000,2.391855,0
5.793105,-1.892363,16.224050,4.731325,172.172100,0,10.000000,2.469260,0
5.730557,-2.055775,17.038520,5.165067,-1356.422000,1,10.000000,2.458035,0
5.991119,-1.829746,19.017580,5.877202,-1418.033000,1,10.000000,2.324886,0
5.749688,-2.127656,18.640490,5.651453,-1383.503000,1,10.000000,2.413481,0
5.685706,-2.200816,18.531780,5.776044,-1378.145000,1,10.000000,2.448398,0
6.117492,-2.272082,19.797700,5.798595,-1380.792000,1,10.000000,2.018341,0
6.362395,-2.096488,18.981860,5.569156,-1375.876000,1,10.000000,1.870317,0
6.115716,-1.972509,19.196430,5.874568,-1403.825000,1,10.000000,2.146221,0
6.172821,-1.879476,16.284020,4.651643,-1342.878000,1,10.000000,2.143398,0
6.199844,-2.195430,19.926380,5.918364,-1390.788000,1,10.000000,1.971774,0
6.212595,-2.137903,18.761560,5.508251,-1370.798000,1,10.000000,1.984447,0
6.226854,-1.864781,16.794770,4.767617,-1353.294000,1,10.000000,2.105414,0
6.272837,-2.011735,19.433140,5.827091,-1398.148000,1,10.000000,1.989915,0
6.305873,-1.866774,19.505280,5.605278,-1411.079000,1,10.000000,2.038201,0
6.354229,-1.890780,16.516650,4.636689,179.278900,0,10.000000,1.984674,0
5.816038,-2.117504,19.326680,6.040123,-1400.951000,1,10.000000,2.355523,0
5.960918,-1.855627,15.220650,4.288523,190.961500,0,10.000000,2.338256,0
5.999115,-1.998121,18.459050,5.485296,-1384.624000,1,10.000000,2.237700,0
5.748872,-2.175051,18.627490,5.815081,-1381.403000,1,10.000000,2.397523,0
5.901699,-1.889436,19.483290,5.941234,-1424.132000,1,10.000000,2.374072,0
5.769448,-2.259222,18.097980,5.567876,-1360.005000,1,10.000000,2.350343,0
5.668644,-2.115356,16.940830,5.316119,172.243700,0,10.000000,2.493555,0
5.901957,-2.059935,18.871210,5.754060,-1392.059000,1,10.000000,2.299023,0
5.918140,-2.239856,19.486210,5.848948,-1384.995000,1,10.000000,2.216294,0
5.675246,-2.067307,16.491900,5.046474,178.189500,0,10.000000,2.504875,0
5.615781,-2.010904,16.422910,4.895208,175.033600,0,10.000000,2.581242,0
5.874054,-2.119760,19.428970,5.803917,-1396.981000,1,10.000000,2.300971,0
5.621304,-2.021826,15.986920,4.782480,183.653100,0,10.000000,2.571968,0
5.814731,-1.922429,17.166660,5.125456,-1368.860000,1,10.000000,2.436506,0
5.571028,-2.255921,18.931710,6.066643,-1387.410000,1,10.000000,2.540386,0
5.703983,-1.950506,17.498930,5.427987,-1379.086000,1,10.000000,2.524506,0
5.651148,-2.316475,19.684170,6.110243,-1391.818000,1,10.000000,2.446285,0
5.735099,-1.972926,18.619660,5.875390,-1402.790000,1,10.000000,2.486897,0
5.976737,-2.001175,18.426140,5.480806,-1384.249000,1,10.000000,2.256379,0
5.742122,-2.070666,17.541850,5.487566,-1368.310000,1,10.000000,2.441654,0
5.962541,-1.922864,16.014490,4.595555,182.698400,0,10.000000,2.304661,0
5.901144,-1.865223,18.881260,5.823450,-1413.556000,1,10.000000,2.385983,0
5.857010,-2.286679,19.390700,5.775786,-1378.888000,1,10.000000,2.258591,0
5.945463,-1.926073,19.551670,5.883988,-1419.363000,1,10.000000,2.318284,0
5.872076,-1.887733,17.246310,5.173645,-1372.870000,1,10.000000,2.401083,0
5.783659,-2.018336,18.703250,5.591459,-1394.231000,1,10.000000,2.424012,0
5.864455,-1.939693,15.877530,4.798101,181.592600,0,10.000000,2.384282,0
5.887342,-2.059523,18.283250,5.623516,-1380.409000,1,10.000000,2.312535,0
5.842224,-2.103115,18.216900,5.559409,-1375.064000,1,10.000000,2.336750,0
6.153051,-1.893364,16.258730,4.633377,179.554300,0,10.000000,2.153106,0
6.084860,-1.841265,16.182100,4.484351,-1344.711000,1,10.000000,2.238399,0
5.908710,-2.409218,20.087060,6.211287,-1384.485000,1,10.000000,2.173136,1
5.989929,-2.297081,18.992720,5.630188,-1365.971000,1,10.000000,2.129432,0
5.774879,-2.384791,19.883740,6.000058,-1382.612000,1,10.000000,2.308602,0
5.441479,-1.910516,16.648260,5.142002,155.258600,0,10.000000,2.780828,0
5.717669,-1.881020,16.571540,4.851992,-1361.069000,1,10.000000,2.541879,0
5.599788,-2.266729,18.391080,5.901612,-1380.193000,1,10.000000,2.509722,0
5.488276,-2.124800,16.690320,5.303002,173.337400,0,10.000000,2.659837,0
5.474926,-2.197698,17.676760,5.420316,-1363.466000,1,10.000000,2.649470,0
5.592943,-1.886537,17.351410,5.297386,-1383.930000,1,10.000000,2.652117,0
5.394503,-2.216447,17.033230,5.519793,-1355.229000,1,10.000000,2.720766,0
5.611333,-1.988775,15.164190,4.425501,196.075700,0,10.000000,2.593897,0
5.492956,-1.893309,16.267870,4.835383,-1359.688000,1,10.000000,2.740444,0
5.332344,-2.156522,17.467080,5.480869,-1368.515000,1,10.000000,2.797829,0
5.619265,-2.092450,16.883940,5.114129,-1352.179000,1,10.000000,2.547852,0
5.460127,-2.020716,17.666420,5.452068,-1381.856000,1,10.000000,2.722123,0
5.556956,-2.244343,19.532250,6.226586,-1401.539000,1,10.000000,2.557241,0
5.327755,-2.454772,19.801320,6.279622,-1390.967000,1,10.000000,2.727300,0
5.716283,-2.074659,16.547360,5.036539,179.017100,0,10.000000,2.464066,0
5.722441,-2.415742,19.786630,6.200766,-1383.606000,1,10.000000,2.351305,0
5.765830,-1.883637,15.368240,4.338406,187.577700,0,10.000000,2.497555,0
5.880698,-2.063212,17.739820,5.498213,-1369.198000,1,10.000000,2.317113,0
5.639117,-2.205122,19.676770,6.049659,-1402.513000,1,10.000000,2.491104,0
5.620850,-2.384407,19.635310,6.000676,-1382.664000,1,10.000000,2.457501,0
5.630436,-2.179230,17.382310,5.332474,-1355.378000,1,10.000000,2.507688,0
5.604559,-2.400128,19.609030,5.975319,-1380.546000,1,10.000000,2.469410,0
5.592157,-2.309058,19.589030,6.122206,-1392.818000,1,10.000000,2.505016,0
5.895629,-2.263875,18.283540,5.561033,-1359.435000,1,10.000000,2.229407,0
5.983617,-1.832915,15.248340,4.316221,188.661200,0,10.000000,2.329783,0
5.919116,-2.336649,19.475600,5.940506,-1376.871000,1,10.000000,2.184059,0
5.830455,-2.173804,18.199590,5.455455,-1366.396000,1,10.000000,2.321535,0
5.950428,-2.012402,17.850990,5.339564,-1371.720000,1,10.000000,2.275103,0
6.064536,-1.975455,16.570120,4.843494,178.575700,0,10.000000,2.189912,0
5.973169,-2.281980,18.967330,5.653067,-1367.880000,1,10.000000,2.150255,0
5.862450,-1.954382,15.874960,4.779270,183.159700,0,10.000000,2.379587,0
6.095347,-1.844533,17.081920,4.901298,-1365.168000,1,10.000000,2.227735,0
5.366754,-2.154982,18.060290,5.610050,-1380.051000,1,10.000000,2.765510,0
5.507229,-2.363226,18.832030,5.898978,-1373.402000,1,10.000000,2.572817,0
5.632068,-2.155460,18.462280,5.609325,-1379.990000,1,10.000000,2.514031,0
5.567270,-2.225197,19.560890,6.017279,-1399.810000,1,10.000000,2.553134,0
5.551421,-2.092975,19.535330,6.230542,-1417.611000,1,10.000000,2.611175,0
5.353416,-2.562069,19.831140,6.359779,-1381.876000,1,10.000000,2.682571,1
5.734004,-1.925998,17.054540,5.120498,-1368.447000,1,10.000000,2.507632,0
5.590385,-1.999748,15.934620,5.042527,196.832300,0,10.000000,2.608974,0
5.540509,-2.370529,18.299520,5.764153,-1361.372000,1,10.000000,2.538765,0
5.790000,-1.890554,18.151530,5.643484,-1397.800000,1,10.000000,2.472847,0
5.646979,-1.922326,16.465070,5.014908,-1358.899000,1,10.000000,2.588067,0
5.494697,-2.263392,18.242370,5.681231,-1370.231000,1,10.000000,2.611347,0
5.370930,-2.368070,18.042590,5.767879,-1361.683000,1,10.000000,2.703950,0
5.514675,-1.962635,15.440300,4.544568,186.937200,0,10.000000,2.693133,0
5.585682,-1.896673,16.848540,5.161229,-1371.837000,1,10.000000,2.654480,0
5.464756,-1.890598,14.604520,4.466961,191.870200,0,10.000000,2.767351,0
5.250555,-2.086596,19.050060,6.240830,-1418.469000,1,10.000000,2.897198,0
5.502073,-2.405374,19.443730,5.966857,-1379.839000,1,10.000000,2.567726,0
5.241091,-2.456631,19.010130,6.135837,-1378.149000,1,10.000000,2.811908,0
5.364174,-2.206507,17.513890,5.407362,-1362.386000,1,10.000000,2.752673,0
5.485230,-2.384746,18.786800,6.097787,-1381.606000,1,10.000000,2.588939,0
5.440003,-2.521019,19.975450,6.428196,-1387.604000,1,10.000000,2.604421,1
5.469356,-1.944500,15.786990,4.884223,175.186500,0,10.000000,2.741940,0
5.384347,-1.935562,16.568910,5.107215,-1367.342000,1,10.000000,2.823946,0
5.527421,-2.055685,15.863390,4.737929,187.360400,0,10.000000,2.646768,0
5.388578,-2.224825,16.551860,5.164078,-1340.574000,1,10.000000,2.724045,0
5.529313,-2.024428,18.317870,5.582229,-1393.462000,1,10.000000,2.656320,0
5.276767,-2.541301,19.067800,5.998250,-1366.669000,1,10.000000,2.761594,0
5.458076,-2.033470,18.209940,5.568529,-1392.321000,1,10.000000,2.719478,0
6.060683,-2.019959,18.008500,5.328769,-1370.821000,1,10.000000,2.172885,0
5.985762,-1.998524,18.998180,5.847107,-1399.817000,1,10.000000,2.249468,0
5.733197,-2.232481,19.816510,6.245719,-1403.137000,1,10.000000,2.393215,0
5.815279,-2.188007,19.325490,5.929961,-1391.756000,1,10.000000,2.330738,0
5.860533,-1.884165,15.486620,4.337746,187.632600,0,10.000000,2.412966,0
5.940665,-1.889749,16.407140,4.956264,-1353.257000,1,10.000000,2.339555,0
5.820304,-2.064480,16.687930,5.050295,177.871300,0,10.000000,2.371976,0
5.828368,-1.938865,17.185610,5.102629,-1366.960000,1,10.000000,2.417022,0
5.432373,-1.939115,17.110920,5.444261,-1380.442000,1,10.000000,2.778162,0
5.322498,-2.181716,18.555530,5.939793,-1392.577000,1,10.000000,2.799751,0
5.548834,-1.878056,16.332450,5.074733,160.094400,0,10.000000,2.695732,0
5.573128,-1.967071,17.312000,5.404322,-1377.115000,1,10.000000,2.637546,0
5.281215,-2.290963,18.491020,5.769092,-1378.330000,1,10.000000,2.809720,0
5.349228,-1.970312,18.033710,5.890090,-1384.214000,1,10.000000,2.843739,0
5.344046,-2.567687,19.815530,6.350417,-1381.092000,1,10.000000,2.690908,1
5.591140,-2.049658,19.601150,6.281050,-1428.464000,1,10.000000,2.589547,0
5.527734,-1.830811,13.998480,3.950002,201.821100,0,10.000000,2.734794,0
5.441752,-2.200971,18.741860,5.909706,-1390.066000,1,10.000000,2.680127,0
5.961162,-1.907532,16.434100,4.932866,-1351.310000,1,10.000000,2.313082,0
6.086696,-2.026994,18.045660,5.318718,-1369.984000,1,10.000000,2.146502,0
5.751718,-2.291536,19.846380,6.150467,-1395.179000,1,10.000000,2.357264,0
5.942226,-2.124802,19.535490,5.796039,-1396.324000,1,10.000000,2.236159,0
6.153896,-1.944328,18.152760,5.214828,-1377.060000,1,10.000000,2.126627,0
5.969974,-1.890418,15.231700,4.246096,194.485000,0,10.000000,2.313478,0
5.928081,-2.247570,19.490070,6.085870,-1377.356000,1,10.000000,2.204314,0
5.664617,-2.219225,18.499820,5.748152,-1375.817000,1,10.000000,2.462443,0
5.833960,-1.960753,18.779460,5.678706,-1401.498000,1,10.000000,2.402449,0
5.748463,-1.945186,15.728820,4.791060,182.178500,0,10.000000,2.486373,0
5.877551,-2.073789,17.242670,5.140046,-1354.338000,1,10.000000,2.315741,0
5.721361,-2.126698,18.586760,5.884159,-1383.080000,1,10.000000,2.440257,0
5.875970,-2.101247,19.431960,5.832842,-1399.393000,1,10.000000,2.306352,0
5.791900,-2.412692,19.898650,6.205685,-1384.017000,1,10.000000,2.284872,1
5.769423,-1.997234,16.619160,5.141168,-1353.670000,1,10.000000,2.445611,0
5.615392,-2.036672,15.967650,4.992964,181.885600,0,10.000000,2.571839,0
5.657085,-2.196492,19.078320,5.916704,-1390.650000,1,10.000000,2.476868,0
5.884756,-1.879264,15.505970,4.562389,184.695900,0,10.000000,2.393806,0
5.724648,-2.131474,18.602550,5.645669,-1383.021000,1,10.000000,2.435480,0
5.689024,-2.010758,16.510520,5.122892,-1352.147000,1,10.000000,2.513803,0
5.353722,-1.930132,16.998550,5.457093,-1381.511000,1,10.000000,2.854366,0
5.624034,-1.878891,16.434070,5.073604,-1363.783000,1,10.000000,2.627185,0
5.439678,-2.267555,18.159010,5.674925,-1369.705000,1,10.000000,2.663029,0
5.468544,-2.064702,15.774420,4.956081,184.957900,0,10.000000,2.698713,0
5.454691,-2.183639,19.379310,6.084311,-1405.405000,1,10.000000,2.673022,0
5.353451,-2.372213,18.016100,5.761601,-1361.159000,1,10.000000,2.719989,0
5.335086,-2.481845,19.813540,6.234502,-1387.194000,1,10.000000,2.714820,0
5.650695,-1.878357,18.501790,5.803548,-1411.897000,1,10.000000,2.603328,0
5.611150,-1.844598,16.883910,5.233555,-1377.856000,1,10.000000,2.653594,0
5.329364,-2.031679,16.024490,5.094620,174.179000,0,10.000000,2.840765,0
5.569649,-1.932577,15.510780,4.583105,183.733500,0,10.000000,2.654430,0
5.549063,-1.986897,18.347800,5.639094,-1398.199000,1,10.000000,2.652069,0
5.583650,-2.068825,18.975210,5.883504,-1403.617000,1,10.000000,2.589562,0
5.250549,-2.560009,19.659700,6.363213,-1382.164000,1,10.000000,2.784434,0
5.746692,-2.159177,17.049240,5.255257,-1348.177000,1,10.000000,2.405074,0
5.714500,-1.994302,16.109550,4.818695,180.639500,0,10.000000,2.496986,0
5.781564,-2.330653,19.260680,5.949874,-1377.654000,1,10.000000,2.317214,0
5.806182,-1.922300,16.680210,5.014944,165.069700,0,10.000000,2.444233,0
5.705942,-2.292978,18.550180,5.881655,-1371.189000,1,10.000000,2.400538,0
5.820075,-1.865110,15.425110,4.580083,183.225000,0,10.000000,2.457651,0
5.831903,-1.976905,16.704030,5.173195,-1345.844000,1,10.000000,2.397367,0
5.539845,-2.218306,17.252890,5.276651,-1350.724000,1,10.000000,2.581358,0
5.659062,-1.977657,16.036610,4.840595,178.816900,0,10.000000,2.554442,0
5.786386,-2.209158,18.684320,5.763405,-1377.090000,1,10.000000,2.350642,0
5.905090,-1.872851,15.542310,4.351890,186.457900,0,10.000000,2.378889,0
5.990819,-1.938603,17.401190,5.317428,-1370.290000,1,10.000000,2.272306,0
5.932070,-1.953382,17.835870,5.201892,-1375.983000,1,10.000000,2.317702,0
5.828647,-2.057704,17.677020,5.274848,-1366.330000,1,10.000000,2.367001,0
6.030568,-2.231881,19.054300,5.728975,-1374.216000,1,10.000000,2.113922,0
5.892547,-2.000695,17.274750,5.016753,-1359.814000,1,10.000000,2.332374,0
6.076746,-2.249166,19.722100,6.088630,-1373.795000,1,10.000000,2.064621,0
5.339840,-2.160850,16.038650,4.920065,188.719200,0,10.000000,2.789376,0
5.323163,-2.106117,19.178660,5.979601,-1412.396000,1,10.000000,2.822142,0
5.360183,-2.167883,18.038560,5.825942,-1382.310000,1,10.000000,2.767860,0
5.471959,-1.843469,17.178570,5.358910,-1389.050000,1,10.000000,2.780028,0
5.387302,-1.928861,16.573010,5.116523,157.378800,0,10.000000,2.823744,0
5.433594,-1.934815,16.637310,5.108253,-1367.428000,1,10.000000,2.778680,0
5.448870,-2.223051,19.357920,6.260929,-1404.408000,1,10.000000,2.666817,0
5.478106,-1.860518,16.699130,5.211444,-1376.016000,1,10.000000,2.767376,0
5.305828,-2.314440,19.127200,6.113527,-1392.093000,1,10.000000,2.780028,0
5.463052,-1.969481,18.786780,6.038727,-1416.559000,1,10.000000,2.738261,0
5.614133,-1.921582,15.567810,4.597200,182.561700,0,10.000000,2.618271,0
5.584258,-1.931884,18.977150,6.093076,-1416.848000,1,10.000000,2.641341,0
5.392926,-2.173427,17.043000,5.340765,-1356.069000,1,10.000000,2.734969,0
5.519938,-1.983864,16.745990,5.264942,160.753500,0,10.000000,2.680157,0
5.519630,-2.242564,19.472050,6.229456,-1401.778000,1,10.000000,2.593442,0
5.498574,-2.124097,16.716320,5.070174,-1348.518000,1,10.000000,2.650347,0
5.334724,-2.038714,17.470580,5.654116,-1382.961000,1,10.000000,2.833331,0
5.528348,-2.233545,19.498120,6.003815,-1398.687000,1,10.000000,2.587762,0
5.461719,-2.015393,17.668760,5.459898,-1382.508000,1,10.000000,2.722558,0
5.599435,-1.921708,16.400830,5.015744,165.003200,0,10.000000,2.631620,0
5.338948,-2.516120,19.819980,6.177377,-1382.416000,1,10.000000,2.704688,0
5.486393,-2.121536,16.236690,4.973191,184.293900,0,10.000000,2.662690,0
5.392143,-2.155972,19.278430,6.128934,-1409.130000,1,10.000000,2.741040,0
5.686797,-1.859913,18.556490,5.831494,-1414.226000,1,10.000000,2.578897,0
6.176662,-1.966325,18.174190,5.405390,-1377.204000,1,10.000000,2.095959,0
6.419965,-1.922240,17.048870,4.692014,-1347.009000,1,10.000000,1.912610,0
6.078290,-2.178090,18.564060,5.449152,-1365.871000,1,10.000000,2.090097,0
6.468859,-1.894329,18.075180,5.164483,-1372.108000,1,10.000000,1.888624,0
6.007132,-1.858330,19.052640,5.618072,-1412.144000,1,10.000000,2.296723,0
5.739996,-2.158101,18.066570,5.478547,-1368.322000,1,10.000000,2.411724,0
5.798286,-1.939745,18.163710,5.571144,-1391.774000,1,10.000000,2.443703,0
5.899493,-2.063031,16.794940,5.052253,-1346.263000,1,10.000000,2.300009,0
5.938671,-1.974766,16.859250,4.944045,170.969700,0,10.000000,2.302213,0
5.997766,-2.053476,16.927740,5.065166,-1347.339000,1,10.000000,2.214689,0
5.842854,-2.058783,16.278440,4.733851,187.699700,0,10.000000,2.353543,0
6.195025,-1.909236,16.741820,4.930624,171.325200,0,10.000000,2.108957,0
5.975527,-2.034049,16.897690,5.091417,-1349.526000,1,10.000000,2.243112,0
5.964564,-2.143478,17.859650,5.384016,-1358.865000,1,10.000000,2.208309,0
6.009855,-2.352812,19.617380,5.915251,-1374.761000,1,10.000000,2.092733,1
5.809662,-2.314018,18.719590,5.604526,-1363.829000,1,10.000000,2.295246,0
5.964940,-1.927945,17.882820,5.238231,-1379.007000,1,10.000000,2.300168,0
5.681027,-2.002725,16.499710,5.133747,-1353.051000,1,10.000000,2.524320,0
5.333323,-2.366059,19.160030,6.276677,-1385.695000,1,10.000000,2.740994,0
5.502401,-2.013946,15.830470,4.792846,182.790400,0,10.000000,2.685200,0
5.607497,-1.849030,16.889640,5.011579,-1375.098000,1,10.000000,2.654958,0
5.709705,-1.917142,15.287160,4.515042,188.632000,0,10.000000,2.533383,0
5.557668,-2.332196,17.786540,5.460562,-1351.049000,1,10.000000,2.531985,0
5.466837,-2.084394,16.210270,5.023385,180.112900,0,10.000000,2.693557,0
5.436914,-2.146940,18.734300,5.994129,-1397.112000,1,10.000000,2.701318,0
5.708457,-2.423631,19.146450,5.804596,-1365.516000,1,10.000000,2.362916,0
5.704359,-1.866059,17.024160,4.987927,-1373.132000,1,10.000000,2.560427,0
5.654127,-2.001252,16.463360,5.135737,170.754000,0,10.000000,2.549631,0
5.691872,-1.891222,16.525740,5.056941,-1362.396000,1,10.000000,2.560633,0
5.454837,-2.207671,16.643880,5.187903,-1342.561000,1,10.000000,2.665640,0
5.708341,-1.987619,19.181170,5.787824,-1411.353000,1,10.000000,2.505318,0
5.555367,-1.974664,18.931020,6.030631,-1415.885000,1,10.000000,2.650952,0
5.406679,-2.210761,17.062650,5.287429,-1351.622000,1,10.000000,2.710759,0
5.616604,-1.892756,17.385200,5.288501,-1383.191000,1,10.000000,2.628035,0
5.601462,-1.863378,16.414500,4.875832,160.920300,0,10.000000,2.654222,0
5.587357,-2.167520,17.830190,5.702733,-1371.262000,1,10.000000,2.552228,0
5.388328,-2.291121,17.537500,5.520967,-1356.090000,1,10.000000,2.706167,0
5.670777,-1.849253,16.497230,5.113657,156.855300,0,10.000000,2.597980,0
5.576912,-2.081989,19.576450,6.248260,-1419.089000,1,10.000000,2.591158,0
5.712460,-1.882804,15.290600,4.557965,185.063600,0,10.000000,2.545775,0
6.234648,-1.911607,16.793960,4.927503,171.584900,0,10.000000,2.073901,0
6.063772,-2.258685,19.104610,5.688363,-1370.827000,1,10.000000,2.073289,0
6.041601,-2.090810,19.082780,5.707279,-1388.158000,1,10.000000,2.159156,0
6.032486,-2.070303,19.068980,5.738350,-1390.749000,1,10.000000,2.176108,0
6.217552,-1.826893,15.533620,4.323565,188.051300,0,10.000000,2.133847,0
6.195492,-1.896677,16.313140,4.629129,179.907400,0,10.000000,2.115082,0
6.153685,-2.090755,18.674930,5.577585,-1376.579000,1,10.000000,2.058059,0
6.292436,-2.019123,19.462840,5.815897,-1397.215000,1,10.000000,1.969237,0
6.198521,-2.027470,17.199030,5.100307,-1350.266000,1,10.000000,2.047228,0
6.259497,-2.094381,17.773150,5.111444,-1351.956000,1,10.000000,1.962013,0
5.973933,-2.263337,19.573390,5.812260,-1381.932000,1,10.000000,2.155834,0
6.217165,-1.892292,15.932400,4.327587,188.476200,0,10.000000,2.098932,0
6.174736,-2.132943,18.159870,5.398599,-1360.892000,1,10.000000,2.020737,0
6.084533,-1.870028,16.607510,4.760714,-1352.720000,1,10.000000,2.223927,0
6.282040,-1.877974,16.856640,4.978080,179.398800,0,10.000000,2.051909,0
6.106986,-2.019475,17.075330,5.111112,-1351.166000,1,10.000000,2.131885,0
5.766914,-2.055503,18.117570,5.400910,-1377.594000,1,10.000000,2.424613,0
5.589505,-2.187130,16.830920,5.216434,180.555700,0,10.000000,2.543864,0
5.881107,-1.921903,16.328770,4.913956,172.712200,0,10.000000,2.377394,0
5.707468,-1.907163,17.504130,5.499590,-1370.249000,1,10.000000,2.539684,0
5.787647,-1.971056,19.293950,6.036268,-1416.354000,1,10.000000,2.439924,0
5.852806,-1.923880,17.722630,5.244037,-1379.490000,1,10.000000,2.401765,0
5.704192,-2.114123,17.001900,5.084026,-1349.672000,1,10.000000,2.460795,0
5.966023,-1.958202,18.410390,5.544003,-1389.514000,1,10.000000,2.285258,0
5.762128,-1.922356,18.110540,5.596715,-1393.904000,1,10.000000,2.483825,0
5.824655,-1.953547,17.180450,5.082236,-1365.263000,1,10.000000,2.413957,0
6.436347,-2.134621,19.090610,5.513077,-1371.201000,1,10.000000,1.787146,0
6.242267,-2.014325,17.749230,5.222635,-1361.218000,1,10.000000,2.015237,0
6.392591,-2.025499,19.037690,5.445034,-1381.270000,1,10.000000,1.879738,0
6.421367,-1.908085,18.009210,5.145379,-1370.518000,1,10.000000,1.919469,0
6.231967,-1.942058,18.253200,5.440057,-1380.092000,1,10.000000,2.060384,0
6.330697,-1.983413,17.389010,4.932357,-1352.029000,1,10.000000,1.954488,0
6.227145,-2.259950,19.956900,6.060347,-1386.884000,1,10.000000,1.921117,0
6.227203,-2.266837,19.352230,5.676012,-1369.795000,1,10.000000,1.918421,1
5.532279,-2.078355,19.515940,6.024378,-1416.129000,1,10.000000,2.634213,0
5.594872,-1.874750,16.394660,5.079200,159.722700,0,10.000000,2.655339,0
5.409042,-2.182019,16.580280,5.223532,-1345.532000,1,10.000000,2.717012,0
5.500490,-2.080616,17.714350,5.592496,-1377.823000,1,10.000000,2.663234,0
5.631615,-2.153204,17.895160,5.724745,-1353.447000,1,10.000000,2.515216,0
5.646200,-2.016672,16.464020,4.887414,-1348.289000,1,10.000000,2.550943,0
5.935177,-1.981855,17.322710,5.267733,-1364.974000,1,10.000000,2.302197,0
5.730927,-2.099563,18.612070,5.694017,-1387.052000,1,10.000000,2.441205,0
5.719374,-2.273941,18.024340,5.546231,-1358.199000,1,10.000000,2.393411,0
5.784119,-1.996472,15.774540,4.725306,187.650200,0,10.000000,2.432529,0
6.012594,-2.001132,19.038840,5.843154,-1399.488000,1,10.000000,2.224302,0
5.729675,-2.328842,19.810830,6.090298,-1390.152000,1,10.000000,2.367452,0
5.556647,-2.480915,19.519220,6.095649,-1374.814000,1,10.000000,2.497884,1
5.802597,-1.880220,15.403270,4.561195,184.795200,0,10.000000,2.466270,0
5.713395,-1.834181,16.554900,5.134044,171.819000,0,10.000000,2.566650,0
5.686714,-1.906936,16.529710,4.816970,165.813600,0,10.000000,2.558531,0
5.824020,-1.851540,17.179570,5.223913,-1377.053000,1,10.000000,2.460457,0
5.813707,-1.905628,17.165250,5.148791,-1370.802000,1,10.000000,2.444898,0
5.767348,-2.011389,19.262240,5.973247,-1411.100000,1,10.000000,2.441738,0
5.752034,-1.872426,17.578670,5.317544,-1385.607000,1,10.000000,2.514910,0
5.790020,-1.856748,17.132350,5.216679,-1376.451000,1,10.000000,2.488179,0
5.596608,-2.128257,16.852480,5.064396,177.458600,0,10.000000,2.556605,0
5.625976,-2.260747,17.886990,5.565634,-1359.819000,1,10.000000,2.486461,0
5.742190,-2.106328,17.541950,5.436620,-1364.062000,1,10.000000,2.428241,0
5.443456,-2.132161,16.178670,4.958834,185.489900,0,10.000000,2.699827,0
5.661057,-2.291012,18.494430,5.639382,-1366.738000,1,10.000000,2.444038,0
5.678565,-2.207998,17.964320,5.643207,-1366.293000,1,10.000000,2.452820,0
6.187904,-2.162441,19.907720,5.969909,-1395.091000,1,10.000000,1.996295,0
6.118911,-2.297595,19.188150,5.629410,-1365.906000,1,10.000000,2.007951,0
6.403075,-1.843374,19.064060,5.493872,-1401.044000,1,10.000000,1.971790,0
6.195974,-1.828402,18.212880,5.380435,-1390.841000,1,10.000000,2.151082,0
6.233474,-1.936335,17.738580,5.313299,-1375.685000,1,10.000000,2.062037,0
5.956831,-2.082816,17.860150,5.238974,-1363.342000,1,10.000000,2.239591,0
6.085242,-1.848192,16.171800,4.691289,174.739900,0,10.000000,2.234493,0
6.129852,-2.153741,19.204730,5.847370,-1384.098000,1,10.000000,2.052707,0
6.242269,-1.970363,16.803990,4.850193,178.018300,0,10.000000,2.037098,0
6.303862,-2.113915,18.344340,5.425781,-1363.158000,1,10.000000,1.913643,0
6.352849,-1.970757,18.425890,5.399057,-1376.676000,1,10.000000,1.942279,0
5.977592,-2.272459,19.579110,5.798006,-1380.743000,1,10.000000,2.149290,0
6.136407,-1.905770,19.237710,5.762013,-1408.438000,1,10.000000,2.161092,0
6.137783,-1.909294,16.239160,4.612953,181.252200,0,10.000000,2.158122,0
6.077126,-2.125792,18.562350,5.526061,-1372.283000,1,10.000000,2.112270,0
5.456017,-2.354557,18.171500,5.788352,-1363.394000,1,10.000000,2.624585,0
5.465929,-1.999996,16.670980,5.242536,162.619900,0,10.000000,2.724248,0
5.423435,-1.941565,16.612690,5.322824,162.263700,0,10.000000,2.785493,0
5.362595,-2.150043,19.230770,6.138495,-1409.928000,1,10.000000,2.770981,0
5.681796,-1.848164,14.869740,4.520040,195.193600,0,10.000000,2.588590,0
5.471437,-2.015263,16.678630,5.221332,164.386200,0,10.000000,2.713547,0
5.489757,-2.085572,16.241240,5.021792,180.245500,0,10.000000,2.671610,0
5.572480,-2.421335,18.933980,5.808184,-1365.816000,1,10.000000,2.495537,0
5.625063,-1.829592,14.458430,4.025882,196.283200,0,10.000000,2.647675,0
5.318291,-2.168664,16.454240,5.242079,-1347.078000,1,10.000000,2.807612,0
5.654332,-1.885756,19.096780,5.946984,-1424.611000,1,10.000000,2.596864,0
5.462211,-2.222982,17.141980,5.269971,-1350.167000,1,10.000000,2.654078,0
5.619527,-1.872136,14.804330,4.268391,192.633500,0,10.000000,2.634147,0
5.582798,-2.180297,17.823490,5.683942,-1369.693000,1,10.000000,2.552406,0
5.493640,-2.070441,17.715700,5.378942,-1375.765000,1,10.000000,2.673185,0
5.391419,-2.399255,19.907430,6.372151,-1398.706000,1,10.000000,2.676862,0
5.844434,-2.201873,18.220150,5.414177,-1362.954000,1,10.000000,2.298581,0
6.008356,-1.994019,17.933750,5.365827,-1373.908000,1,10.000000,2.231287,0
6.024240,-2.224914,19.044710,5.739531,-1375.097000,1,10.000000,2.122354,0
6.073616,-2.218151,18.545280,5.628276,-1365.047000,1,10.000000,2.079001,0
5.477891,-2.055836,16.687590,5.164980,169.080200,0,10.000000,2.693042,0
5.428502,-2.016487,15.318620,4.699647,189.785500,0,10.000000,2.753162,0
5.492265,-1.915727,18.261740,5.746926,-1407.181000,1,10.000000,2.732102,0
5.539386,-1.837935,16.795030,5.026989,-1376.379000,1,10.000000,2.721216,0
5.449765,-2.366714,18.742240,5.893529,-1372.946000,1,10.000000,2.627689,0
5.498832,-2.286215,17.700010,5.528182,-1356.692000,1,10.000000,2.601025,0
5.393462,-2.328710,17.545060,5.465688,-1351.476000,1,10.000000,2.691593,0
6.156835,-2.005727,18.145860,5.349750,-1371.720000,1,10.000000,2.094239,0
6.337198,-1.973164,19.531890,5.875859,-1402.199000,1,10.000000,1.954304,0
6.329927,-2.001424,17.387980,4.908019,-1350.004000,1,10.000000,1.945841,0
6.199880,-1.963387,19.333880,5.674716,-1401.166000,1,10.000000,2.077258,0
6.143492,-2.096904,17.612040,5.107942,-1351.664000,1,10.000000,2.064511,0
5.993013,-1.929010,19.020450,5.726803,-1405.505000,1,10.000000,2.274867,0
5.470914,-2.070797,17.165970,5.256143,-1364.772000,1,10.000000,2.694382,0
5.373125,-2.312732,17.515150,5.489185,-1353.438000,1,10.000000,2.715292,0
5.565034,-1.853658,15.106310,4.594397,182.035000,0,10.000000,2.691312,0
5.535793,-1.979253,16.314820,4.937978,-1352.497000,1,10.000000,2.667253,0
5.382805,-2.241114,19.251360,6.231794,-1401.974000,1,10.000000,2.724998,0
5.565325,-2.107236,16.343360,4.992516,182.684100,0,10.000000,2.593197,0
5.461556,-2.102896,17.657090,5.559729,-1375.091000,1,10.000000,2.692302,0
5.556173,-1.977815,18.358570,5.652854,-1399.345000,1,10.000000,2.648991,0
5.346600,-2.193867,16.493550,5.207076,181.335900,0,10.000000,2.773154,0
5.533350,-2.168950,18.884980,5.959738,-1394.242000,1,10.000000,2.602885,0
5.580192,-1.935626,15.513090,4.803316,181.158700,0,10.000000,2.643552,0
5.241957,-2.317124,19.670740,6.260845,-1405.168000,1,10.000000,2.841324,0
5.232770,-2.144695,17.857290,5.625636,-1381.350000,1,10.000000,2.896395,0
5.429413,-2.045582,15.734440,4.751221,186.254300,0,10.000000,2.742049,0
5.277298,-2.020495,15.124760,4.694509,190.213000,0,10.000000,2.893533,0
5.262965,-2.078785,16.378080,5.366754,-1350.719000,1,10.000000,2.887905,0
5.357658,-1.942910,17.004180,5.438838,-1379.990000,1,10.000000,2.845946,0
5.501038,-2.046170,16.719740,5.178406,-1357.534000,1,10.000000,2.674809,0
5.152654,-2.463024,18.265360,5.995959,-1365.711000,1,10.000000,2.897537,0
5.218712,-2.295194,17.824210,5.633048,-1366.209000,1,10.000000,2.869201,0
5.526126,-1.963967,18.885330,6.047343,-1417.278000,1,10.000000,2.682054,0
5.511868,-1.838167,15.436700,4.704142,173.671400,0,10.000000,2.746025,0
5.397378,-1.990888,16.575770,5.255186,161.566200,0,10.000000,2.791406,0
5.539515,-1.900366,16.784420,5.156099,-1371.410000,1,10.000000,2.695029,0
5.462104,-1.952420,15.777450,4.873804,176.053500,0,10.000000,2.745604,0
5.371088,-2.131167,18.055300,5.892161,-1372.769000,1,10.000000,2.768764,0
5.442506,-2.014125,18.754670,5.968972,-1410.744000,1,10.000000,2.740935,0
5.820533,-2.113794,17.163480,5.084484,-1349.710000,1,10.000000,2.352751,0
5.958992,-1.940945,16.442320,4.667402,177.486200,0,10.000000,2.299415,0
5.679328,-2.325421,19.729620,6.095814,-1390.613000,1,10.000000,2.416728,0
5.926842,-2.083422,17.805740,5.469344,-1366.791000,1,10.000000,2.266737,0
5.694193,-2.009817,16.528880,4.896677,-1349.060000,1,10.000000,2.509423,0
5.946613,-1.917625,16.869990,5.021261,-1359.427000,1,10.000000,2.321193,0
5.745965,-2.391883,19.837100,5.988618,-1381.657000,1,10.000000,2.334626,0
5.674294,-2.179711,17.969950,5.446768,-1365.672000,1,10.000000,2.466127,0
5.794101,-1.957123,16.663890,4.967885,168.985700,0,10.000000,2.439996,0
5.906345,-1.945986,15.942440,4.565912,185.162800,0,10.000000,2.344000,0
5.720219,-1.966126,17.522130,5.405673,-1377.227000,1,10.000000,2.503257,0
5.444491,-2.182164,18.166300,5.804305,-1380.504000,1,10.000000,2.683185,0
5.443492,-2.017836,18.756210,5.963173,-1410.260000,1,10.000000,2.738682,0
5.559582,-1.866195,17.823630,5.460311,-1398.251000,1,10.000000,2.690939,0
5.346003,-2.212208,18.017080,5.758784,-1376.704000,1,10.000000,2.768450,0
5.544540,-2.033608,19.535720,6.096550,-1422.147000,1,10.000000,2.638787,0
5.521949,-2.067638,16.748790,5.148589,170.445500,0,10.000000,2.647647,0
5.584144,-1.875590,16.846410,5.190510,-1374.274000,1,10.000000,2.664706,0
5.459475,-2.543204,20.007910,6.391221,-1384.508000,1,10.000000,2.581265,1
5.624329,-2.010770,15.990910,4.797027,182.442500,0,10.000000,2.573401,0
5.174962,-2.226013,19.570940,6.175294,-1413.766000,1,10.000000,2.929146,0
5.302274,-2.090495,17.422860,5.577968,-1376.611000,1,10.000000,2.846915,0
5.449776,-2.424485,18.729610,6.056175,-1370.747000,1,10.000000,2.614357,0
5.520426,-1.835919,16.768700,5.029789,-1376.612000,1,10.000000,2.739228,0
5.357141,-2.540432,19.837350,6.395841,-1384.895000,1,10.000000,2.682519,0
5.423346,-2.398291,19.304220,6.228912,-1385.959000,1,10.000000,2.645978,0
5.329582,-2.054294,19.178450,6.290380,-1416.894000,1,10.000000,2.832930,0
5.421333,-1.907590,16.620280,5.146065,-1370.575000,1,10.000000,2.800514,0
5.452931,-1.882072,16.202850,5.069307,-1363.425000,1,10.000000,2.781605,0
5.264225,-2.016191,17.378330,5.458724,-1382.410000,1,10.000000,2.907292,0
5.355924,-1.921992,14.482860,4.207591,197.682900,0,10.000000,2.855388,0
5.969172,-1.871001,16.444770,4.980504,-1339.812000,1,10.000000,2.323554,0
5.906809,-1.989153,16.816190,4.924601,172.587600,0,10.000000,2.324491,0
5.881781,-2.198131,19.429400,5.914144,-1390.436000,1,10.000000,2.264917,0
5.827116,-2.166516,19.343990,5.963542,-1394.559000,1,10.000000,2.327256,0
5.971605,-1.831529,17.892350,5.375968,-1390.469000,1,10.000000,2.340878,0
5.960701,-2.013228,17.865670,5.338384,-1371.622000,1,10.000000,2.265493,0
5.973680,-1.889665,17.895310,5.292918,-1383.558000,1,10.000000,2.310588,0
5.780445,-2.157945,18.687100,5.605560,-1379.676000,1,10.000000,2.373917,0
5.758758,-1.948657,17.088930,5.089027,-1365.829000,1,10.000000,2.475578,0
5.845129,-1.933897,17.208880,5.109527,-1367.534000,1,10.000000,2.404172,0
5.945374,-2.009741,18.948270,5.604482,-1395.316000,1,10.000000,2.280811,0
5.793234,-2.003607,18.706470,5.839405,-1399.175000,1,10.000000,2.421284,0
5.640075,-2.127071,17.919620,5.524180,-1372.126000,1,10.000000,2.516198,0
5.980048,-2.051947,18.431010,5.406140,-1378.030000,1,10.000000,2.231370,0
5.879836,-1.836669,17.257090,5.244567,-1378.772000,1,10.000000,2.418354,0
6.095625,-1.972054,19.166060,5.873672,-1404.956000,1,10.000000,2.164098,0
6.164919,-1.841276,19.280910,5.859732,-1416.578000,1,10.000000,2.170291,0
5.820859,-2.188498,19.334210,5.929195,-1391.693000,1,10.000000,2.325336,0
6.020647,-1.882092,18.501660,5.436935,-1396.306000,1,10.000000,2.273226,0
6.203607,-1.963316,18.223780,5.187702,-1374.802000,1,10.000000,2.074064,0
6.199522,-1.949413,18.206840,5.429549,-1379.216000,1,10.000000,2.084576,0
5.481483,-1.876637,15.397740,4.654822,177.771500,0,10.000000,2.757693,0
5.595621,-2.256785,19.606620,5.966331,-1395.558000,1,10.000000,2.516626,0
5.440928,-2.044672,17.638190,5.416841,-1378.921000,1,10.000000,2.731575,0
5.375717,-2.144104,18.073870,5.626530,-1381.425000,1,10.000000,2.760329,0
5.341981,-2.046965,16.498830,5.177302,-1357.442000,1,10.000000,2.823710,0
5.600873,-2.144578,18.403240,5.861254,-1385.257000,1,10.000000,2.547069,0
5.652549,-1.980573,16.472600,4.936197,171.622700,0,10.000000,2.559249,0
5.619745,-1.995818,18.454890,5.625577,-1397.073000,1,10.000000,2.583407,0
5.533328,-1.904999,16.322430,4.819588,-1358.375000,1,10.000000,2.698796,0
5.549594,-1.891219,15.903640,4.732831,172.047000,0,10.000000,2.689588,0
5.668833,-1.918898,17.973340,5.601801,-1394.328000,1,10.000000,2.569654,0
5.609532,-1.905266,16.881670,5.149294,-1370.844000,1,10.000000,2.629217,0
5.994886,-2.079049,19.012010,5.725100,-1389.644000,1,10.000000,2.206498,0
5.989569,-2.022018,17.906910,5.325828,-1370.576000,1,10.000000,2.235684,0
5.976460,-2.006465,19.588970,5.980939,-1411.742000,1,10.000000,2.254291,0
6.230500,-1.888045,19.380280,5.788869,-1410.675000,1,10.000000,2.089874,0
6.449681,-1.917981,19.121640,5.603150,-1394.440000,1,10.000000,1.890570,0
5.665566,-2.092764,19.092480,6.076006,-1398.614000,1,10.000000,2.504527,0
5.562016,-1.935523,16.806130,5.311821,-1377.616000,1,10.000000,2.660240,0
5.737221,-1.931526,17.059020,5.112821,-1367.809000,1,10.000000,2.502360,0
5.784135,-2.054445,18.131480,5.630982,-1381.032000,1,10.000000,2.409176,0
5.534402,-1.999130,18.898260,5.992402,-1412.697000,1,10.000000,2.660999,0
5.807080,-1.850181,17.166830,5.009980,-1374.965000,1,10.000000,2.476082,0
5.548353,-1.995497,18.346730,5.626062,-1397.113000,1,10.000000,2.649453,0
5.980756,-2.133864,18.990600,5.642046,-1382.719000,1,10.000000,2.197166,0
5.801465,-1.977856,18.168390,5.515098,-1387.106000,1,10.000000,2.424528,0
5.811147,-1.910444,18.744890,5.754931,-1407.848000,1,10.000000,2.445038,0
5.830423,-1.917212,18.221920,5.385288,-1392.008000,1,10.000000,2.424767,0
6.004898,-1.976451,18.467550,5.517163,-1387.278000,1,10.000000,2.242339,0
6.009953,-2.092108,19.630690,6.074765,-1400.185000,1,10.000000,2.187362,0
6.061747,-1.943801,19.124590,5.704391,-1403.638000,1,10.000000,2.207347,0
5.965978,-1.966951,18.979490,5.669315,-1400.716000,1,10.000000,2.281323,0
5.837115,-2.056145,17.689120,5.277075,-1366.515000,1,10.000000,2.359859,0
5.832969,-1.848117,17.202790,5.012848,-1375.204000,1,10.000000,2.454151,0
5.840575,-1.920880,16.726690,5.016863,-1359.061000,1,10.000000,2.414046,0
5.805831,-2.123738,19.310730,6.030382,-1400.138000,1,10.000000,2.362670,0
5.643724,-2.137686,19.684200,6.158426,-1411.591000,1,10.000000,2.509107,0
5.795608,-1.909806,16.665920,5.031827,-1360.307000,1,10.000000,2.459242,0
5.703927,-2.142691,19.151510,6.000769,-1397.666000,1,10.000000,2.450904,0
5.344329,-2.020587,17.496130,5.452259,-1381.871000,1,10.000000,2.830519,0
5.262472,-2.240577,19.069290,5.992475,-1397.740000,1,10.000000,2.840912,0
5.614199,-1.843305,15.988600,4.796329,166.781600,0,10.000000,2.651413,0
5.494218,-1.848354,15.028720,4.382510,183.914900,0,10.000000,2.757758,0
5.608449,-1.897864,15.981080,4.724087,172.773800,0,10.000000,2.633290,0
5.473904,-2.003697,17.686680,5.477098,-1383.940000,1,10.000000,2.715471,0
5.426982,-1.868933,16.167780,5.087061,159.068400,0,10.000000,2.810647,0
5.368023,-2.242218,19.227520,6.230014,-1401.825000,1,10.000000,2.738893,0
5.590915,-1.893536,15.946940,4.951281,169.606100,0,10.000000,2.651029,0
5.464562,-2.052963,17.156900,5.281620,-1366.894000,1,10.000000,2.706534,0
5.624505,-1.973182,19.039050,6.032945,-1416.078000,1,10.000000,2.587921,0
5.541245,-1.996004,18.324670,5.850926,-1400.136000,1,10.000000,2.655840,0
5.537772,-1.952506,17.780610,5.552378,-1390.211000,1,10.000000,2.675782,0
5.427057,-1.973421,16.616990,5.279447,-1365.950000,1,10.000000,2.770181,0
6.421911,-1.897521,19.091760,5.414243,-1394.418000,1,10.000000,1.925052,0
6.323256,-1.888747,18.946670,5.427146,-1395.492000,1,10.000000,2.011555,0
6.533574,-1.948935,19.245020,5.557630,-1390.649000,1,10.000000,1.804202,0
6.336668,-1.918447,19.541140,5.742805,-1406.838000,1,10.000000,1.984043,0
6.367802,-2.021088,19.588310,5.587289,-1393.884000,1,10.000000,1.903245,0
5.608937,-2.095310,19.628100,6.226775,-1417.296000,1,10.000000,2.556491,0
5.777866,-2.172111,19.267040,5.954800,-1393.830000,1,10.000000,2.371345,0
5.769850,-1.914114,18.121890,5.608837,-1394.914000,1,10.000000,2.480468,0
5.927235,-1.977653,17.322920,5.048756,-1362.478000,1,10.000000,2.311179,0
5.604933,-2.181381,18.996830,5.940314,-1392.621000,1,10.000000,2.531103,0
5.843135,-1.853307,16.730150,5.108177,-1366.660000,1,10.000000,2.442739,0
5.894497,-1.925385,18.871290,5.732083,-1405.152000,1,10.000000,2.363882,0
6.302568,-1.853951,18.916260,5.478318,-1399.750000,1,10.000000,2.048097,0
6.249893,-1.843155,19.409660,5.856885,-1416.340000,1,10.000000,2.097895,0
6.081878,-2.083469,19.143810,5.718402,-1389.085000,1,10.000000,2.125846,0
6.096166,-1.963797,19.176740,5.674094,-1401.114000,1,10.000000,2.167557,0
6.096749,-1.935340,18.060030,5.449654,-1380.891000,1,10.000000,2.180794,0
6.347612,-1.896601,19.557720,5.775906,-1409.595000,1,10.000000,1.986926,0
6.126963,-1.892637,18.658010,5.421427,-1395.016000,1,10.000000,2.175895,0
6.429639,-1.856502,18.020710,5.217021,-1376.480000,1,10.000000,1.942581,0
6.256945,-1.885232,18.849160,5.432316,-1395.922000,1,10.000000,2.069045,0
6.251800,-2.047607,19.401270,5.772739,-1393.616000,1,10.000000,1.990793,0
6.200396,-1.930169,19.334670,5.725045,-1405.358000,1,10.000000,2.093589,0
5.512005,-1.960106,16.734970,5.297939,158.004900,0,10.000000,2.696571,0
5.623600,-2.072366,19.651750,6.263782,-1420.385000,1,10.000000,2.551035,0
5.661049,-2.150863,18.494420,5.851729,-1384.462000,1,10.000000,2.488318,0
5.713034,-1.901957,17.522960,5.275357,-1382.097000,1,10.000000,2.536910,0
5.493124,-2.098532,18.833770,5.837085,-1399.746000,1,10.000000,2.664033,0
5.678611,-1.931311,17.473790,5.233423,-1378.607000,1,10.000000,2.555571,0
5.422120,-2.039232,18.722750,5.930322,-1407.504000,1,10.000000,2.751098,0
5.530846,-2.111744,19.502150,6.200269,-1415.084000,1,10.000000,2.624066,0
5.617986,-1.917052,16.425890,5.022036,164.479600,0,10.000000,2.616632,0
5.582033,-1.861058,16.377310,5.097703,158.182900,0,10.000000,2.672780,0
5.476436,-2.085880,17.173860,5.234596,-1362.977000,1,10.000000,2.684025,0
5.669648,-1.874981,16.495700,5.078888,-1364.223000,1,10.000000,2.587704,0
6.272008,-1.880288,17.801770,5.183985,-1373.730000,1,10.000000,2.059055,0
6.373885,-1.904891,19.021130,5.403407,-1393.516000,1,10.000000,1.960488,0
5.815183,-1.893876,17.167300,5.165114,-1372.160000,1,10.000000,2.448864,0
5.947970,-1.909866,16.871820,5.031745,-1360.300000,1,10.000000,2.323622,0
5.862052,-1.889566,16.314770,4.735006,-1350.583000,1,10.000000,2.409125,0
5.714374,-2.010796,17.513770,5.341859,-1371.912000,1,10.000000,2.490505,0
5.794353,-1.872185,17.639130,5.317889,-1385.636000,1,10.000000,2.477266,0
5.869573,-2.012990,17.735490,5.338724,-1371.651000,1,10.000000,2.347958,0
5.589597,-2.232485,19.584900,6.245713,-1403.137000,1,10.000000,2.529648,0
5.995748,-1.927240,19.619020,6.105488,-1401.431000,1,10.000000,2.273288,0
5.331459,-1.937967,16.485520,5.316270,153.691700,0,10.000000,2.872112,0
5.418641,-2.151248,17.593990,5.488624,-1369.162000,1,10.000000,2.717314,0
5.352836,-1.967409,16.513900,5.287796,-1366.646000,1,10.000000,2.841430,0
5.484593,-1.934931,17.196620,5.228251,-1378.177000,1,10.000000,2.731601,0
5.465991,-2.105400,17.158940,5.206710,-1360.654000,1,10.000000,2.687287,0
5.405291,-1.964099,16.138470,4.958458,169.770200,0,10.000000,2.793852,0
5.409539,-1.842225,15.316300,4.483120,176.319100,0,10.000000,2.837416,0
5.458706,-1.920243,16.210650,5.017725,164.838300,0,10.000000,2.761168,0
5.551915,-1.895637,17.292790,5.284385,-1382.848000,1,10.000000,2.685654,0
5.444059,-2.283739,19.350150,6.163044,-1396.230000,1,10.000000,2.654404,0
5.337636,-2.133627,17.474860,5.514537,-1371.322000,1,10.000000,2.799782,0
5.552891,-1.940635,16.337920,4.990167,167.131500,0,10.000000,2.666571,0
5.546507,-2.021252,17.793450,5.451280,-1381.790000,1,10.000000,2.641510,0
5.682641,-1.971369,18.550190,5.662621,-1400.159000,1,10.000000,2.535396,0
5.573941,-1.972912,16.832240,5.055340,-1363.025000,1,10.000000,2.634516,0
5.688189,-2.010462,17.991720,5.683361,-1387.608000,1,10.000000,2.514688,0
5.694967,-1.920426,17.000330,5.128238,-1369.092000,1,10.000000,2.545321,0
5.562611,-1.969530,16.816500,5.060038,-1363.416000,1,10.000000,2.646268,0
5.860765,-1.880228,18.255590,5.658669,-1399.065000,1,10.000000,2.414585,0
5.587499,-2.027508,18.981220,5.948061,-1409.000000,1,10.000000,2.601135,0
5.540386,-2.134856,19.517530,6.162992,-1411.972000,1,10.000000,2.607332,0
5.558094,-2.069218,17.799060,5.609258,-1379.220000,1,10.000000,2.613285,0
5.702128,-2.079013,19.160330,5.867586,-1402.290000,1,10.000000,2.475567,0
5.864904,-1.872315,16.759570,5.082491,159.448700,0,10.000000,2.414603,0
5.482319,-2.170505,19.423880,6.105494,-1407.173000,1,10.000000,2.650807,0
5.644125,-2.000701,18.491830,5.618179,-1396.457000,1,10.000000,2.559052,0
6.159585,-2.033130,19.261550,5.794673,-1395.445000,1,10.000000,2.078934,0
6.308151,-2.015700,19.486650,5.821082,-1397.647000,1,10.000000,1.957345,0
6.285995,-2.023746,19.453080,5.808893,-1396.631000,1,10.000000,1.972532,0
6.176070,-1.946514,18.173340,5.433691,-1379.561000,1,10.000000,2.106313,0
6.059656,-1.920913,18.018140,5.248276,-1379.843000,1,10.000000,2.220217,0
6.253487,-1.903797,19.415110,5.765004,-1408.687000,1,10.000000,2.062031,0
6.094333,-2.025994,18.599080,5.444307,-1381.209000,1,10.000000,2.140153,0
5.889386,-2.182676,19.441290,5.938292,-1392.452000,1,10.000000,2.263340,0
6.118810,-1.824455,16.652610,4.820678,-1357.705000,1,10.000000,2.218284,0
5.680943,-2.211664,19.744240,6.039107,-1401.632000,1,10.000000,2.449388,0
5.552742,-2.213293,19.526560,6.270395,-1402.303000,1,10.000000,2.570599,0
5.418864,-2.038656,17.091620,5.302058,-1368.596000,1,10.000000,2.754350,0
5.225172,-2.234870,18.403450,5.856738,-1385.645000,1,10.000000,2.878384,0
5.347074,-2.013651,18.030470,5.824187,-1397.906000,1,10.000000,2.830353,0
5.504170,-1.925092,15.843870,4.688261,175.752200,0,10.000000,2.717461,0
5.531209,-1.954120,16.308630,4.971944,168.648000,0,10.000000,2.681193,0
5.299485,-2.127198,17.947470,5.885053,-1381.929000,1,10.000000,2.838057,0
5.522993,-1.943553,16.297530,4.986224,167.459600,0,10.000000,2.692888,0
5.386406,-2.292059,19.257170,6.149626,-1395.109000,1,10.000000,2.707776,0
5.517159,-1.872387,16.753370,5.194960,-1374.644000,1,10.000000,2.726905,0
5.318900,-2.030052,16.466770,5.200791,166.097200,0,10.000000,2.851157,0
5.549969,-1.841830,16.334230,5.131909,169.021800,0,10.000000,2.709983,0
5.510217,-1.936285,16.734070,5.313209,149.691000,0,10.000000,2.707492,0
5.597834,-2.063409,18.997370,5.891965,-1404.323000,1,10.000000,2.578295,0
5.688551,-1.968772,16.980180,5.285904,-1366.488000,1,10.000000,2.531053,0
5.787736,-1.866423,17.139970,4.987422,-1373.090000,1,10.000000,2.485781,0
5.678247,-1.991155,17.987190,5.495541,-1385.477000,1,10.000000,2.531463,0
5.613347,-2.029183,19.021610,5.945444,-1408.782000,1,10.000000,2.576548,0
5.544027,-1.904713,17.789800,5.622662,-1396.066000,1,10.000000,2.689137,0
5.488918,-2.085759,18.245380,5.714934,-1388.796000,1,10.000000,2.672334,0
5.476760,-2.022363,17.174330,5.325335,-1370.535000,1,10.000000,2.706014,0
5.737788,-1.878746,18.074750,5.660849,-1399.247000,1,10.000000,2.524840,0
5.648875,-2.039543,17.943990,5.424382,-1379.549000,1,10.000000,2.539738,0
5.572869,-2.089010,19.581410,6.007192,-1414.696000,1,10.000000,2.592464,0
5.640642,-1.835853,16.457740,5.120614,-1369.724000,1,10.000000,2.630933,0
5.373712,-2.249003,19.236690,6.219072,-1400.911000,1,10.000000,2.731554,0
5.562077,-2.243699,19.552520,5.987438,-1397.320000,1,10.000000,2.552540,0
6.319567,-1.878998,19.526020,5.586757,-1409.538000,1,10.000000,2.020025,0
6.018409,-2.128033,19.642890,6.023672,-1399.578000,1,10.000000,2.164955,0
6.032757,-1.970001,19.071170,5.869629,-1410.049000,1,10.000000,2.220573,0
5.673779,-2.063000,17.980620,5.389887,-1376.676000,1,10.000000,2.507843,0
5.796069,-2.097647,19.307120,5.838468,-1399.862000,1,10.000000,2.381502,0
5.622381,-2.066002,17.382360,5.262992,-1365.342000,1,10.000000,2.554491,0
5.703671,-1.870563,16.552620,4.866121,161.727400,0,10.000000,2.559053,0
5.451076,-2.287642,18.756430,5.774282,-1378.763000,1,10.000000,2.646595,0
5.562613,-2.285506,19.541370,6.160194,-1395.992000,1,10.000000,2.539953,0
5.806738,-1.936085,17.155570,5.106489,-1367.282000,1,10.000000,2.437686,0
5.554401,-2.257290,19.540140,5.965517,-1395.490000,1,10.000000,2.555890,0
6.514766,-1.865537,18.668290,5.327385,-1386.426000,1,10.000000,1.868937,0
6.217560,-1.964039,19.360680,5.673727,-1401.084000,1,10.000000,2.061628,0
6.436316,-1.882068,18.556220,5.303770,-1384.461000,1,10.000000,1.922206,0
6.066809,-1.972623,19.122310,5.874794,-1403.542000,1,10.000000,2.189231,0
5.517172,-2.033103,17.232060,5.309992,-1369.257000,1,10.000000,2.664456,0
5.619469,-2.123296,18.431550,5.893046,-1371.626000,1,10.000000,2.536836,0
5.734507,-1.861561,16.594290,4.878287,-1363.255000,1,10.000000,2.535450,0
5.714111,-1.969944,18.588380,5.869517,-1410.190000,1,10.000000,2.507250,0
5.599110,-2.146504,18.987730,5.994809,-1397.169000,1,10.000000,2.548084,0
5.562385,-2.050596,18.941980,5.911986,-1405.992000,1,10.000000,2.615977,0
5.611361,-2.036248,18.430910,5.789949,-1395.051000,1,10.000000,2.575736,0
5.473301,-1.883542,15.387250,4.645969,178.507500,0,10.000000,2.762370,0
5.638844,-2.001883,17.929240,5.479765,-1384.163000,1,10.000000,2.563454,0
5.466341,-2.077853,18.791910,5.869398,-1402.441000,1,10.000000,2.696253,0
5.460859,-1.958304,16.213560,4.966290,-1354.853000,1,10.000000,2.744516,0
5.528623,-2.248721,19.486550,6.219525,-1400.949000,1,10.000000,2.583045,0
5.593532,-1.826113,15.552190,4.503777,174.603600,0,10.000000,2.677517,0
5.492703,-2.145560,18.821470,5.996285,-1397.292000,1,10.000000,2.648888,0
6.120831,-2.081762,19.202830,5.720989,-1389.301000,1,10.000000,2.091515,0
6.134952,-1.878453,18.658810,5.661280,-1399.283000,1,10.000000,2.176298,0
6.214764,-1.884881,18.776180,5.651825,-1398.495000,1,10.000000,2.104889,0
5.956464,-1.973090,17.363520,5.055094,-1363.005000,1,10.000000,2.287047,0
5.886762,-2.168529,19.437190,5.960398,-1394.297000,1,10.000000,2.270930,0
5.599927,-2.082893,19.000640,5.861522,-1401.784000,1,10.000000,2.569326,0
5.540494,-1.959983,17.265380,5.414450,-1377.958000,1,10.000000,2.670356,0
5.616327,-2.013855,18.449710,5.598248,-1394.797000,1,10.000000,2.579608,0
5.623724,-2.050449,19.653570,6.282641,-1426.490000,1,10.000000,2.558971,0
5.439462,-2.006015,16.645460,5.009364,166.296100,0,10.000000,2.746700,0
5.664805,-1.912449,17.454070,5.260370,-1380.849000,1,10.000000,2.576025,0
5.318139,-2.319170,19.147060,6.105898,-1391.455000,1,10.000000,2.766931,0
5.265887,-2.322733,19.710620,6.251496,-1404.386000,1,10.000000,2.816747,0
5.449093,-1.918816,16.197660,5.019653,-1359.293000,1,10.000000,2.770575,0
5.552329,-2.173646,18.341460,5.581770,-1377.693000,1,10.000000,2.583400,0
5.385142,-2.091354,19.267140,6.233156,-1417.829000,1,10.000000,2.768234,0
5.471590,-1.959886,17.166940,5.414587,-1377.970000,1,10.000000,2.733989,0
5.518720,-1.832033,16.302680,4.918190,-1366.573000,1,10.000000,2.742426,0
5.609358,-1.845758,15.572480,4.478590,176.695300,0,10.000000,2.654702,0
5.355964,-2.016377,17.502170,5.694346,-1373.481000,1,10.000000,2.821071,0
5.782326,-2.029160,18.128820,5.668168,-1384.132000,1,10.000000,2.420870,0
5.922562,-1.951537,18.913710,5.692671,-1402.661000,1,10.000000,2.327020,0
5.766738,-2.097761,19.261290,5.838290,-1399.847000,1,10.000000,2.408629,0
5.602614,-2.094993,19.617900,6.227287,-1417.339000,1,10.000000,2.562517,0
5.928824,-1.887088,18.923190,5.790318,-1410.795000,1,10.000000,2.351242,0
6.475576,-1.911601,18.612310,5.261580,-1380.950000,1,10.000000,1.873094,0
6.473001,-1.987576,19.747710,5.638065,-1398.113000,1,10.000000,1.832137,0
6.170344,-1.935470,18.710860,5.577431,-1392.298000,1,10.000000,2.116806,0
6.199285,-1.911997,19.332980,5.752579,-1407.652000,1,10.000000,2.103883,0
6.013116,-2.068951,19.039630,5.740399,-1390.920000,1,10.000000,2.194210,0
6.094300,-1.850997,17.565750,5.008847,-1374.871000,1,10.000000,2.225286,0
6.187291,-1.964373,18.200470,5.186191,-1374.677000,1,10.000000,2.087687,0
6.111354,-2.009500,19.199760,5.604847,-1395.346000,1,10.000000,2.132621,0
6.115255,-1.933214,18.086460,5.452691,-1381.144000,1,10.000000,2.165709,0
5.965047,-1.986045,18.966790,5.866015,-1401.394000,1,10.000000,2.273574,0
6.356748,-1.920835,18.431450,5.470374,-1382.617000,1,10.000000,1.965928,0
6.345721,-1.902861,19.554860,5.766421,-1408.805000,1,10.000000,1.985032,0
6.510703,-1.970489,19.795250,5.870590,-1408.839000,1,10.000000,1.810497,0
6.479683,-1.870403,18.090210,5.197715,-1374.873000,1,10.000000,1.894031,0
6.286300,-1.952928,18.881380,5.551756,-1390.160000,1,10.000000,2.008265,0
5.816107,-1.989408,18.741130,5.860919,-1400.969000,1,10.000000,2.406384,0
5.716704,-2.255902,19.801920,5.967755,-1395.677000,1,10.000000,2.401483,0
5.645917,-1.884721,16.463640,5.065726,-1363.128000,1,10.000000,2.604909,0
5.604067,-1.948203,16.407080,4.979940,167.982600,0,10.000000,2.616633,0
5.556952,-1.907129,17.289110,5.499524,-1370.334000,1,10.000000,2.676351,0
5.544177,-2.072125,19.523650,6.264171,-1420.417000,1,10.000000,2.625266,0
5.592323,-2.233278,19.589290,6.244433,-1403.030000,1,10.000000,2.526810,0
5.822097,-1.973312,18.198730,5.521781,-1387.663000,1,10.000000,2.407768,0
5.777987,-1.932537,17.615750,5.231671,-1378.461000,1,10.000000,2.465121,0
5.487403,-2.142004,18.813190,6.001841,-1397.756000,1,10.000000,2.655051,0
5.748035,-2.053928,19.232060,5.906781,-1405.558000,1,10.000000,2.442621,0
6.170648,-1.992325,19.278310,5.856499,-1400.600000,1,10.000000,2.088525,0
6.360071,-1.883583,17.924090,5.179409,-1373.350000,1,10.000000,1.983873,0
6.313296,-2.002155,18.921080,5.479364,-1384.129000,1,10.000000,1.959761,0
6.214597,-1.896564,18.239480,5.283062,-1382.738000,1,10.000000,2.098866,0
6.110569,-1.954454,17.577550,5.080977,-1365.159000,1,10.000000,2.159425,0
6.062612,-2.088771,19.712040,6.084984,-1387.251000,1,10.000000,2.140983,0
6.229318,-1.881056,18.808530,5.438457,-1396.433000,1,10.000000,2.094600,0
6.172315,-1.925092,18.167980,5.464294,-1382.110000,1,10.000000,2.120344,0
6.448797,-1.922347,19.711030,5.736897,-1406.345000,1,10.000000,1.888800,0
6.084197,-2.112522,19.757310,5.815226,-1397.924000,1,10.000000,2.111378,0
6.381176,-2.005747,19.597300,5.836163,-1398.905000,1,10.000000,1.899770,0
6.206649,-2.066058,18.764250,5.385389,-1376.301000,1,10.000000,2.021969,0
5.653840,-2.033488,18.506550,5.568501,-1392.319000,1,10.000000,2.537442,0
5.380627,-1.974683,17.549510,5.519765,-1387.495000,1,10.000000,2.812897,0
5.490006,-1.946480,17.204350,5.211753,-1376.804000,1,10.000000,2.722127,0
5.527925,-1.877563,15.875130,4.750798,170.553300,0,10.000000,2.714962,0
5.445682,-2.105127,18.179880,5.685587,-1386.349000,1,10.000000,2.706536,0
5.516916,-2.134064,18.859310,6.014248,-1398.792000,1,10.000000,2.629743,0
5.557080,-1.955787,16.343590,4.969691,168.835400,0,10.000000,2.656734,0
5.446945,-2.014861,16.644610,5.221891,-1361.156000,1,10.000000,2.736529,0
5.615317,-1.955301,17.383360,5.199151,-1375.755000,1,10.000000,2.603480,0
5.523232,-2.042022,17.759220,5.420737,-1379.246000,1,10.000000,2.655579,0
5.606478,-1.836800,16.421280,4.911749,157.934400,0,10.000000,2.661199,0
5.379482,-2.050066,18.656200,5.912814,-1406.061000,1,10.000000,2.787380,0
5.378421,-2.020790,17.546260,5.451960,-1381.847000,1,10.000000,2.798486,0
5.539354,-1.967608,16.319640,4.953717,170.164800,0,10.000000,2.668447,0
5.327664,-2.037226,16.033570,4.859638,177.993600,0,10.000000,2.840477,0
5.486797,-1.892176,16.711200,5.167473,-1372.356000,1,10.000000,2.746536,0
5.482613,-1.887725,15.399190,4.640607,178.953200,0,10.000000,2.752162,0
5.308844,-2.232882,18.534190,5.859846,-1385.904000,1,10.000000,2.798355,0
5.461321,-2.136683,18.772430,6.010155,-1398.450000,1,10.000000,2.681456,0
5.477788,-2.005535,16.236440,4.902464,-1349.542000,1,10.000000,2.711183,0
5.537297,-1.944348,16.781340,5.095012,-1366.327000,1,10.000000,2.679423,0
5.486288,-2.199951,19.430280,6.057999,-1403.209000,1,10.000000,2.637959,0
5.559297,-2.197970,18.925520,5.914396,-1390.457000,1,10.000000,2.569102,0
5.529016,-2.037622,17.248980,5.303535,-1368.719000,1,10.000000,2.651779,0
5.489013,-2.199447,19.434670,6.058813,-1403.277000,1,10.000000,2.635516,0
6.033683,-2.143160,19.678390,5.767354,-1393.932000,1,10.000000,2.144896,0
6.311182,-1.858170,18.377460,5.337910,-1387.302000,1,10.000000,2.038599,0
6.256319,-1.962852,19.419400,5.675526,-1401.234000,1,10.000000,2.028817,0
6.168177,-1.947796,19.285850,5.698337,-1403.134000,1,10.000000,2.112512,0
6.307989,-1.865258,18.924230,5.461689,-1398.366000,1,10.000000,2.037287,0
5.848736,-2.047254,17.705720,5.289776,-1367.573000,1,10.000000,2.352799,0
5.955378,-1.854926,16.892760,4.887253,-1364.001000,1,10.000000,2.343432,0
5.941290,-2.135064,19.534020,5.780005,-1394.987000,1,10.000000,2.233025,0
6.061905,-1.924428,18.551390,5.593669,-1393.651000,1,10.000000,2.216544,0
5.981984,-2.154438,19.585970,5.982412,-1396.134000,1,10.000000,2.188005,0
6.067896,-1.859045,17.518290,5.213488,-1376.186000,1,10.000000,2.243836,0
6.080730,-1.939302,18.579070,5.571795,-1391.828000,1,10.000000,2.192869,0
5.695794,-1.905975,18.012990,5.620805,-1395.911000,1,10.000000,2.550736,0
5.666684,-1.856052,16.491700,5.104469,-1366.352000,1,10.000000,2.598650,0
5.838400,-2.061747,19.373260,5.894562,-1404.539000,1,10.000000,2.356445,0
5.633362,-1.915480,17.409150,5.256038,-1380.489000,1,10.000000,2.603298,0
5.800685,-1.837560,15.817770,4.489100,175.822400,0,10.000000,2.487620,0
5.298872,-1.897394,15.562670,4.946205,170.028600,0,10.000000,2.917505,0
5.271296,-1.954675,16.400650,5.305481,-1368.119000,1,10.000000,2.922076,0
5.459928,-1.990895,17.666130,5.495923,-1385.509000,1,10.000000,2.733177,0
5.493086,-1.846076,16.268050,4.899213,-1364.995000,1,10.000000,2.759738,0
5.206318,-2.122061,17.807160,5.875855,-1393.754000,1,10.000000,2.928385,0
5.463707,-1.901786,17.671690,5.626966,-1396.424000,1,10.000000,2.763848,0
5.511736,-2.069234,18.862840,5.882864,-1403.564000,1,10.000000,2.656648,0
5.509449,-1.965150,16.731420,5.290934,-1366.907000,1,10.000000,2.696991,0
5.272633,-1.916957,16.413750,5.133055,-1369.492000,1,10.000000,2.934538,0
5.523428,-1.889640,16.309050,4.840342,-1360.101000,1,10.000000,2.714094,0
5.327941,-2.032088,16.033940,4.866580,177.415900,0,10.000000,2.841962,0
5.156552,-2.235938,18.898450,5.999956,-1398.365000,1,10.000000,2.944314,0
5.254065,-2.251090,19.690910,6.370903,-1414.363000,1,10.000000,2.846230,0
5.474221,-1.876220,16.242550,4.858478,-1361.609000,1,10.000000,2.764497,0
5.115698,-2.279973,18.220260,6.029062,-1384.270000,1,10.000000,2.972816,0
5.402156,-1.844594,16.593640,5.233560,147.639500,0,10.000000,2.843194,0
5.157497,-2.193591,17.209950,5.426356,-1363.970000,1,10.000000,2.954677,0
5.440880,-2.010077,18.172610,5.829604,-1398.358000,1,10.000000,2.743910,0
5.413081,-2.032232,17.083350,5.311235,-1369.361000,1,10.000000,2.762014,0
5.379109,-2.289588,18.643980,5.771241,-1378.509000,1,10.000000,2.715466,0
5.401048,-1.959188,17.579540,5.542552,-1389.393000,1,10.000000,2.799615,0
5.275764,-2.157495,17.922430,5.606243,-1379.733000,1,10.000000,2.851540,0
5.556726,-1.861390,16.819120,4.994412,-1373.671000,1,10.000000,2.695555,0
5.472486,-2.083683,19.408010,6.245529,-1418.861000,1,10.000000,2.688488,0
5.482402,-1.887943,17.193490,5.295377,-1383.763000,1,10.000000,2.752267,0
5.299667,-1.903651,15.164650,4.620190,180.650600,0,10.000000,2.914409,0
5.361888,-1.935073,17.021320,5.228048,-1378.160000,1,10.000000,2.844943,0
5.944632,-2.018784,18.935860,5.816410,-1397.257000,1,10.000000,2.277570,0
6.040836,-1.887836,17.480700,5.173502,-1372.858000,1,10.000000,2.252827,0
5.828766,-2.101374,18.760310,5.691274,-1386.823000,1,10.000000,2.349848,0
5.820610,-2.015984,18.196540,5.459028,-1382.435000,1,10.000000,2.391240,0
6.015079,-2.092510,19.649320,5.846495,-1400.531000,1,10.000000,2.182533,0
5.795830,-1.883283,17.641240,5.302034,-1384.317000,1,10.000000,2.470916,0
5.720804,-2.031705,17.522960,5.311989,-1369.424000,1,10.000000,2.476354,0
5.841614,-1.852646,15.870240,4.469759,177.428700,0,10.000000,2.444392,0
5.810382,-1.947281,17.662030,5.210609,-1376.709000,1,10.000000,2.429535,0
5.967354,-2.131593,19.563110,6.018109,-1399.114000,1,10.000000,2.210380,0
5.916046,-1.946134,17.812980,5.212245,-1376.845000,1,10.000000,2.335272,0
5.892054,-1.926292,17.778700,5.240593,-1379.204000,1,10.000000,2.365647,0
6.096383,-2.065037,18.602090,5.386891,-1376.426000,1,10.000000,2.120828,0
6.108486,-1.860225,18.630840,5.469091,-1398.982000,1,10.000000,2.208373,0
6.209643,-1.856456,18.768630,5.693788,-1382.959000,1,10.000000,2.124399,0
6.155508,-1.978862,18.143970,5.387479,-1375.712000,1,10.000000,2.108287,0
5.834155,-1.870688,16.278070,4.759846,-1352.648000,1,10.000000,2.442587,0
5.782047,-2.078094,19.285200,5.869020,-1402.409000,1,10.000000,2.401921,0
5.888561,-2.110959,19.451640,5.817668,-1398.127000,1,10.000000,2.290975,0
5.960771,-1.886577,17.369500,5.175250,-1373.004000,1,10.000000,2.323395,0
5.911749,-1.902136,16.833810,4.823456,-1358.697000,1,10.000000,2.359257,0
5.979670,-1.967888,18.430530,5.529742,-1387.532000,1,10.000000,2.268698,0
5.738695,-2.047996,18.623840,5.772149,-1393.567000,1,10.000000,2.453531,0
5.955510,-1.969772,17.858250,5.400464,-1376.793000,1,10.000000,2.289391,0
6.067648,-1.848485,16.160030,4.475093,176.985700,0,10.000000,2.249437,0
6.072208,-2.073307,19.738580,5.876499,-1403.033000,1,10.000000,2.138958,0
6.129789,-1.841092,16.667060,4.798787,166.563800,0,10.000000,2.200172,0
6.115337,-1.834951,18.097680,5.371080,-1390.063000,1,10.000000,2.215693,0
6.291939,-1.873067,18.900620,5.450204,-1397.411000,1,10.000000,2.046326,0
6.080681,-1.970252,18.579000,5.526282,-1388.037000,1,10.000000,2.178111,0
6.110834,-2.008494,19.198970,5.606371,-1395.473000,1,10.000000,2.133549,0
6.271570,-1.998518,19.431230,5.847118,-1399.818000,1,10.000000,1.997608,0
6.217243,-2.020938,18.779820,5.451742,-1381.828000,1,10.000000,2.033909,0
6.335378,-1.901703,18.412020,5.275719,-1382.127000,1,10.000000,1.994297,0
6.303620,-1.889543,17.363370,4.840473,-1360.111000,1,10.000000,2.027515,0
6.115701,-1.996196,18.087100,5.362716,-1373.649000,1,10.000000,2.134996,0
6.364929,-1.842683,18.454240,5.360035,-1389.143000,1,10.000000,2.003207,0
6.182895,-1.882861,18.729320,5.654796,-1398.743000,1,10.000000,2.133043,0
6.070177,-2.106519,19.723770,6.057288,-1402.384000,1,10.000000,2.126623,0
6.399596,-1.923020,19.058940,5.376746,-1391.297000,1,10.000000,1.929036,0
5.353681,-2.056552,16.986940,5.507728,-1369.991000,1,10.000000,2.809466,0
5.531587,-2.180380,18.882230,5.941880,-1392.751000,1,10.000000,2.600930,0
5.399833,-1.951123,16.590420,5.085603,-1365.544000,1,10.000000,2.803750,0
5.373694,-2.104050,19.248670,6.212679,-1416.119000,1,10.000000,2.774925,0
5.319263,-1.960646,16.949330,5.413502,-1377.879000,1,10.000000,2.875171,0
5.497948,-1.849478,16.274620,4.894615,-1364.613000,1,10.000000,2.753900,0
5.295135,-2.125243,17.412360,5.526868,-1372.351000,1,10.000000,2.842798,0
5.557022,-1.897377,17.808910,5.633451,-1396.965000,1,10.000000,2.680284,0
5.398003,-2.187561,18.095870,5.796127,-1379.821000,1,10.000000,2.725884,0
5.447984,-1.937256,16.196160,4.994732,-1357.220000,1,10.000000,2.764455,0
5.481318,-2.247835,18.803680,5.836480,-1383.954000,1,10.000000,2.628595,0
5.435369,-2.273383,18.731890,5.796562,-1380.622000,1,10.000000,2.665578,0
5.302766,-2.330335,19.122260,6.087888,-1389.951000,1,10.000000,2.779123,0
5.632236,-1.996570,16.913200,5.022481,-1360.291000,1,10.000000,2.571610,0
5.458775,-1.981682,16.672280,5.043161,163.483700,0,10.000000,2.737663,0
5.443445,-1.966434,16.190020,4.955303,170.032900,0,10.000000,2.757577,0
5.630036,-2.117740,19.036050,6.039755,-1400.920000,1,10.000000,2.528856,0
5.491187,-2.029233,18.830730,5.945365,-1408.775000,1,10.000000,2.690080,0
5.694932,-1.898215,16.094880,4.723626,172.812200,0,10.000000,2.554852,0
5.591262,-2.130487,18.389010,5.890944,-1374.340000,1,10.000000,2.560873,0
5.566760,-2.213939,19.560070,6.035438,-1401.326000,1,10.000000,2.557059,0
5.400483,-2.078039,18.689010,5.869107,-1402.417000,1,10.000000,2.758170,0
6.114173,-1.940324,19.204030,5.709659,-1404.077000,1,10.000000,2.163158,0
6.081286,-1.998440,19.142920,5.847235,-1399.828000,1,10.000000,2.164390,0
5.635656,-1.924347,16.449770,5.012178,-1358.672000,1,10.000000,2.597528,0
5.570358,-2.276071,19.553870,6.175412,-1397.263000,1,10.000000,2.535199,0
5.640200,-1.865187,16.022860,4.767083,169.199500,0,10.000000,2.618484,0
5.495183,-1.890828,15.832050,4.733345,172.004200,0,10.000000,2.739411,0
5.593855,-2.002090,16.859890,5.014816,-1359.653000,1,10.000000,2.604872,0
5.556496,-2.045757,18.347780,5.775542,-1393.850000,1,10.000000,2.623221,0
5.476477,-2.202277,19.414450,6.054248,-1402.896000,1,10.000000,2.646607,0
5.554677,-1.937561,17.285640,5.446481,-1380.626000,1,10.000000,2.666155,0
5.615278,-2.143489,19.024630,5.766840,-1393.889000,1,10.000000,2.533873,0
5.593999,-1.989617,18.404600,5.860603,-1400.942000,1,10.000000,2.609543,0
5.563650,-2.068297,18.943960,5.884328,-1403.686000,1,10.000000,2.608423,0
5.585848,-1.833296,16.382370,5.136001,174.386300,0,10.000000,2.681292,0
5.388849,-2.037636,17.550170,5.655702,-1383.093000,1,10.000000,2.782850,0
5.704348,-1.857225,18.025690,5.692126,-1385.061000,1,10.000000,2.564362,0
5.452665,-1.975245,16.652560,5.276913,159.756300,0,10.000000,2.745731,0
5.454505,-1.920964,16.204970,5.016749,-1359.052000,1,10.000000,2.764754,0
5.515415,-2.193294,19.477260,6.068736,-1404.105000,1,10.000000,2.612267,0
5.566548,-1.988261,17.302600,5.374052,-1374.593000,1,10.000000,2.635394,0
5.464318,-1.979218,18.208290,5.887782,-1387.134000,1,10.000000,2.733437,0
5.514923,-1.995801,17.747000,5.488708,-1384.908000,1,10.000000,2.680303,0
5.459575,-1.903972,16.211830,5.039711,-1360.963000,1,10.000000,2.766774,0
5.465752,-2.060481,18.210290,5.753232,-1391.990000,1,10.000000,2.702796,0
5.214045,-2.233832,19.624220,6.399664,-1416.765000,1,10.000000,2.889387,0
5.227113,-2.142748,17.312330,5.501126,-1370.204000,1,10.000000,2.902376,0
5.210255,-2.368997,19.605490,6.422583,-1402.923000,1,10.000000,2.860218,0
5.394062,-1.907284,17.056390,5.499822,-1369.950000,1,10.000000,2.825764,0
5.367840,-2.089499,17.519280,5.579433,-1376.734000,1,10.000000,2.785189,0
5.490906,-1.854815,16.716910,5.219364,-1376.674000,1,10.000000,2.758079,0
5.310082,-2.144441,18.536130,5.998034,-1397.438000,1,10.000000,2.822701,0
5.346153,-2.064559,16.504620,5.152866,170.089200,0,10.000000,2.813886,0
5.459716,-1.823925,16.673590,5.262267,-1380.245000,1,10.000000,2.799320,0
5.435493,-1.927634,16.179280,5.007736,-1358.302000,1,10.000000,2.779688,0
5.294603,-2.149119,17.950970,5.618933,-1380.792000,1,10.000000,2.836048,0
5.975937,-2.104291,18.983300,5.686854,-1386.455000,1,10.000000,2.213397,0
6.220630,-1.917688,17.730420,5.132040,-1369.408000,1,10.000000,2.082680,0
5.992413,-2.020022,19.008260,5.814535,-1397.101000,1,10.000000,2.234001,0
5.979744,-2.126406,19.582470,6.026214,-1399.790000,1,10.000000,2.201046,0
5.819907,-2.028204,18.195510,5.441056,-1380.938000,1,10.000000,2.386879,0
5.905311,-1.986964,18.887570,5.638991,-1398.190000,1,10.000000,2.326792,0
5.876557,-1.873792,17.756570,5.315593,-1385.445000,1,10.000000,2.403613,0
5.769451,-2.184980,19.253890,5.934692,-1392.151000,1,10.000000,2.374785,0
5.705483,-2.184050,19.153940,5.936144,-1392.273000,1,10.000000,2.435278,0
5.850199,-1.942849,18.240060,5.566578,-1391.394000,1,10.000000,2.395665,0
5.738975,-2.133124,18.624260,5.643168,-1382.812000,1,10.000000,2.421510,0
5.801471,-1.970694,17.638200,5.399149,-1376.684000,1,10.000000,2.427550,0
5.968922,-2.085556,19.577200,5.857361,-1401.437000,1,10.000000,2.227439,0
6.044672,-1.911891,19.098720,5.752738,-1407.665000,1,10.000000,2.237697,0
6.235409,-2.072862,19.376440,5.734476,-1390.425000,1,10.000000,1.993331,0
6.271893,-1.965594,18.860190,5.533132,-1388.608000,1,10.000000,2.014039,0
6.420717,-1.953090,18.533940,5.202309,-1376.018000,1,10.000000,1.894771,0
6.408506,-1.886360,17.505100,4.844776,-1360.469000,1,10.000000,1.942433,0
6.306679,-1.980273,19.495700,5.649129,-1399.035000,1,10.000000,1.976659,0
6.081513,-2.057508,18.580220,5.397964,-1377.349000,1,10.000000,2.137495,0
6.116926,-1.972974,17.586380,5.055254,-1363.018000,1,10.000000,2.144936,0
6.237556,-1.945519,19.390970,5.701787,-1403.421000,1,10.000000,2.053811,0
5.341054,-2.176083,17.479890,5.452104,-1366.117000,1,10.000000,2.783673,0
5.554775,-1.919834,17.285770,5.471805,-1382.736000,1,10.000000,2.673179,0
5.503319,-2.134365,19.457740,6.163784,-1412.039000,1,10.000000,2.642488,0
5.366443,-2.206467,19.236980,6.047491,-1402.332000,1,10.000000,2.750513,0
5.465613,-2.065249,17.674490,5.386579,-1376.401000,1,10.000000,2.701273,0
5.378987,-2.038342,17.535670,5.654664,-1383.006000,1,10.000000,2.791862,0
5.479235,-1.848427,15.811060,4.789136,167.366200,0,10.000000,2.771349,0
5.440577,-1.877318,16.647010,5.188111,-1374.074000,1,10.000000,2.794828,0
5.324509,-2.076756,19.169340,6.256700,-1419.794000,1,10.000000,2.830306,0
5.296828,-2.202740,17.942570,5.773129,-1377.901000,1,10.000000,2.818290,0
5.662325,-1.857050,16.051980,4.777790,168.309300,0,10.000000,2.602126,0
5.662432,-1.976462,18.508940,5.882355,-1393.997000,1,10.000000,2.551834,0
5.547507,-2.259721,19.529010,5.961596,-1395.163000,1,10.000000,2.561784,0
5.873540,-2.113197,18.828150,5.673360,-1385.330000,1,10.000000,2.303964,0
5.798968,-2.049157,19.311640,5.914235,-1406.179000,1,10.000000,2.397633,0
5.779491,-1.962381,18.696930,5.676240,-1401.293000,1,10.000000,2.450982,0
5.933679,-1.855901,16.863440,4.885935,-1363.891000,1,10.000000,2.361916,0
5.901864,-1.893170,18.882350,5.781105,-1410.028000,1,10.000000,2.372182,0
5.899889,-1.945998,18.313130,5.561949,-1391.008000,1,10.000000,2.349763,0
5.901781,-1.875116,16.809400,5.078706,-1364.208000,1,10.000000,2.380733,0
5.901898,-2.087226,19.472470,5.854751,-1401.220000,1,10.000000,2.288053,0
5.589234,-2.237999,19.596320,5.996631,-1398.087000,1,10.000000,2.528327,0
5.581092,-2.197524,19.583190,6.061914,-1403.536000,1,10.000000,2.548546,0
5.718100,-1.988406,18.603920,5.636807,-1398.008000,1,10.000000,2.496075,0
5.917384,-1.855717,17.814890,5.341415,-1387.594000,1,10.000000,2.376273,0
5.721837,-1.853505,16.577170,4.889174,159.811100,0,10.000000,2.550388,0
5.592261,-2.149025,19.601200,6.140139,-1410.065000,1,10.000000,2.553696,0
5.684176,-2.017045,17.995900,5.457467,-1382.305000,1,10.000000,2.515799,0
5.567525,-2.178414,18.364490,5.574545,-1377.090000,1,10.000000,2.567477,0
5.457015,-1.939141,16.208270,4.992943,166.923400,0,10.000000,2.755394,0
5.716200,-1.835416,17.029820,5.246308,-1378.917000,1,10.000000,2.563591,0
5.689833,-1.894552,17.489810,5.285936,-1382.977000,1,10.000000,2.561033,0
5.340405,-2.226797,18.583500,5.869352,-1386.698000,1,10.000000,2.769710,0
5.451616,-1.975160,16.651100,5.277031,159.746500,0,10.000000,2.746736,0
5.351568,-2.201345,18.025510,5.775241,-1378.078000,1,10.000000,2.766232,0
5.492943,-1.888904,16.719740,5.172019,-1372.735000,1,10.000000,2.742238,0
5.695293,-1.876849,16.541300,4.857629,-1361.538000,1,10.000000,2.563814,0
5.581424,-1.882978,15.945530,4.743674,171.145600,0,10.000000,2.664066,0
5.728353,-1.853762,16.575040,5.107563,-1366.609000,1,10.000000,2.544453,0
5.544690,-1.931740,15.897190,4.679514,176.479300,0,10.000000,2.677635,0
6.387670,-1.896991,19.041410,5.415023,-1394.483000,1,10.000000,1.953520,0
6.101223,-1.903252,18.620150,5.405817,-1393.717000,1,10.000000,2.192764,0
6.219119,-1.897188,17.249170,4.830142,-1359.253000,1,10.000000,2.094691,0
6.173535,-1.980520,18.715550,5.511181,-1386.779000,1,10.000000,2.091725,0
6.421196,-1.859494,19.090700,5.470166,-1399.072000,1,10.000000,1.947659,0
5.477938,-2.137185,18.810040,5.776690,-1394.711000,1,10.000000,2.665566,0
5.582613,-2.110334,17.835120,5.548792,-1374.179000,1,10.000000,2.575901,0
5.516807,-1.962743,17.749770,5.537323,-1388.957000,1,10.000000,2.691124,0
5.764211,-1.849988,17.096500,5.226068,-1377.233000,1,10.000000,2.514216,0
5.740834,-1.976362,19.220810,6.027977,-1415.664000,1,10.000000,2.480255,0
5.627566,-2.123631,18.455460,5.657552,-1384.011000,1,10.000000,2.529123,0
5.548474,-2.156049,19.530580,6.128809,-1409.119000,1,10.000000,2.592727,0
5.520326,-2.017025,17.743770,5.695549,-1371.930000,1,10.000000,2.667400,0
5.609107,-2.057387,17.874080,5.626655,-1380.671000,1,10.000000,2.569998,0
5.517442,-1.919855,17.243550,5.249789,-1379.969000,1,10.000000,2.707362,0
5.413162,-2.113801,18.697190,6.045909,-1401.434000,1,10.000000,2.734425,0
5.555284,-2.104355,19.553050,5.982443,-1412.632000,1,10.000000,2.603616,0
5.738506,-1.984643,18.634840,5.642509,-1398.484000,1,10.000000,2.478973,0
5.423277,-2.300126,19.316640,6.136614,-1394.022000,1,10.000000,2.670079,0
5.724151,-1.865904,17.538840,5.326861,-1386.383000,1,10.000000,2.542767,0
5.615101,-1.939399,17.383050,5.221869,-1377.646000,1,10.000000,2.610099,0
5.879312,-1.886797,17.256360,5.174945,-1372.978000,1,10.000000,2.395108,0
6.032719,-1.864197,16.539340,4.768386,169.091200,0,10.000000,2.271617,0
5.675447,-2.255670,19.723360,6.208317,-1400.012000,1,10.000000,2.440814,0
6.046425,-2.029346,18.528620,5.439377,-1380.798000,1,10.000000,2.181427,0
5.966519,-1.858254,16.896880,5.101493,-1366.104000,1,10.000000,2.332087,0
6.055125,-1.845502,19.114560,5.853328,-1416.044000,1,10.000000,2.261726,0
5.358492,-2.015160,16.521760,5.221475,-1361.121000,1,10.000000,2.819126,0
5.520791,-2.089132,19.485930,6.236740,-1418.128000,1,10.000000,2.641242,0
5.604228,-1.940934,16.407300,4.989763,167.165200,0,10.000000,2.619416,0
5.262815,-2.276105,19.057830,6.175356,-1397.258000,1,10.000000,2.831290,0
5.584485,-1.990511,17.849300,5.496489,-1385.556000,1,10.000000,2.617972,0
5.432843,-1.873371,15.335380,4.659009,177.423400,0,10.000000,2.803496,0
5.392973,-1.992866,16.569650,5.252439,-1363.701000,1,10.000000,2.794800,0
5.570818,-1.864651,16.838690,4.989882,-1373.294000,1,10.000000,2.681406,0
5.425789,-2.217503,19.321080,6.278081,-1392.572000,1,10.000000,2.690514,0
5.456576,-2.151269,19.382360,6.136518,-1409.763000,1,10.000000,2.681296,0
5.219319,-2.299434,19.633000,6.290328,-1407.631000,1,10.000000,2.867573,0
5.571228,-2.043469,17.297800,5.526433,-1354.871000,1,10.000000,2.610342,0
5.531062,-1.998173,18.320530,5.622008,-1396.776000,1,10.000000,2.664454,0
5.379580,-2.240494,19.246160,6.232794,-1402.057000,1,10.000000,2.728269,0
5.267862,-2.125706,17.910460,5.654406,-1383.749000,1,10.000000,2.868618,0
5.556798,-2.212002,19.533320,6.268040,-1405.282000,1,10.000000,2.567135,0
6.206166,-1.985330,19.332130,5.867098,-1401.484000,1,10.000000,2.060921,0
6.124496,-2.108563,19.820280,5.821411,-1398.439000,1,10.000000,2.076577,0
6.102493,-1.866211,18.079330,5.326422,-1386.346000,1,10.000000,2.210432,0
5.493098,-2.033503,18.251720,5.794109,-1395.398000,1,10.000000,2.686759,0
5.364407,-2.018453,16.529980,5.216901,-1360.740000,1,10.000000,2.812434,0
5.301207,-2.013694,17.960980,5.824122,-1397.900000,1,10.000000,2.873375,0
5.234193,-2.087708,16.827800,5.231984,-1362.759000,1,10.000000,2.912381,0
5.402014,-2.072706,18.691400,5.877439,-1403.111000,1,10.000000,2.758515,0
5.259673,-1.930068,15.941690,5.004447,165.943300,0,10.000000,2.941793,0
5.298605,-2.329336,19.765150,6.240490,-1403.467000,1,10.000000,2.783402,0
5.283187,-2.069107,17.933670,5.740162,-1390.900000,1,10.000000,2.871870,0
5.421548,-2.084624,17.095450,5.236391,-1363.126000,1,10.000000,2.736115,0
5.224622,-2.092680,18.403520,6.075849,-1398.814000,1,10.000000,2.919923,0
5.222681,-1.986957,15.880320,5.155056,169.144800,0,10.000000,2.956308,0
5.604990,-2.052706,17.868030,5.633540,-1381.245000,1,10.000000,2.575547,0
5.697309,-1.919440,16.533080,5.018810,-1359.224000,1,10.000000,2.543618,0
5.717185,-2.096362,19.183860,5.840477,-1400.029000,1,10.000000,2.455159,0
5.735364,-2.029432,17.543760,5.315235,-1369.694000,1,10.000000,2.463854,0
5.622987,-2.003012,17.905920,5.478104,-1384.024000,1,10.000000,2.577630,0
6.211658,-1.865557,18.782560,5.461250,-1398.329000,1,10.000000,2.117812,0
6.121657,-1.901978,17.592870,5.154516,-1371.259000,1,10.000000,2.175735,0
6.299338,-2.019758,19.484580,5.589304,-1394.051000,1,10.000000,1.962937,0
6.289955,-1.967253,19.470360,5.668858,-1400.678000,1,10.000000,1.997704,0
6.316834,-1.882268,18.385530,5.303484,-1384.438000,1,10.000000,2.020488,0
6.234019,-2.005974,19.385610,5.610189,-1395.791000,1,10.000000,2.026519,0
6.158938,-1.932406,18.694080,5.581937,-1392.673000,1,10.000000,2.128207,0
6.200791,-1.933021,18.208660,5.452966,-1381.167000,1,10.000000,2.091793,0
6.384483,-1.839805,18.482170,5.364146,-1389.485000,1,10.000000,1.988956,0
6.352836,-2.019711,19.565640,5.589375,-1394.057000,1,10.000000,1.916798,0
6.228407,-1.852218,17.752010,5.007152,-1374.730000,1,10.000000,2.110911,0
6.142975,-1.999079,18.670610,5.483887,-1384.506000,1,10.000000,2.109593,0
6.369353,-1.963915,19.590660,5.673915,-1401.099000,1,10.000000,1.931963,0
6.197826,-1.878938,18.751270,5.660566,-1399.223000,1,10.000000,2.122407,0
6.150980,-2.132453,19.861670,5.784084,-1395.327000,1,10.000000,2.042428,0
6.151600,-1.973449,19.260730,5.659471,-1399.896000,1,10.000000,2.114330,0
6.349450,-1.874072,19.571300,5.594221,-1410.159000,1,10.000000,1.998006,0
6.263757,-1.959889,18.309710,5.192597,-1375.210000,1,10.000000,2.023950,0
5.787862,-1.915233,17.629860,5.256391,-1380.519000,1,10.000000,2.463792,0
5.924778,-1.955586,19.508220,6.060438,-1418.370000,1,10.000000,2.323219,0
5.759491,-1.912124,17.089940,5.139768,-1370.051000,1,10.000000,2.490653,0
5.990557,-1.874781,17.919420,5.314180,-1385.328000,1,10.000000,2.303037,0
5.651329,-2.216464,19.685030,6.276186,-1394.975000,1,10.000000,2.475921,0
5.988778,-1.873405,18.454800,5.449708,-1397.369000,1,10.000000,2.305262,0
5.788009,-2.033020,19.294520,5.939449,-1408.282000,1,10.000000,2.414116,0
5.855145,-1.932966,18.811560,5.720806,-1405.005000,1,10.000000,2.395614,0
5.147208,-2.245820,18.281640,5.839629,-1384.217000,1,10.000000,2.950798,0
5.520607,-1.940723,17.248060,5.219977,-1377.488000,1,10.000000,2.696194,0
5.452989,-1.833364,15.776530,4.808955,165.718600,0,10.000000,2.801483,0
5.295573,-2.216647,17.940670,5.752057,-1376.143000,1,10.000000,2.815593,0
5.209723,-2.118632,18.390950,5.805681,-1397.128000,1,10.000000,2.926167,0
5.296926,-2.004323,16.436250,5.236527,163.120500,0,10.000000,2.880622,0
5.349232,-1.971160,17.503340,5.524945,-1387.926000,1,10.000000,2.843428,0
5.465417,-1.987037,16.219720,4.927460,172.349700,0,10.000000,2.729506,0
5.282336,-1.943283,15.551990,4.664326,177.742000,0,10.000000,2.915879,0
5.170371,-2.254546,19.551430,6.365141,-1413.881000,1,10.000000,2.926175,0
5.455855,-1.942144,16.657620,5.323876,163.643900,0,10.000000,2.755310,0
5.881821,-1.847158,16.340780,4.790807,-1355.222000,1,10.000000,2.411582,0
5.762644,-1.869127,16.183970,4.761900,169.630400,0,10.000000,2.506917,0
5.539909,-2.258756,19.516760,5.963152,-1395.293000,1,10.000000,2.569336,0
5.636680,-1.958876,16.908130,5.299648,-1367.633000,1,10.000000,2.582484,0
5.594129,-2.010973,16.849030,5.227290,-1361.606000,1,10.000000,2.601229,0
5.660741,-1.922972,17.448250,5.245335,-1379.599000,1,10.000000,2.575291,0
5.862023,-2.096658,19.410170,5.840013,-1399.991000,1,10.000000,2.320985,0
5.611778,-2.135811,18.431540,5.639096,-1382.473000,1,10.000000,2.539769,0
5.599521,-2.032128,18.412970,5.796193,-1395.572000,1,10.000000,2.588258,0
5.811967,-1.963517,19.331950,6.048047,-1417.337000,1,10.000000,2.421112,0
5.445107,-2.130456,18.167570,5.890887,-1374.411000,1,10.000000,2.698811,0
5.696974,-1.939523,16.992930,5.319105,-1368.098000,1,10.000000,2.535456,0
5.678542,-2.050201,18.532700,5.768810,-1393.288000,1,10.000000,2.508244,0
5.864738,-2.019130,18.826090,5.590257,-1394.131000,1,10.000000,2.349777,0
5.573152,-2.263122,19.558370,6.196298,-1399.008000,1,10.000000,2.536253,0
5.563263,-2.237157,19.542420,6.238176,-1402.507000,1,10.000000,2.553354,0
5.896298,-1.880177,17.784770,5.306472,-1384.686000,1,10.000000,2.383184,0
5.682233,-2.165539,18.538290,5.594054,-1378.717000,1,10.000000,2.463406,0
5.870725,-1.875029,16.326180,4.754134,170.276000,0,10.000000,2.408189,0
5.724142,-1.860491,17.538800,5.334860,-1387.041000,1,10.000000,2.545193,0
5.625849,-2.115229,19.041150,5.810997,-1397.571000,1,10.000000,2.533656,0
5.954565,-1.947203,19.554760,6.073537,-1419.463000,1,10.000000,2.300475,0
5.545226,-2.072319,18.915170,5.878045,-1403.162000,1,10.000000,2.624216,0
5.612480,-1.995674,16.885760,5.023726,-1360.394000,1,10.000000,2.590159,0
5.615431,-1.946027,16.889860,5.092681,-1366.133000,1,10.000000,2.607111,0
5.509950,-1.996994,17.739690,5.486954,-1384.761000,1,10.000000,2.684469,0
5.729118,-1.925207,16.576070,5.011016,-1358.575000,1,10.000000,2.512387,0
5.559217,-2.011440,17.812140,5.465711,-1382.992000,1,10.000000,2.633377,0
5.617513,-2.049669,17.897870,5.409491,-1378.309000,1,10.000000,2.565029,0
5.604504,-1.945774,15.975900,4.661048,178.014500,0,10.000000,2.617211,0
5.792538,-1.835753,17.636530,5.369934,-1389.967000,1,10.000000,2.495668,0
5.496978,-2.088579,18.257600,5.710660,-1388.440000,1,10.000000,2.663796,0
5.346416,-2.297269,19.192670,6.141222,-1394.406000,1,10.000000,2.745058,0
5.305054,-2.052302,17.438370,5.405620,-1377.986000,1,10.000000,2.856723,0
5.533274,-1.959117,17.255060,5.415687,-1378.062000,1,10.000000,2.677345,0
5.543242,-1.846691,15.090000,4.384589,183.742300,0,10.000000,2.713997,0
6.107383,-1.859036,17.583920,4.997682,-1373.943000,1,10.000000,2.209932,0
6.121372,-1.924433,18.638840,5.593661,-1393.650000,1,10.000000,2.164737,0
5.985523,-1.978553,17.901130,5.387920,-1375.749000,1,10.000000,2.258644,0
6.150461,-1.868209,18.692570,5.457349,-1398.005000,1,10.000000,2.168351,0
5.918093,-2.005511,18.895650,5.836522,-1398.934000,1,10.000000,2.307238,0
5.750616,-2.181262,19.224460,5.940502,-1392.636000,1,10.000000,2.393754,0
6.088155,-1.872445,18.589990,5.670114,-1400.019000,1,10.000000,2.219579,0
5.454103,-2.014920,17.646740,5.691638,-1376.966000,1,10.000000,2.729830,0
5.512445,-2.055838,17.743360,5.400420,-1377.553000,1,10.000000,2.660709,0
5.659070,-2.022635,18.503190,5.810577,-1396.771000,1,10.000000,2.536769,0
5.461949,-1.980101,16.215030,4.936835,171.569600,0,10.000000,2.735305,0
5.614659,-1.952973,17.371320,5.424464,-1378.793000,1,10.000000,2.605018,0
5.488733,-1.953660,16.702650,5.306891,157.259200,0,10.000000,2.720531,0
5.646408,-1.936975,16.923110,5.314465,-1374.163000,1,10.000000,2.582522,0
5.462343,-1.951952,16.215560,4.974874,-1355.567000,1,10.000000,2.745561,0
5.428946,-2.137852,17.609140,5.508325,-1370.804000,1,10.000000,2.711756,0
5.567729,-1.903781,16.357980,5.039969,-1360.984000,1,10.000000,2.667890,0
5.457944,-2.162078,17.651780,5.472697,-1367.834000,1,10.000000,2.676595,0
5.422880,-1.969292,16.611190,5.285180,159.067700,0,10.000000,2.775591,0
5.724535,-1.853855,17.041400,5.220698,-1376.785000,1,10.000000,2.547821,0
6.333584,-1.830883,18.409460,5.376891,-1390.546000,1,10.000000,2.035627,0
6.352658,-1.878923,17.913790,5.185881,-1373.888000,1,10.000000,1.992624,0
6.303893,-1.987726,18.907250,5.500583,-1385.897000,1,10.000000,1.975216,0
6.371495,-1.944899,19.593910,5.702728,-1403.500000,1,10.000000,1.940429,0
6.155159,-2.057938,18.688530,5.397330,-1377.296000,1,10.000000,2.071453,0
5.993694,-1.911638,18.451080,5.612477,-1395.218000,1,10.000000,2.282497,0
5.944431,-2.011190,18.368430,5.684712,-1385.872000,1,10.000000,2.281032,0
5.824589,-1.966844,17.180360,5.063769,-1363.727000,1,10.000000,2.408282,0
5.720963,-1.996394,17.523190,5.362433,-1373.626000,1,10.000000,2.490228,0
5.816590,-1.906655,18.190630,5.619805,-1395.828000,1,10.000000,2.441861,0
5.700134,-2.111122,19.157220,5.817414,-1398.106000,1,10.000000,2.465662,0
6.205397,-1.883112,17.709260,5.180063,-1373.404000,1,10.000000,2.113774,0
6.282639,-2.023282,18.876000,5.448297,-1381.541000,1,10.000000,1.975679,0
6.397429,-1.956825,19.044800,5.546027,-1389.682000,1,10.000000,1.912184,0
6.084597,-2.119025,19.746300,6.037745,-1400.753000,1,10.000000,2.108289,0
6.457680,-1.856345,18.586740,5.340517,-1387.519000,1,10.000000,1.920077,0
5.366164,-2.160904,17.516810,5.474425,-1367.978000,1,10.000000,2.764267,0
5.545627,-2.048054,18.915790,5.915958,-1406.323000,1,10.000000,2.632518,0
5.484643,-2.094677,19.439110,5.998052,-1413.934000,1,10.000000,2.673319,0
5.713803,-1.839264,17.524060,5.364919,-1389.550000,1,10.000000,2.563982,0
5.480803,-1.972209,16.702880,5.056317,162.388900,0,10.000000,2.720792,0
5.659788,-1.843940,16.493320,4.902099,-1365.235000,1,10.000000,2.610185,0
6.447409,-2.030726,19.708930,5.572687,-1392.667000,1,10.000000,1.830309,0
6.424937,-1.844629,18.024970,5.017692,-1375.606000,1,10.000000,1.953383,0
5.731213,-2.079623,18.612500,5.724229,-1389.571000,1,10.000000,2.448365,0
5.950627,-1.837526,17.355410,5.243377,-1378.673000,1,10.000000,2.356114,0
5.958860,-1.887750,17.366850,5.173622,-1372.868000,1,10.000000,2.324511,0
5.782013,-2.027927,19.285150,5.947406,-1408.945000,1,10.000000,2.421651,0
5.855539,-2.022786,18.236480,5.677539,-1384.914000,1,10.000000,2.356620,0
5.944881,-2.015386,18.936240,5.821558,-1397.687000,1,10.000000,2.278811,0
5.812143,-1.952774,19.332230,6.064833,-1418.736000,1,10.000000,2.425573,0
5.686833,-2.076139,19.136430,5.872075,-1402.664000,1,10.000000,2.490835,0
5.766327,-2.043752,18.665700,5.778580,-1394.103000,1,10.000000,2.429754,0
5.559492,-2.052557,19.549580,6.286885,-1421.230000,1,10.000000,2.617963,0
5.748143,-1.839746,16.612720,4.907766,-1365.706000,1,10.000000,2.533190,0
5.733581,-2.092227,19.209480,5.846938,-1400.568000,1,10.000000,2.441456,0
5.669387,-1.911614,17.974160,5.612514,-1395.221000,1,10.000000,2.572225,0
5.685248,-1.941326,17.472170,5.441100,-1380.178000,1,10.000000,2.545362,0
5.630524,-1.884821,16.010130,4.741249,171.347100,0,10.000000,2.618786,0
5.507892,-2.074000,17.725230,5.602225,-1378.634000,1,10.000000,2.658586,0
5.678720,-1.953997,17.473940,5.201015,-1375.910000,1,10.000000,2.546068,0
5.614171,-2.111222,18.435170,5.676353,-1385.579000,1,10.000000,2.545999,0
5.582338,-1.923096,15.946730,4.690886,175.533900,0,10.000000,2.646660,0
6.115808,-2.070936,18.630660,5.378216,-1375.704000,1,10.000000,2.100795,0
6.076252,-2.007808,19.146570,5.607410,-1395.560000,1,10.000000,2.164544,0
6.149677,-1.900579,18.691420,5.409748,-1394.044000,1,10.000000,2.152306,0
6.178328,-1.830121,17.194050,4.920773,-1366.787000,1,10.000000,2.164973,0
5.987400,-1.989129,19.606070,6.008028,-1414.000000,1,10.000000,2.252203,0
6.132373,-2.137223,19.832590,5.776632,-1394.706000,1,10.000000,2.057283,0
6.264488,-1.855621,18.860260,5.475862,-1399.545000,1,10.000000,2.078847,0
6.103534,-1.907158,18.612610,5.619066,-1395.766000,1,10.000000,2.188810,0
6.239205,-2.029844,19.393470,5.574022,-1392.778000,1,10.000000,2.010374,0
5.988546,-1.922408,18.454450,5.377646,-1391.372000,1,10.000000,2.281919,0
5.970911,-1.970133,18.975570,5.891039,-1383.011000,1,10.000000,2.275484,0
6.066785,-2.020873,19.120940,5.813245,-1396.994000,1,10.000000,2.167028,0
5.942644,-1.943428,17.850980,5.216113,-1377.167000,1,10.000000,2.312803,0
5.988122,-1.935552,17.915950,5.227364,-1378.103000,1,10.000000,2.276115,0
5.876876,-2.091494,18.833200,5.706242,-1388.072000,1,10.000000,2.309337,0
5.949777,-2.131109,19.535650,6.018867,-1399.177000,1,10.000000,2.226743,0
5.936178,-1.920042,18.377440,5.381125,-1391.662000,1,10.000000,2.329307,0
5.648872,-1.996905,16.925070,5.246828,-1363.233000,1,10.000000,2.556169,0
5.831560,-2.007774,18.203010,5.678366,-1394.016000,1,10.000000,2.384669,0
5.732783,-1.906684,17.551180,5.268604,-1381.535000,1,10.000000,2.517064,0
5.787426,-1.867214,16.665810,4.870647,161.351200,0,10.000000,2.485696,0
5.768734,-1.896429,18.120260,5.634844,-1397.081000,1,10.000000,2.489260,0
5.939467,-1.896059,18.371330,5.635388,-1397.126000,1,10.000000,2.337623,0
5.948369,-1.931378,19.546170,6.092016,-1418.164000,1,10.000000,2.313254,0
5.398386,-2.236757,19.276490,6.238822,-1402.561000,1,10.000000,2.711261,0
5.498731,-2.016336,16.716540,5.219842,-1360.985000,1,10.000000,2.687739,0
5.427324,-2.197232,18.719320,5.915546,-1390.554000,1,10.000000,2.695013,0
5.689666,-1.963302,16.522760,4.959535,-1354.291000,1,10.000000,2.532269,0
5.324340,-2.195178,18.558400,5.918757,-1390.821000,1,10.000000,2.794082,0
5.621835,-1.978164,16.431100,4.939452,-1352.620000,1,10.000000,2.588401,0
5.547230,-1.920574,17.794510,5.599336,-1394.123000,1,10.000000,2.679784,0
5.338329,-1.898249,16.978280,5.482394,-1392.331000,1,10.000000,2.880685,0
5.350744,-2.353874,19.839640,6.447787,-1405.031000,1,10.000000,2.726910,0
5.500968,-2.011166,16.267770,4.894854,175.063100,0,10.000000,2.687555,0
5.505192,-1.969958,18.271840,5.869545,-1410.156000,1,10.000000,2.699084,0
5.546536,-1.986472,16.329340,4.928225,172.286100,0,10.000000,2.654567,0
5.197638,-2.217691,19.596870,6.426568,-1419.014000,1,10.000000,2.909509,0
5.500354,-1.860776,16.740820,4.995266,-1373.742000,1,10.000000,2.747010,0
5.421430,-1.969399,17.095290,5.400997,-1376.838000,1,10.000000,2.776898,0
5.403301,-1.855483,16.146720,4.886501,-1363.938000,1,10.000000,2.837740,0
5.552039,-1.914477,15.906860,4.702229,174.591000,0,10.000000,2.677849,0
5.457087,-1.972525,18.198500,5.874602,-1403.785000,1,10.000000,2.742647,0
5.340833,-2.376433,19.835530,6.161996,-1396.909000,1,10.000000,2.731301,0
5.471740,-2.125771,18.800350,5.794525,-1396.198000,1,10.000000,2.675140,0
5.524573,-1.949896,16.299660,4.977651,-1355.798000,1,10.000000,2.688951,0
5.567392,-2.148564,18.364290,5.619774,-1380.862000,1,10.000000,2.577309,0
5.473844,-1.932582,17.181260,5.231607,-1378.456000,1,10.000000,2.742416,0
5.440012,-2.014854,18.171290,5.822363,-1397.754000,1,10.000000,2.743000,0
5.444272,-1.911002,16.191150,5.030210,163.799300,0,10.000000,2.778068,0
5.336149,-2.342988,19.827720,6.217739,-1401.566000,1,10.000000,2.743678,0
5.709212,-1.868616,16.560110,4.868752,-1362.462000,1,10.000000,2.554944,0
5.693927,-1.962275,16.528510,4.960924,-1354.406000,1,10.000000,2.528803,0
5.584729,-1.924445,16.847220,5.122655,-1368.627000,1,10.000000,2.643928,0
5.597718,-2.056663,17.347130,5.276335,-1366.454000,1,10.000000,2.580861,0
5.629574,-1.988789,16.909500,5.033290,-1361.190000,1,10.000000,2.577104,0
5.613312,-2.153586,19.009920,5.983744,-1396.245000,1,10.000000,2.532330,0
5.589895,-1.991648,17.335950,5.369213,-1374.190000,1,10.000000,2.612542,0
5.770096,-2.065121,18.671420,5.746203,-1391.403000,1,10.000000,2.417947,0
5.631450,-2.218431,19.664410,6.028194,-1400.721000,1,10.000000,2.494169,0
5.627038,-1.916999,17.400110,5.253869,-1380.309000,1,10.000000,2.608417,0
5.631175,-1.930910,17.406020,5.233995,-1378.655000,1,10.000000,2.598901,0
5.573157,-2.242991,19.558380,6.228767,-1401.721000,1,10.000000,2.542170,0
5.429747,-1.954229,17.107170,5.422669,-1378.643000,1,10.000000,2.774858,0
5.252933,-2.335346,19.676480,6.479809,-1386.950000,1,10.000000,2.826331,0
5.194136,-2.190890,18.959070,6.072616,-1404.429000,1,10.000000,2.920194,0
5.256829,-2.062826,17.367450,5.390141,-1376.697000,1,10.000000,2.898841,0
5.409587,-1.881718,16.155210,4.851048,162.980700,0,10.000000,2.821488,0
5.470976,-2.152046,18.787520,5.986151,-1396.446000,1,10.000000,2.667394,0
5.194285,-2.244500,18.355190,5.841691,-1384.389000,1,10.000000,2.905652,0
5.553527,-1.863649,16.349720,4.875466,-1363.021000,1,10.000000,2.697503,0
5.366909,-2.071669,18.636550,5.879059,-1403.246000,1,10.000000,2.791947,0
5.333768,-1.897782,15.619660,4.724195,172.764800,0,10.000000,2.885079,0
5.466957,-2.010059,18.212110,5.829629,-1398.360000,1,10.000000,2.719613,0
5.421319,-1.873088,16.160130,5.081446,159.535700,0,10.000000,2.814165,0
5.372167,-1.899701,15.670190,4.721671,172.974700,0,10.000000,2.848889,0
5.423017,-1.857749,16.622620,5.215290,-1376.336000,1,10.000000,2.818790,0
6.355874,-1.957222,19.570240,5.684056,-1401.944000,1,10.000000,1.946930,0
6.203891,-2.020437,19.328680,5.813906,-1397.049000,1,10.000000,2.045862,0
6.402827,-1.853467,17.497430,4.889225,-1364.165000,1,10.000000,1.966088,0
5.888661,-1.944508,17.269350,5.094790,-1366.308000,1,10.000000,2.360469,0
5.879952,-2.066998,18.283810,5.384007,-1376.186000,1,10.000000,2.316267,0
5.911726,-1.905467,18.897290,5.762474,-1408.476000,1,10.000000,2.357730,0
5.880481,-2.049679,18.273160,5.637991,-1381.616000,1,10.000000,2.322815,0
5.996216,-1.871556,16.947950,4.864780,-1362.132000,1,10.000000,2.299682,0
5.794768,-2.008461,18.708800,5.832052,-1398.562000,1,10.000000,2.417891,0
5.655810,-1.923216,17.954190,5.595452,-1393.799000,1,10.000000,2.579669,0
5.583798,-2.091560,18.964920,6.073725,-1401.497000,1,10.000000,2.581336,0
5.589178,-2.131167,17.844780,5.518157,-1371.624000,1,10.000000,2.562603,0
5.617203,-2.239519,19.641430,5.994180,-1397.882000,1,10.000000,2.501210,0
5.792930,-1.861235,18.156740,5.683073,-1396.494000,1,10.000000,2.483535,0
5.611756,-2.066889,19.019130,5.886528,-1403.869000,1,10.000000,2.564060,0
5.682500,-2.009151,17.982030,5.698196,-1368.517000,1,10.000000,2.520434,0
5.808730,-2.089320,18.167640,5.579695,-1376.755000,1,10.000000,2.372973,0
5.806735,-1.844140,15.825520,4.480665,176.523000,0,10.000000,2.479199,0
5.695472,-1.934215,17.497870,5.229274,-1378.262000,1,10.000000,2.539045,0
5.838913,-1.856018,15.866780,4.465436,177.787800,0,10.000000,2.445198,0
5.907051,-1.914324,18.323660,5.608528,-1394.888000,1,10.000000,2.357780,0
5.583112,-2.187350,19.586440,6.078323,-1404.905000,1,10.000000,2.549853,0
6.208283,-1.953889,18.230460,5.201169,-1375.923000,1,10.000000,2.074753,0
6.378505,-1.899103,19.604530,5.772115,-1409.279000,1,10.000000,1.959903,0
6.149650,-2.104493,19.847950,6.060452,-1402.648000,1,10.000000,2.055657,0
5.987713,-1.981511,19.606560,6.019931,-1414.993000,1,10.000000,2.255353,0
6.018159,-2.135536,19.654130,5.779267,-1394.926000,1,10.000000,2.162173,0
6.071490,-1.977471,18.023940,5.389466,-1375.877000,1,10.000000,2.182823,0
6.107869,-1.860497,18.620010,5.681559,-1398.404000,1,10.000000,2.208761,0
5.875100,-2.034321,17.743390,5.308251,-1369.112000,1,10.000000,2.334038,0
5.784063,-2.026636,18.703860,5.578883,-1393.183000,1,10.000000,2.420292,0
5.778288,-2.012563,19.279330,5.971411,-1410.947000,1,10.000000,2.431262,0
5.999854,-1.931891,19.030820,5.722437,-1405.141000,1,10.000000,2.267475,0
5.996551,-1.932911,19.621170,6.095232,-1414.175000,1,10.000000,2.269909,0
5.993611,-2.048259,19.615780,5.915637,-1406.296000,1,10.000000,2.220677,0
6.036879,-1.872869,16.544810,4.756975,170.039800,0,10.000000,2.263685,0
5.533316,-1.890147,17.266220,5.292229,-1383.501000,1,10.000000,2.704867,0
5.507811,-2.048836,17.218680,5.287516,-1367.385000,1,10.000000,2.667531,0
5.305425,-2.212192,18.528850,5.892173,-1388.602000,1,10.000000,2.807379,0
5.621937,-1.849844,16.442170,4.894121,159.399800,0,10.000000,2.641599,0
5.435856,-2.135814,18.164990,5.639091,-1382.472000,1,10.000000,2.705855,0
5.467614,-1.903160,15.795780,4.717119,173.353100,0,10.000000,2.759717,0
5.388060,-2.129758,17.549010,5.520229,-1371.797000,1,10.000000,2.753099,0
5.339871,-2.134986,18.019560,5.640347,-1382.577000,1,10.000000,2.797237,0
5.422622,-1.892099,15.725500,4.953173,169.448700,0,10.000000,2.805410,0
5.397301,-1.904078,16.586900,5.150944,154.514400,0,10.000000,2.824019,0
5.551940,-1.900661,16.336650,5.044185,162.636300,0,10.000000,2.683569,0
5.509083,-2.246040,19.467040,5.983663,-1397.004000,1,10.000000,2.602523,0
5.557958,-1.886664,16.355710,4.844364,163.536300,0,10.000000,2.683857,0
5.438222,-2.023246,17.622780,5.676863,-1384.857000,1,10.000000,2.741670,0
5.470942,-1.875057,16.238120,4.860050,162.232200,0,10.000000,2.767965,0
5.689615,-1.848036,17.003690,5.012959,-1375.213000,1,10.000000,2.581647,0
5.516396,-2.018173,18.287020,5.817336,-1397.335000,1,10.000000,2.670632,0
5.402113,-2.092209,18.691560,5.846965,-1400.570000,1,10.000000,2.751927,0
5.427389,-2.065044,17.103790,5.264362,-1365.456000,1,10.000000,2.737237,0
5.715119,-1.940372,18.599400,5.709586,-1404.071000,1,10.000000,2.518629,0
5.413863,-1.993880,18.131670,5.854145,-1400.404000,1,10.000000,2.774956,0
5.536261,-1.986213,18.328400,5.640131,-1398.285000,1,10.000000,2.664165,0
6.177286,-1.903254,18.732010,5.405813,-1393.716000,1,10.000000,2.127238,0
6.266648,-1.947803,19.435050,5.698326,-1403.133000,1,10.000000,2.027714,0
6.222991,-1.952818,19.368900,5.690729,-1402.500000,1,10.000000,2.062608,0
5.317892,-2.327653,19.146660,6.092214,-1390.312000,1,10.000000,2.765096,0
5.409201,-2.081599,18.702630,5.863543,-1401.953000,1,10.000000,2.748764,0
5.437637,-2.302281,19.339800,6.133137,-1393.731000,1,10.000000,2.655657,0
5.276320,-1.982715,15.964190,4.933301,171.863600,0,10.000000,2.907456,0
5.327978,-1.908916,15.600970,4.931045,171.290100,0,10.000000,2.886203,0
5.531685,-1.834152,16.309330,5.134196,172.018200,0,10.000000,2.729795,0
5.347333,-2.227520,19.194150,6.253721,-1403.806000,1,10.000000,2.762855,0
5.276102,-2.282916,19.727640,6.317858,-1409.931000,1,10.000000,2.816706,0
5.453075,-1.926799,15.776650,4.686015,175.938900,0,10.000000,2.763799,0
5.485919,-1.873846,15.819860,4.755690,170.146700,0,10.000000,2.754783,0
6.076144,-1.915079,18.041690,5.256611,-1380.537000,1,10.000000,2.208682,0
6.202798,-2.043650,18.758580,5.418343,-1379.046000,1,10.000000,2.035814,0
6.126489,-1.934464,17.599670,5.108741,-1367.469000,1,10.000000,2.155321,0
5.948574,-2.155366,19.533770,5.980964,-1396.014000,1,10.000000,2.218503,0
6.228322,-1.839946,17.751890,5.024197,-1376.147000,1,10.000000,2.117680,0
6.069750,-1.967119,18.562860,5.531412,-1388.450000,1,10.000000,2.189226,0
6.250157,-1.943069,19.410060,5.705501,-1403.730000,1,10.000000,2.044273,0
5.963362,-1.957685,17.869470,5.417732,-1378.232000,1,10.000000,2.287863,0
6.236109,-1.988382,19.388770,5.636845,-1398.011000,1,10.000000,2.033392,0
6.020773,-2.012161,18.480530,5.686512,-1383.557000,1,10.000000,2.212050,0
6.165523,-1.856759,18.705460,5.673891,-1408.058000,1,10.000000,2.161552,0
5.419929,-1.950405,17.607300,5.555468,-1390.469000,1,10.000000,2.785394,0
5.390439,-1.879645,15.694230,4.748058,170.781000,0,10.000000,2.839895,0
5.568549,-1.934420,16.359090,4.998565,166.432700,0,10.000000,2.654697,0
5.539219,-1.848327,16.319450,5.114908,156.751200,0,10.000000,2.716945,0
5.569087,-1.866085,16.359820,5.090910,-1365.223000,1,10.000000,2.682369,0
5.412959,-1.943343,16.597850,5.326060,-1358.991000,1,10.000000,2.794513,0
5.529778,-2.106384,19.511910,5.979170,-1412.360000,1,10.000000,2.626889,0
5.471839,-1.940124,16.690430,5.100878,-1366.815000,1,10.000000,2.741338,0
5.450274,-1.995646,16.649240,5.248577,162.116600,0,10.000000,2.740407,0
5.429593,-2.009310,17.610190,5.697165,-1369.846000,1,10.000000,2.754716,0
5.624908,-1.903663,17.397070,5.272919,-1381.894000,1,10.000000,2.615916,0
5.547000,-2.015896,18.344670,5.595156,-1394.539000,1,10.000000,2.643041,0
5.515795,-1.960753,16.740240,5.297041,158.079800,0,10.000000,2.692825,0
5.550452,-1.877002,15.486170,4.654354,177.810400,0,10.000000,2.694701,0
5.615204,-1.961948,16.422140,4.961365,169.528300,0,10.000000,2.600924,0
5.638068,-2.062417,19.060240,5.893515,-1404.452000,1,10.000000,2.541217,0
5.647620,-2.074158,19.075160,5.875169,-1402.922000,1,10.000000,2.528018,0
5.548819,-2.113802,18.920790,5.813225,-1397.757000,1,10.000000,2.606461,0
5.409345,-1.973106,16.143940,4.946287,-1353.188000,1,10.000000,2.786755,0
5.522200,-2.000822,16.749130,5.241390,162.715300,0,10.000000,2.671675,0
5.603587,-1.939559,16.863220,5.319172,-1368.012000,1,10.000000,2.620559,0
5.269715,-2.241648,19.068950,6.230934,-1401.902000,1,10.000000,2.833647,0
5.584281,-2.075157,19.599820,6.029536,-1416.559000,1,10.000000,2.586703,0
5.433455,-2.050047,17.615770,5.637452,-1381.571000,1,10.000000,2.736707,0
5.272429,-2.270023,19.721520,6.339346,-1411.726000,1,10.000000,2.823563,0
5.382690,-1.956817,17.552540,5.546039,-1389.683000,1,10.000000,2.817542,0
5.437217,-2.103166,19.362620,5.984362,-1412.792000,1,10.000000,2.715174,0
5.512518,-1.977778,16.735690,5.273394,160.049400,0,10.000000,2.689332,0
5.444054,-2.009054,16.190850,4.897708,-1349.146000,1,10.000000,2.741320,0
5.350643,-2.211504,18.599500,5.893248,-1388.692000,1,10.000000,2.764203,0
5.476583,-2.210230,19.404250,6.264804,-1409.369000,1,10.000000,2.644120,0
5.457757,-1.974443,16.209370,4.944480,-1353.038000,1,10.000000,2.741307,0
5.353320,-1.965771,16.525820,5.065258,-1363.851000,1,10.000000,2.841574,0
6.119324,-1.903870,18.103370,5.272624,-1381.869000,1,10.000000,2.176796,0
6.089081,-2.109679,19.764940,5.819668,-1398.294000,1,10.000000,2.108147,0
6.105140,-2.058686,18.614970,5.396231,-1377.204000,1,10.000000,2.115790,0
6.045802,-2.120041,19.697320,5.803478,-1396.944000,1,10.000000,2.143179,0
5.821856,-1.937785,18.198370,5.574025,-1392.014000,1,10.000000,2.423347,0
6.012870,-1.908575,18.479270,5.616982,-1395.593000,1,10.000000,2.267133,0
6.025859,-2.071220,19.058930,5.736963,-1390.633000,1,10.000000,2.181712,0
5.827434,-1.990003,19.356120,6.006662,-1413.886000,1,10.000000,2.395859,0
5.830802,-1.911111,18.774670,5.753921,-1407.764000,1,10.000000,2.427158,0
6.008664,-1.884448,18.484040,5.433469,-1396.018000,1,10.000000,2.282515,0
5.516220,-2.101096,18.286750,5.691697,-1386.859000,1,10.000000,2.641438,0
5.682252,-1.959770,16.971430,5.298406,-1367.529000,1,10.000000,2.540479,0
5.402302,-2.133647,19.294820,6.164942,-1412.135000,1,10.000000,2.738358,0
5.672457,-1.975613,18.524280,5.880683,-1396.109000,1,10.000000,2.542995,0
5.436383,-2.071517,18.165790,5.736513,-1390.596000,1,10.000000,2.726576,0
5.663088,-1.984706,18.509290,5.868043,-1401.563000,1,10.000000,2.547936,0
5.285619,-2.289634,18.497900,5.771169,-1378.503000,1,10.000000,2.805795,0
5.877402,-1.931009,18.845280,5.723773,-1405.252000,1,10.000000,2.376587,0
5.784315,-1.864261,16.650670,5.093375,158.543100,0,10.000000,2.489812,0
5.771953,-2.070201,17.596030,5.256994,-1364.843000,1,10.000000,2.414274,0
5.671292,-1.872377,16.967440,5.194973,-1374.645000,1,10.000000,2.587356,0
5.765599,-2.116743,19.247870,6.041312,-1401.050000,1,10.000000,2.402642,0
5.515652,-2.145215,18.868970,5.764143,-1393.664000,1,10.000000,2.627288,0
5.823270,-1.952241,17.178530,5.084051,-1365.414000,1,10.000000,2.415771,0
5.627138,-2.031320,17.900600,5.664990,-1383.867000,1,10.000000,2.562970,0
5.831323,-2.019269,17.680850,5.329756,-1370.904000,1,10.000000,2.380125,0
6.386498,-1.934191,19.616640,5.718950,-1404.851000,1,10.000000,1.933736,0
6.131762,-2.123291,19.831630,5.798399,-1396.521000,1,10.000000,2.063718,0
6.164085,-2.022416,19.279650,5.585277,-1393.716000,1,10.000000,2.079965,0
6.052078,-1.839433,18.007310,5.364676,-1389.530000,1,10.000000,2.267447,0
5.889747,-1.940646,17.270850,5.100155,-1366.755000,1,10.000000,2.361228,0
5.903061,-1.943600,18.884160,5.704696,-1403.663000,1,10.000000,2.348006,0
5.903139,-2.002187,18.317910,5.479318,-1384.125000,1,10.000000,2.322166,0
6.073185,-2.008009,19.130640,5.832736,-1398.619000,1,10.000000,2.167178,0
6.042693,-1.902102,17.983870,5.489827,-1382.800000,1,10.000000,2.244200,0
6.079761,-1.870049,17.049920,5.085553,-1364.777000,1,10.000000,2.228028,0
5.904306,-2.058306,18.874760,5.756527,-1392.264000,1,10.000000,2.297547,0
6.188716,-1.960625,18.202510,5.191546,-1375.122000,1,10.000000,2.088313,0
6.297083,-1.873446,18.908190,5.449649,-1397.364000,1,10.000000,2.041825,0
5.717971,-1.971113,18.594020,5.871820,-1407.291000,1,10.000000,2.503251,0
5.673731,-2.233129,19.732610,6.004487,-1398.743000,1,10.000000,2.449412,0
5.912969,-2.129775,19.489770,5.788270,-1395.676000,1,10.000000,2.261193,0
5.956028,-1.949155,18.395680,5.557306,-1390.622000,1,10.000000,2.298282,0
5.727073,-1.899932,16.584250,4.826433,-1358.945000,1,10.000000,2.525143,0
5.711888,-2.198510,19.163950,5.913550,-1390.387000,1,10.000000,2.424426,0
5.795463,-1.931176,18.721130,5.723518,-1405.231000,1,10.000000,2.449973,0
5.868647,-2.136135,19.408880,6.011012,-1398.521000,1,10.000000,2.299767,0
5.806132,-1.920068,18.186200,5.381087,-1391.659000,1,10.000000,2.445263,0
5.887302,-1.833253,16.348000,4.809103,165.706300,0,10.000000,2.413460,0
5.968152,-1.966717,19.576000,6.043046,-1416.920000,1,10.000000,2.279491,0
5.931802,-1.866228,17.835490,5.326398,-1386.344000,1,10.000000,2.358576,0
5.725304,-2.046025,17.529390,5.291531,-1367.720000,1,10.000000,2.466640,0
5.837770,-1.993028,17.690060,5.367242,-1374.026000,1,10.000000,2.385211,0
6.055725,-1.963253,18.542300,5.536573,-1388.895000,1,10.000000,2.203418,0
5.462917,-2.048372,17.670520,5.411399,-1378.468000,1,10.000000,2.709683,0
5.340214,-2.318739,19.182660,6.106592,-1391.513000,1,10.000000,2.745647,0
5.540421,-2.268764,19.505580,6.187196,-1398.248000,1,10.000000,2.565976,0
5.597156,-1.929046,17.867930,5.586878,-1393.085000,1,10.000000,2.630704,0
5.389287,-1.908722,17.060460,5.265693,-1381.293000,1,10.000000,2.829613,0
5.305834,-2.038779,17.439520,5.425506,-1379.643000,1,10.000000,2.860503,0
5.525971,-2.240635,19.482280,6.232567,-1402.038000,1,10.000000,2.587944,0
5.609395,-1.983512,17.885930,5.506781,-1386.413000,1,10.000000,2.597738,0
5.536967,-2.124030,18.318190,5.656946,-1383.961000,1,10.000000,2.614164,0
5.330023,-2.028984,18.004640,5.800955,-1395.969000,1,10.000000,2.841065,0
5.538540,-2.069222,18.320570,5.739990,-1390.885000,1,10.000000,2.631564,0
5.624426,-1.955393,17.385270,5.421006,-1378.505000,1,10.000000,2.595102,0
5.409912,-2.285647,18.692110,5.777399,-1379.023000,1,10.000000,2.686793,0
5.533051,-1.981319,18.323540,5.647545,-1398.903000,1,10.000000,2.668997,0
5.954177,-1.862311,18.393680,5.685277,-1393.713000,1,10.000000,2.340882,0
6.061489,-2.049092,19.721830,5.914337,-1406.188000,1,10.000000,2.159179,0
5.792754,-2.104780,18.705750,5.686114,-1386.393000,1,10.000000,2.381880,0
5.948345,-1.878030,16.428320,4.750186,-1351.845000,1,10.000000,2.338398,0
5.969627,-1.899699,18.426630,5.411041,-1394.151000,1,10.000000,2.309346,0
6.001464,-2.032351,19.021970,5.795854,-1395.543000,1,10.000000,2.220470,0
5.433960,-1.887793,16.177210,5.061575,-1362.782000,1,10.000000,2.796706,0
5.349596,-2.118553,17.492450,5.536706,-1373.171000,1,10.000000,2.793133,0
5.303616,-2.032595,16.445550,5.197260,-1359.104000,1,10.000000,2.864674,0
5.380453,-2.092907,18.646970,6.076278,-1398.271000,1,10.000000,2.772155,0
5.338954,-2.065449,16.494630,5.151628,170.192300,0,10.000000,2.820381,0
5.533583,-2.249379,19.494550,6.218464,-1400.860000,1,10.000000,2.578109,0
5.393514,-2.234634,18.666490,5.857108,-1385.676000,1,10.000000,2.716533,0
5.358726,-1.960405,16.533320,5.072711,-1364.471000,1,10.000000,2.838501,0
5.479137,-2.034192,17.177720,5.308436,-1369.128000,1,10.000000,2.699543,0
5.434934,-1.884745,16.178530,5.065694,-1363.125000,1,10.000000,2.797027,0
5.251625,-2.169235,17.348370,5.462173,-1366.956000,1,10.000000,2.871191,0
5.529552,-1.839095,16.317330,4.908648,158.192200,0,10.000000,2.729619,0
5.442444,-1.857988,15.347690,4.678731,175.783900,0,10.000000,2.800943,0
5.327786,-1.954561,16.961500,5.422194,-1378.604000,1,10.000000,2.869437,0
5.602662,-2.015312,19.004920,5.967118,-1410.589000,1,10.000000,2.591687,0
5.539042,-1.838006,16.330150,4.910118,-1365.901000,1,10.000000,2.721496,0
5.457675,-2.130403,18.766740,6.019969,-1399.269000,1,10.000000,2.686935,0
5.564285,-1.940985,16.353320,4.989694,167.170800,0,10.000000,2.655978,0
5.597655,-1.907686,15.966890,4.711164,173.848200,0,10.000000,2.639017,0
5.410035,-2.112203,17.581300,5.546236,-1373.960000,1,10.000000,2.737901,0
5.435335,-1.897870,16.179070,5.047957,-1361.649000,1,10.000000,2.791451,0
5.361373,-1.966322,16.537000,5.064494,161.708500,0,10.000000,2.833874,0
5.646372,-1.905609,17.417110,5.496592,-1374.108000,1,10.000000,2.595622,0
5.414385,-2.227736,19.314300,6.013184,-1399.469000,1,10.000000,2.698480,0
5.581815,-2.099355,18.386140,5.694333,-1387.078000,1,10.000000,2.580461,0
5.379544,-1.931601,16.103670,5.002374,166.115700,0,10.000000,2.829888,0
5.590153,-1.991370,16.388280,4.921606,172.836900,0,10.000000,2.612412,0
5.705819,-1.954880,18.585310,5.687605,-1402.240000,1,10.000000,2.521020,0
5.902974,-1.958239,19.474150,6.056292,-1418.025000,1,10.000000,2.341535,0
5.727875,-2.105320,19.200560,5.826479,-1398.862000,1,10.000000,2.441926,0
5.787285,-2.068528,18.697460,5.741041,-1390.973000,1,10.000000,2.400780,0
5.608136,-2.153505,19.001830,5.983873,-1396.256000,1,10.000000,2.537236,0
5.746542,-1.996859,17.071960,5.022082,-1360.258000,1,10.000000,2.466650,0
5.591947,-2.076360,18.401490,5.729172,-1389.983000,1,10.000000,2.579114,0
5.555443,-2.204888,19.541820,6.050035,-1402.544000,1,10.000000,2.570615,0
5.828770,-2.177691,19.346570,5.946081,-1393.102000,1,10.000000,2.321730,0
6.371831,-1.834680,17.951210,5.031510,-1376.755000,1,10.000000,2.002225,0
6.461547,-1.956523,19.139100,5.546471,-1389.719000,1,10.000000,1.858946,0
6.210932,-2.024920,18.770550,5.445887,-1381.341000,1,10.000000,2.037534,0
6.245164,-1.930236,18.820890,5.585129,-1392.939000,1,10.000000,2.055200,0
